Date,Year,Rainfall_mm
1884-01-01,1884,0.05
1884-01-02,1884,0.05
1884-01-03,1884,0.0
1884-01-04,1884,0.0
1884-01-05,1884,0.0
1884-01-06,1884,0.0
1884-01-07,1884,0.0
1884-01-08,1884,0.0
1884-01-09,1884,0.0
1884-01-10,1884,0.05
1884-01-11,1884,0.0
1884-01-12,1884,0.0
1884-01-13,1884,0.05
1884-01-14,1884,0.0
1884-01-15,1884,0.0
1884-01-16,1884,0.0
1884-01-17,1884,0.0
1884-01-18,1884,0.0
1884-01-19,1884,0.0
1884-01-20,1884,0.0
1884-01-21,1884,0.0
1884-01-22,1884,0.0
1884-01-23,1884,0.0
1884-01-24,1884,0.0
1884-01-25,1884,0.05
1884-01-26,1884,0.0
1884-01-27,1884,0.0
1884-01-28,1884,0.0
1884-01-29,1884,0.0
1884-01-30,1884,0.05
1884-01-31,1884,0.05
1884-02-01,1884,0.0
1884-02-02,1884,0.3
1884-02-03,1884,32.2
1884-02-04,1884,0.0
1884-02-05,1884,3.7
1884-02-06,1884,0.0
1884-02-07,1884,0.0
1884-02-08,1884,0.0
1884-02-09,1884,0.0
1884-02-10,1884,6.9
1884-02-11,1884,3.1
1884-02-12,1884,30.4
1884-02-13,1884,0.0
1884-02-14,1884,0.0
1884-02-15,1884,1.0
1884-02-16,1884,0.4
1884-02-17,1884,1.0
1884-02-18,1884,1.1
1884-02-19,1884,6.8
1884-02-20,1884,0.2
1884-02-21,1884,0.0
1884-02-22,1884,0.0
1884-02-23,1884,0.0
1884-02-24,1884,0.0
1884-02-25,1884,0.0
1884-02-26,1884,0.0
1884-02-27,1884,0.0
1884-02-28,1884,0.0
1884-02-29,1884,0.0
1884-03-01,1884,0.0
1884-03-02,1884,0.0
1884-03-03,1884,0.0
1884-03-04,1884,0.0
1884-03-05,1884,0.0
1884-03-06,1884,0.0
1884-03-07,1884,50.6
1884-03-08,1884,0.0
1884-03-09,1884,0.8
1884-03-10,1884,0.0
1884-03-11,1884,0.0
1884-03-12,1884,2.2
1884-03-13,1884,0.0
1884-03-14,1884,0.0
1884-03-15,1884,0.0
1884-03-16,1884,0.0
1884-03-17,1884,0.0
1884-03-18,1884,16.0
1884-03-19,1884,14.4
1884-03-20,1884,0.0
1884-03-21,1884,7.6
1884-03-22,1884,25.9
1884-03-23,1884,10.3
1884-03-24,1884,0.0
1884-03-25,1884,0.0
1884-03-26,1884,0.0
1884-03-27,1884,0.0
1884-03-28,1884,0.0
1884-03-29,1884,0.9
1884-03-30,1884,0.0
1884-03-31,1884,19.5
1884-04-01,1884,0.0
1884-04-02,1884,12.0
1884-04-03,1884,3.3
1884-04-04,1884,15.3
1884-04-05,1884,0.5
1884-04-06,1884,0.3
1884-04-07,1884,3.9
1884-04-08,1884,0.8
1884-04-09,1884,0.0
1884-04-10,1884,0.0
1884-04-11,1884,0.0
1884-04-12,1884,35.3
1884-04-13,1884,0.0
1884-04-14,1884,7.3
1884-04-15,1884,0.0
1884-04-16,1884,0.0
1884-04-17,1884,0.0
1884-04-18,1884,2.2
1884-04-19,1884,1.0
1884-04-20,1884,0.0
1884-04-21,1884,18.5
1884-04-22,1884,0.4
1884-04-23,1884,0.0
1884-04-24,1884,0.0
1884-04-25,1884,0.0
1884-04-26,1884,5.8
1884-04-27,1884,27.7
1884-04-28,1884,0.0
1884-04-29,1884,0.0
1884-04-30,1884,0.0
1884-05-01,1884,67.2
1884-05-02,1884,0.0
1884-05-03,1884,3.4
1884-05-04,1884,0.0
1884-05-05,1884,0.9
1884-05-06,1884,4.3
1884-05-07,1884,1.6
1884-05-08,1884,0.3
1884-05-09,1884,13.5
1884-05-10,1884,33.3
1884-05-11,1884,29.8
1884-05-12,1884,3.3
1884-05-13,1884,0.5
1884-05-14,1884,0.0
1884-05-15,1884,0.0
1884-05-16,1884,0.4
1884-05-17,1884,0.0
1884-05-18,1884,16.8
1884-05-19,1884,4.4
1884-05-20,1884,0.0
1884-05-21,1884,0.3
1884-05-22,1884,0.0
1884-05-23,1884,3.6
1884-05-24,1884,0.4
1884-05-25,1884,1.0
1884-05-26,1884,0.2
1884-05-27,1884,0.7
1884-05-28,1884,39.6
1884-05-29,1884,3.7
1884-05-30,1884,0.3
1884-05-31,1884,0.0
1884-06-01,1884,0.0
1884-06-02,1884,0.0
1884-06-03,1884,0.0
1884-06-04,1884,0.0
1884-06-05,1884,14.6
1884-06-06,1884,4.4
1884-06-07,1884,0.1
1884-06-08,1884,0.0
1884-06-09,1884,0.0
1884-06-10,1884,0.6
1884-06-11,1884,8.1
1884-06-12,1884,22.4
1884-06-13,1884,20.7
1884-06-14,1884,0.0
1884-06-15,1884,0.0
1884-06-16,1884,2.8
1884-06-17,1884,24.4
1884-06-18,1884,8.5
1884-06-19,1884,14.5
1884-06-20,1884,34.2
1884-06-21,1884,13.1
1884-06-22,1884,0.1
1884-06-23,1884,0.8
1884-06-24,1884,27.3
1884-06-25,1884,4.1
1884-06-26,1884,0.0
1884-06-27,1884,0.0
1884-06-28,1884,6.9
1884-06-29,1884,7.2
1884-06-30,1884,65.7
1884-07-01,1884,28.5
1884-07-02,1884,24.2
1884-07-03,1884,13.7
1884-07-04,1884,13.1
1884-07-05,1884,0.8
1884-07-06,1884,3.7
1884-07-07,1884,22.5
1884-07-08,1884,9.1
1884-07-09,1884,0.4
1884-07-10,1884,2.8
1884-07-11,1884,0.0
1884-07-12,1884,0.0
1884-07-13,1884,0.0
1884-07-14,1884,0.2
1884-07-15,1884,0.0
1884-07-16,1884,0.0
1884-07-17,1884,6.9
1884-07-18,1884,2.5
1884-07-19,1884,0.0
1884-07-20,1884,0.0
1884-07-21,1884,94.1
1884-07-22,1884,0.0
1884-07-23,1884,5.1
1884-07-24,1884,57.2
1884-07-25,1884,11.1
1884-07-26,1884,2.7
1884-07-27,1884,0.0
1884-07-28,1884,0.0
1884-07-29,1884,8.7
1884-07-30,1884,13.5
1884-07-31,1884,11.5
1884-08-01,1884,0.4
1884-08-02,1884,0.0
1884-08-03,1884,0.0
1884-08-04,1884,0.0
1884-08-05,1884,0.0
1884-08-06,1884,0.0
1884-08-07,1884,0.0
1884-08-08,1884,5.1
1884-08-09,1884,0.0
1884-08-10,1884,0.0
1884-08-11,1884,5.4
1884-08-12,1884,5.1
1884-08-13,1884,45.7
1884-08-14,1884,26.8
1884-08-15,1884,58.4
1884-08-16,1884,25.8
1884-08-17,1884,0.6
1884-08-18,1884,5.1
1884-08-19,1884,0.0
1884-08-20,1884,0.0
1884-08-21,1884,7.0
1884-08-22,1884,0.0
1884-08-23,1884,0.0
1884-08-24,1884,15.3
1884-08-25,1884,0.0
1884-08-26,1884,4.1
1884-08-27,1884,27.2
1884-08-28,1884,27.9
1884-08-29,1884,3.7
1884-08-30,1884,11.4
1884-08-31,1884,0.0
1884-09-01,1884,0.6
1884-09-02,1884,0.1
1884-09-03,1884,0.3
1884-09-04,1884,0.0
1884-09-05,1884,0.1
1884-09-06,1884,0.0
1884-09-07,1884,0.0
1884-09-08,1884,13.7
1884-09-09,1884,1.6
1884-09-10,1884,141.9
1884-09-11,1884,108.1
1884-09-12,1884,25.8
1884-09-13,1884,1.8
1884-09-14,1884,0.3
1884-09-15,1884,0.0
1884-09-16,1884,0.0
1884-09-17,1884,1.3
1884-09-18,1884,3.7
1884-09-19,1884,0.0
1884-09-20,1884,0.0
1884-09-21,1884,0.0
1884-09-22,1884,0.0
1884-09-23,1884,0.0
1884-09-24,1884,0.0
1884-09-25,1884,0.0
1884-09-26,1884,0.3
1884-09-27,1884,12.8
1884-09-28,1884,2.1
1884-09-29,1884,0.0
1884-09-30,1884,0.0
1884-10-01,1884,34.2
1884-10-02,1884,24.3
1884-10-03,1884,3.6
1884-10-04,1884,0.7
1884-10-05,1884,0.0
1884-10-06,1884,0.0
1884-10-07,1884,0.0
1884-10-08,1884,3.8
1884-10-09,1884,0.0
1884-10-10,1884,0.0
1884-10-11,1884,1.0
1884-10-12,1884,0.0
1884-10-13,1884,0.0
1884-10-14,1884,5.1
1884-10-15,1884,0.0
1884-10-16,1884,1.1
1884-10-17,1884,2.8
1884-10-18,1884,0.0
1884-10-19,1884,0.0
1884-10-20,1884,0.0
1884-10-21,1884,0.0
1884-10-22,1884,0.0
1884-10-23,1884,0.0
1884-10-24,1884,0.0
1884-10-25,1884,0.0
1884-10-26,1884,0.0
1884-10-27,1884,0.0
1884-10-28,1884,2.0
1884-10-29,1884,0.0
1884-10-30,1884,0.0
1884-10-31,1884,0.0
1884-11-01,1884,0.0
1884-11-02,1884,4.1
1884-11-03,1884,23.4
1884-11-04,1884,2.1
1884-11-05,1884,0.0
1884-11-06,1884,3.7
1884-11-07,1884,0.0
1884-11-08,1884,0.0
1884-11-09,1884,0.0
1884-11-10,1884,0.0
1884-11-11,1884,0.0
1884-11-12,1884,1.8
1884-11-13,1884,0.0
1884-11-14,1884,0.0
1884-11-15,1884,0.0
1884-11-16,1884,0.0
1884-11-17,1884,0.1
1884-11-18,1884,2.3
1884-11-19,1884,0.5
1884-11-20,1884,0.0
1884-11-21,1884,0.0
1884-11-22,1884,0.0
1884-11-23,1884,0.0
1884-11-24,1884,0.0
1884-11-25,1884,0.0
1884-11-26,1884,0.0
1884-11-27,1884,0.0
1884-11-28,1884,0.0
1884-11-29,1884,0.0
1884-11-30,1884,0.0
1884-12-01,1884,0.0
1884-12-02,1884,0.0
1884-12-03,1884,0.0
1884-12-04,1884,0.0
1884-12-05,1884,0.0
1884-12-08,1884,0.0
1884-12-09,1884,0.0
1884-12-10,1884,0.0
1884-12-11,1884,0.0
1884-12-12,1884,0.0
1884-12-13,1884,0.0
1884-12-14,1884,0.0
1884-12-15,1884,0.0
1884-12-16,1884,0.0
1884-12-17,1884,0.0
1884-12-18,1884,0.0
1884-12-19,1884,0.0
1884-12-20,1884,0.0
1884-12-21,1884,0.0
1884-12-22,1884,0.0
1884-12-23,1884,0.0
1884-12-24,1884,0.0
1884-12-25,1884,0.0
1884-12-26,1884,0.0
1884-12-27,1884,0.0
1884-12-28,1884,0.0
1884-12-29,1884,0.0
1884-12-30,1884,0.0
1884-12-31,1884,0.0
1885-01-01,1885,0.0
1885-01-02,1885,0.0
1885-01-03,1885,0.0
1885-01-04,1885,0.0
1885-01-05,1885,0.0
1885-01-06,1885,0.0
1885-01-07,1885,0.0
1885-01-08,1885,0.0
1885-01-09,1885,0.0
1885-01-10,1885,0.0
1885-01-11,1885,0.0
1885-01-12,1885,0.0
1885-01-13,1885,0.0
1885-01-14,1885,0.0
1885-01-15,1885,0.0
1885-01-16,1885,0.0
1885-01-17,1885,0.0
1885-01-18,1885,2.1
1885-01-19,1885,0.0
1885-01-20,1885,0.0
1885-01-21,1885,0.0
1885-01-22,1885,0.0
1885-01-23,1885,0.0
1885-01-24,1885,0.0
1885-01-25,1885,0.0
1885-01-26,1885,0.0
1885-01-27,1885,18.1
1885-01-28,1885,2.2
1885-01-29,1885,0.0
1885-01-30,1885,0.0
1885-01-31,1885,0.0
1885-02-01,1885,0.0
1885-02-02,1885,0.0
1885-02-03,1885,0.0
1885-02-04,1885,0.7
1885-02-05,1885,0.4
1885-02-06,1885,2.1
1885-02-07,1885,0.0
1885-02-08,1885,2.8
1885-02-09,1885,0.3
1885-02-10,1885,0.0
1885-02-11,1885,0.4
1885-02-12,1885,0.4
1885-02-13,1885,0.0
1885-02-14,1885,0.0
1885-02-15,1885,0.0
1885-02-16,1885,1.1
1885-02-17,1885,0.1
1885-02-18,1885,0.0
1885-02-19,1885,0.0
1885-02-20,1885,0.0
1885-02-21,1885,5.5
1885-02-22,1885,0.0
1885-02-23,1885,5.2
1885-02-24,1885,21.0
1885-02-25,1885,26.8
1885-02-26,1885,2.1
1885-02-27,1885,0.0
1885-02-28,1885,0.0
1885-03-01,1885,0.0
1885-03-02,1885,0.0
1885-03-03,1885,0.0
1885-03-04,1885,0.0
1885-03-05,1885,0.0
1885-03-06,1885,0.0
1885-03-07,1885,0.0
1885-03-08,1885,0.0
1885-03-09,1885,0.2
1885-03-10,1885,1.2
1885-03-11,1885,0.0
1885-03-12,1885,4.6
1885-03-13,1885,7.5
1885-03-14,1885,0.0
1885-03-15,1885,18.1
1885-03-16,1885,0.0
1885-03-17,1885,0.0
1885-03-18,1885,1.4
1885-03-19,1885,1.2
1885-03-20,1885,0.0
1885-03-21,1885,0.3
1885-03-22,1885,0.0
1885-03-23,1885,0.0
1885-03-24,1885,0.0
1885-03-25,1885,5.1
1885-03-26,1885,0.0
1885-03-27,1885,11.0
1885-03-28,1885,11.7
1885-03-29,1885,0.0
1885-03-30,1885,0.0
1885-03-31,1885,0.3
1885-04-01,1885,0.0
1885-04-02,1885,0.0
1885-04-03,1885,0.0
1885-04-04,1885,0.0
1885-04-05,1885,0.0
1885-04-06,1885,0.0
1885-04-07,1885,0.0
1885-04-08,1885,0.0
1885-04-09,1885,6.3
1885-04-10,1885,0.0
1885-04-11,1885,0.0
1885-04-12,1885,0.0
1885-04-13,1885,0.0
1885-04-14,1885,0.0
1885-04-15,1885,0.0
1885-04-16,1885,3.6
1885-04-17,1885,0.0
1885-04-18,1885,1.1
1885-04-19,1885,6.7
1885-04-20,1885,132.4
1885-04-21,1885,102.0
1885-04-22,1885,1.4
1885-04-23,1885,0.4
1885-04-24,1885,0.0
1885-04-25,1885,0.0
1885-04-26,1885,0.0
1885-04-27,1885,0.0
1885-04-28,1885,0.0
1885-04-29,1885,59.3
1885-04-30,1885,64.8
1885-05-01,1885,0.5
1885-05-02,1885,0.5
1885-05-03,1885,2.9
1885-05-04,1885,36.8
1885-05-05,1885,0.0
1885-05-06,1885,0.0
1885-05-07,1885,0.0
1885-05-08,1885,0.0
1885-05-09,1885,0.0
1885-05-10,1885,1.9
1885-05-11,1885,5.0
1885-05-12,1885,2.9
1885-05-13,1885,1.9
1885-05-14,1885,16.2
1885-05-15,1885,2.2
1885-05-16,1885,0.6
1885-05-17,1885,0.0
1885-05-18,1885,0.0
1885-05-19,1885,0.2
1885-05-20,1885,0.0
1885-05-21,1885,5.3
1885-05-22,1885,0.0
1885-05-23,1885,0.0
1885-05-24,1885,9.4
1885-05-25,1885,0.0
1885-05-26,1885,0.0
1885-05-27,1885,0.0
1885-05-28,1885,1.3
1885-05-29,1885,4.1
1885-05-30,1885,9.7
1885-05-31,1885,21.7
1885-06-01,1885,0.0
1885-06-02,1885,0.0
1885-06-03,1885,0.0
1885-06-04,1885,0.4
1885-06-05,1885,0.0
1885-06-06,1885,13.2
1885-06-07,1885,63.7
1885-06-08,1885,175.6
1885-06-09,1885,0.0
1885-06-10,1885,0.1
1885-06-11,1885,123.7
1885-06-12,1885,320.9
1885-06-13,1885,12.6
1885-06-14,1885,0.3
1885-06-15,1885,0.4
1885-06-16,1885,1.3
1885-06-17,1885,0.3
1885-06-18,1885,2.8
1885-06-19,1885,5.8
1885-06-20,1885,12.7
1885-06-21,1885,16.0
1885-06-22,1885,2.0
1885-06-23,1885,5.8
1885-06-24,1885,36.2
1885-06-25,1885,0.0
1885-06-26,1885,0.0
1885-06-27,1885,0.3
1885-06-28,1885,3.2
1885-06-29,1885,0.0
1885-06-30,1885,0.0
1885-07-01,1885,0.9
1885-07-02,1885,75.8
1885-07-03,1885,4.1
1885-07-04,1885,0.0
1885-07-05,1885,28.1
1885-07-06,1885,52.1
1885-07-07,1885,0.3
1885-07-08,1885,0.0
1885-07-09,1885,0.0
1885-07-10,1885,5.1
1885-07-11,1885,0.3
1885-07-12,1885,4.4
1885-07-13,1885,6.4
1885-07-14,1885,0.3
1885-07-15,1885,0.0
1885-07-16,1885,0.0
1885-07-17,1885,0.0
1885-07-18,1885,0.0
1885-07-19,1885,0.0
1885-07-20,1885,0.0
1885-07-21,1885,1.3
1885-07-22,1885,0.0
1885-07-23,1885,0.0
1885-07-24,1885,0.0
1885-07-25,1885,10.3
1885-07-26,1885,1.0
1885-07-27,1885,0.0
1885-07-28,1885,7.4
1885-07-29,1885,108.0
1885-07-30,1885,7.1
1885-07-31,1885,31.8
1885-08-01,1885,16.2
1885-08-02,1885,60.0
1885-08-03,1885,58.3
1885-08-04,1885,55.0
1885-08-05,1885,0.0
1885-08-06,1885,0.0
1885-08-07,1885,0.0
1885-08-08,1885,0.0
1885-08-09,1885,0.0
1885-08-10,1885,0.0
1885-08-11,1885,0.0
1885-08-12,1885,0.0
1885-08-13,1885,35.1
1885-08-14,1885,0.0
1885-08-15,1885,0.0
1885-08-16,1885,0.8
1885-08-17,1885,43.3
1885-08-18,1885,22.4
1885-08-19,1885,8.7
1885-08-20,1885,1.6
1885-08-21,1885,0.0
1885-08-22,1885,0.0
1885-08-23,1885,25.3
1885-08-24,1885,0.6
1885-08-25,1885,25.7
1885-08-26,1885,166.6
1885-08-27,1885,19.0
1885-08-28,1885,45.1
1885-08-29,1885,60.1
1885-08-30,1885,7.0
1885-08-31,1885,57.6
1885-09-01,1885,8.8
1885-09-02,1885,4.7
1885-09-03,1885,0.1
1885-09-04,1885,0.0
1885-09-05,1885,6.1
1885-09-06,1885,0.8
1885-09-07,1885,57.6
1885-09-08,1885,1.9
1885-09-09,1885,8.3
1885-09-10,1885,24.4
1885-09-11,1885,22.4
1885-09-12,1885,0.0
1885-09-13,1885,1.7
1885-09-14,1885,0.0
1885-09-15,1885,0.0
1885-09-16,1885,0.4
1885-09-17,1885,1.8
1885-09-18,1885,1.0
1885-09-19,1885,0.0
1885-09-20,1885,0.0
1885-09-21,1885,0.0
1885-09-22,1885,0.0
1885-09-23,1885,0.0
1885-09-24,1885,0.0
1885-09-25,1885,0.0
1885-09-26,1885,0.0
1885-09-27,1885,2.8
1885-09-28,1885,0.0
1885-09-29,1885,6.0
1885-09-30,1885,0.0
1885-10-01,1885,0.0
1885-10-02,1885,0.0
1885-10-03,1885,0.0
1885-10-04,1885,0.0
1885-10-05,1885,0.0
1885-10-06,1885,1.5
1885-10-07,1885,0.0
1885-10-08,1885,53.8
1885-10-09,1885,0.0
1885-10-10,1885,0.0
1885-10-11,1885,0.0
1885-10-12,1885,0.0
1885-10-13,1885,6.4
1885-10-14,1885,0.0
1885-10-15,1885,0.0
1885-10-16,1885,0.0
1885-10-17,1885,1.4
1885-10-18,1885,0.5
1885-10-19,1885,0.0
1885-10-20,1885,0.0
1885-10-21,1885,0.0
1885-10-22,1885,0.1
1885-10-23,1885,0.0
1885-10-24,1885,0.0
1885-10-25,1885,0.0
1885-10-26,1885,0.0
1885-10-27,1885,0.0
1885-10-28,1885,0.0
1885-10-29,1885,0.0
1885-10-30,1885,0.0
1885-10-31,1885,0.0
1885-11-01,1885,0.0
1885-11-02,1885,0.1
1885-11-03,1885,0.0
1885-11-04,1885,13.7
1885-11-05,1885,0.0
1885-11-06,1885,0.0
1885-11-07,1885,0.0
1885-11-08,1885,0.0
1885-11-09,1885,0.1
1885-11-10,1885,0.1
1885-11-11,1885,0.8
1885-11-12,1885,0.0
1885-11-13,1885,0.0
1885-11-14,1885,0.0
1885-11-15,1885,0.0
1885-11-16,1885,0.0
1885-11-17,1885,0.0
1885-11-18,1885,0.0
1885-11-19,1885,0.0
1885-11-20,1885,0.0
1885-11-21,1885,0.0
1885-11-22,1885,0.0
1885-11-23,1885,0.0
1885-11-24,1885,0.0
1885-11-25,1885,4.6
1885-11-26,1885,0.0
1885-11-27,1885,0.0
1885-11-28,1885,0.0
1885-11-29,1885,0.0
1885-11-30,1885,0.0
1885-12-01,1885,0.0
1885-12-02,1885,0.0
1885-12-03,1885,0.0
1885-12-04,1885,0.0
1885-12-05,1885,0.0
1885-12-06,1885,0.0
1885-12-07,1885,0.0
1885-12-08,1885,0.0
1885-12-09,1885,3.3
1885-12-10,1885,0.1
1885-12-11,1885,0.5
1885-12-12,1885,0.0
1885-12-13,1885,0.0
1885-12-14,1885,0.0
1885-12-15,1885,0.0
1885-12-16,1885,0.0
1885-12-17,1885,0.0
1885-12-18,1885,0.0
1885-12-19,1885,0.0
1885-12-20,1885,0.0
1885-12-21,1885,0.0
1885-12-22,1885,0.3
1885-12-23,1885,0.0
1885-12-24,1885,0.1
1885-12-25,1885,26.1
1885-12-26,1885,1.4
1885-12-27,1885,0.0
1885-12-28,1885,0.0
1885-12-29,1885,0.0
1885-12-30,1885,0.0
1885-12-31,1885,0.0
1886-01-01,1886,0.0
1886-01-02,1886,0.0
1886-01-03,1886,0.0
1886-01-04,1886,0.0
1886-01-05,1886,0.0
1886-01-06,1886,0.0
1886-01-07,1886,0.0
1886-01-08,1886,0.0
1886-01-09,1886,0.0
1886-01-10,1886,0.0
1886-01-11,1886,0.0
1886-01-12,1886,0.0
1886-01-13,1886,0.0
1886-01-14,1886,0.6
1886-01-15,1886,0.0
1886-01-16,1886,0.0
1886-01-17,1886,0.0
1886-01-18,1886,0.0
1886-01-19,1886,0.0
1886-01-20,1886,0.6
1886-01-21,1886,0.0
1886-01-22,1886,2.6
1886-01-23,1886,1.3
1886-01-24,1886,0.0
1886-01-25,1886,7.2
1886-01-26,1886,0.6
1886-01-27,1886,0.0
1886-01-28,1886,18.2
1886-01-29,1886,19.6
1886-01-30,1886,0.5
1886-01-31,1886,0.0
1886-02-01,1886,0.0
1886-02-02,1886,0.1
1886-02-03,1886,0.0
1886-02-04,1886,0.4
1886-02-05,1886,12.8
1886-02-06,1886,9.3
1886-02-07,1886,0.0
1886-02-08,1886,0.0
1886-02-09,1886,0.0
1886-02-10,1886,13.5
1886-02-11,1886,0.0
1886-02-12,1886,0.0
1886-02-13,1886,0.0
1886-02-14,1886,0.0
1886-02-15,1886,0.0
1886-02-16,1886,0.2
1886-02-17,1886,0.0
1886-02-18,1886,0.0
1886-02-19,1886,0.1
1886-02-20,1886,0.0
1886-02-21,1886,0.0
1886-02-22,1886,0.0
1886-02-23,1886,0.3
1886-02-24,1886,0.6
1886-02-25,1886,0.0
1886-02-26,1886,0.7
1886-02-27,1886,0.5
1886-02-28,1886,0.0
1886-03-01,1886,0.0
1886-03-02,1886,0.0
1886-03-03,1886,0.1
1886-03-04,1886,0.0
1886-03-05,1886,0.0
1886-03-06,1886,0.0
1886-03-07,1886,0.0
1886-03-08,1886,0.0
1886-03-09,1886,0.0
1886-03-10,1886,0.1
1886-03-11,1886,0.3
1886-03-12,1886,0.0
1886-03-13,1886,0.0
1886-03-14,1886,17.8
1886-03-15,1886,9.2
1886-03-16,1886,0.1
1886-03-17,1886,0.2
1886-03-18,1886,0.1
1886-03-19,1886,0.1
1886-03-20,1886,0.1
1886-03-21,1886,0.0
1886-03-22,1886,0.0
1886-03-23,1886,4.3
1886-03-24,1886,24.6
1886-03-25,1886,2.7
1886-03-26,1886,0.7
1886-03-27,1886,4.1
1886-03-28,1886,0.2
1886-03-29,1886,0.2
1886-03-30,1886,0.0
1886-03-31,1886,0.6
1886-04-01,1886,0.0
1886-04-02,1886,0.1
1886-04-03,1886,0.0
1886-04-04,1886,0.0
1886-04-05,1886,0.2
1886-04-06,1886,0.0
1886-04-07,1886,0.0
1886-04-08,1886,0.0
1886-04-09,1886,0.0
1886-04-10,1886,0.2
1886-04-11,1886,0.1
1886-04-12,1886,11.9
1886-04-13,1886,9.1
1886-04-14,1886,14.6
1886-04-15,1886,2.5
1886-04-16,1886,9.3
1886-04-17,1886,12.0
1886-04-18,1886,0.0
1886-04-19,1886,0.0
1886-04-20,1886,32.8
1886-04-21,1886,0.0
1886-04-22,1886,0.0
1886-04-23,1886,0.0
1886-04-24,1886,46.1
1886-04-25,1886,0.0
1886-04-26,1886,0.0
1886-04-27,1886,0.0
1886-04-28,1886,5.3
1886-04-29,1886,0.0
1886-04-30,1886,0.0
1886-05-01,1886,0.1
1886-05-02,1886,0.0
1886-05-03,1886,0.1
1886-05-04,1886,0.0
1886-05-05,1886,0.1
1886-05-06,1886,1.3
1886-05-07,1886,0.1
1886-05-08,1886,0.0
1886-05-09,1886,0.0
1886-05-10,1886,32.1
1886-05-11,1886,0.3
1886-05-12,1886,0.0
1886-05-13,1886,0.0
1886-05-14,1886,0.0
1886-05-15,1886,0.3
1886-05-16,1886,0.0
1886-05-17,1886,0.0
1886-05-18,1886,0.1
1886-05-19,1886,0.0
1886-05-20,1886,0.0
1886-05-21,1886,0.0
1886-05-22,1886,0.1
1886-05-23,1886,0.0
1886-05-24,1886,0.0
1886-05-25,1886,1.1
1886-05-26,1886,0.0
1886-05-27,1886,0.0
1886-05-28,1886,0.0
1886-05-29,1886,0.4
1886-05-30,1886,0.0
1886-05-31,1886,8.8
1886-06-01,1886,59.2
1886-06-02,1886,18.8
1886-06-03,1886,6.4
1886-06-04,1886,66.0
1886-06-05,1886,1.3
1886-06-06,1886,1.3
1886-06-07,1886,0.0
1886-06-08,1886,17.4
1886-06-09,1886,0.4
1886-06-10,1886,0.1
1886-06-11,1886,0.0
1886-06-12,1886,8.9
1886-06-13,1886,20.2
1886-06-14,1886,0.6
1886-06-15,1886,0.0
1886-06-16,1886,0.0
1886-06-17,1886,0.0
1886-06-18,1886,0.0
1886-06-19,1886,16.2
1886-06-20,1886,0.0
1886-06-21,1886,0.0
1886-06-22,1886,0.1
1886-06-23,1886,0.0
1886-06-24,1886,0.0
1886-06-25,1886,6.8
1886-06-26,1886,3.7
1886-06-27,1886,2.4
1886-06-28,1886,18.1
1886-06-29,1886,20.0
1886-06-30,1886,2.5
1886-07-01,1886,8.4
1886-07-02,1886,6.8
1886-07-03,1886,0.0
1886-07-04,1886,0.0
1886-07-05,1886,0.0
1886-07-06,1886,0.0
1886-07-07,1886,20.1
1886-07-08,1886,37.7
1886-07-09,1886,14.0
1886-07-10,1886,1.6
1886-07-11,1886,31.2
1886-07-12,1886,4.5
1886-07-13,1886,2.5
1886-07-14,1886,38.7
1886-07-15,1886,342.3
1886-07-16,1886,42.3
1886-07-17,1886,58.3
1886-07-18,1886,33.1
1886-07-19,1886,11.2
1886-07-20,1886,2.5
1886-07-21,1886,0.0
1886-07-22,1886,10.0
1886-07-23,1886,11.2
1886-07-24,1886,1.7
1886-07-25,1886,0.8
1886-07-26,1886,13.8
1886-07-27,1886,21.3
1886-07-28,1886,0.0
1886-07-29,1886,0.8
1886-07-30,1886,2.0
1886-07-31,1886,0.9
1886-08-01,1886,7.6
1886-08-02,1886,0.2
1886-08-03,1886,2.1
1886-08-04,1886,0.3
1886-08-05,1886,0.0
1886-08-06,1886,0.0
1886-08-07,1886,0.0
1886-08-08,1886,0.0
1886-08-09,1886,8.1
1886-08-10,1886,0.8
1886-08-11,1886,6.1
1886-08-12,1886,0.0
1886-08-13,1886,0.0
1886-08-14,1886,0.0
1886-08-15,1886,0.0
1886-08-16,1886,16.8
1886-08-17,1886,0.1
1886-08-18,1886,0.5
1886-08-19,1886,0.1
1886-08-20,1886,0.0
1886-08-21,1886,0.1
1886-08-22,1886,0.9
1886-08-23,1886,0.0
1886-08-24,1886,5.9
1886-08-25,1886,51.1
1886-08-26,1886,107.4
1886-08-27,1886,6.9
1886-08-28,1886,0.1
1886-08-29,1886,0.0
1886-08-30,1886,0.0
1886-08-31,1886,15.6
1886-09-01,1886,6.8
1886-09-02,1886,0.4
1886-09-03,1886,0.0
1886-09-04,1886,0.0
1886-09-05,1886,26.3
1886-09-06,1886,0.0
1886-09-07,1886,0.0
1886-09-08,1886,0.0
1886-09-09,1886,0.5
1886-09-10,1886,0.0
1886-09-11,1886,0.0
1886-09-12,1886,0.0
1886-09-13,1886,0.0
1886-09-14,1886,0.0
1886-09-15,1886,0.0
1886-09-16,1886,0.0
1886-09-17,1886,0.0
1886-09-18,1886,0.0
1886-09-19,1886,0.5
1886-09-20,1886,1.0
1886-09-21,1886,13.7
1886-09-22,1886,25.1
1886-09-23,1886,0.0
1886-09-24,1886,0.0
1886-09-25,1886,0.0
1886-09-26,1886,0.0
1886-09-27,1886,1.8
1886-09-28,1886,0.0
1886-09-29,1886,0.0
1886-09-30,1886,0.0
1886-10-01,1886,0.0
1886-10-02,1886,0.0
1886-10-03,1886,0.0
1886-10-04,1886,0.0
1886-10-05,1886,0.0
1886-10-06,1886,0.0
1886-10-07,1886,0.0
1886-10-08,1886,0.0
1886-10-09,1886,0.0
1886-10-10,1886,0.0
1886-10-11,1886,0.0
1886-10-12,1886,56.8
1886-10-13,1886,0.1
1886-10-14,1886,0.5
1886-10-15,1886,0.0
1886-10-16,1886,0.0
1886-10-17,1886,0.0
1886-10-18,1886,0.2
1886-10-19,1886,0.0
1886-10-20,1886,0.0
1886-10-21,1886,0.0
1886-10-22,1886,2.1
1886-10-23,1886,0.0
1886-10-24,1886,0.0
1886-10-25,1886,0.0
1886-10-26,1886,2.1
1886-10-27,1886,9.7
1886-10-28,1886,0.0
1886-10-29,1886,0.0
1886-10-30,1886,0.0
1886-10-31,1886,0.0
1886-11-01,1886,0.0
1886-11-02,1886,0.0
1886-11-03,1886,0.0
1886-11-04,1886,0.0
1886-11-05,1886,0.0
1886-11-06,1886,0.0
1886-11-07,1886,0.0
1886-11-08,1886,0.1
1886-11-09,1886,0.0
1886-11-10,1886,0.2
1886-11-11,1886,0.7
1886-11-12,1886,0.0
1886-11-13,1886,0.0
1886-11-14,1886,0.0
1886-11-15,1886,0.0
1886-11-16,1886,0.0
1886-11-17,1886,0.0
1886-11-18,1886,0.0
1886-11-19,1886,0.0
1886-11-20,1886,0.0
1886-11-21,1886,0.0
1886-11-22,1886,0.0
1886-11-23,1886,0.0
1886-11-24,1886,0.0
1886-11-25,1886,0.0
1886-11-26,1886,0.0
1886-11-27,1886,0.1
1886-11-28,1886,0.0
1886-11-29,1886,0.0
1886-11-30,1886,0.0
1886-12-01,1886,0.0
1886-12-02,1886,0.0
1886-12-03,1886,0.0
1886-12-04,1886,0.0
1886-12-05,1886,0.0
1886-12-06,1886,0.0
1886-12-07,1886,0.0
1886-12-08,1886,0.0
1886-12-09,1886,0.0
1886-12-10,1886,0.0
1886-12-11,1886,0.0
1886-12-12,1886,0.0
1886-12-13,1886,3.1
1886-12-14,1886,1.0
1886-12-15,1886,0.0
1886-12-16,1886,0.0
1886-12-17,1886,0.0
1886-12-18,1886,0.0
1886-12-19,1886,0.0
1886-12-20,1886,0.0
1886-12-21,1886,7.5
1886-12-22,1886,28.4
1886-12-23,1886,5.1
1886-12-24,1886,0.0
1886-12-25,1886,0.0
1886-12-26,1886,0.0
1886-12-27,1886,0.0
1886-12-28,1886,0.0
1886-12-29,1886,0.0
1886-12-30,1886,0.0
1886-12-31,1886,0.0
1887-01-01,1887,0.0
1887-01-02,1887,0.0
1887-01-03,1887,0.0
1887-01-04,1887,0.0
1887-01-05,1887,0.0
1887-01-06,1887,0.0
1887-01-07,1887,0.0
1887-01-08,1887,0.0
1887-01-09,1887,0.0
1887-01-10,1887,0.0
1887-01-11,1887,0.1
1887-01-12,1887,0.3
1887-01-13,1887,0.0
1887-01-14,1887,0.0
1887-01-15,1887,0.0
1887-01-16,1887,0.0
1887-01-17,1887,0.2
1887-01-18,1887,0.1
1887-01-19,1887,0.0
1887-01-20,1887,0.0
1887-01-21,1887,0.0
1887-01-22,1887,0.0
1887-01-23,1887,1.7
1887-01-24,1887,0.3
1887-01-25,1887,52.1
1887-01-26,1887,99.8
1887-01-27,1887,20.4
1887-01-28,1887,26.1
1887-01-29,1887,5.5
1887-01-30,1887,0.2
1887-01-31,1887,7.5
1887-02-01,1887,22.6
1887-02-02,1887,8.0
1887-02-03,1887,0.9
1887-02-04,1887,0.0
1887-02-05,1887,0.0
1887-02-06,1887,6.9
1887-02-07,1887,7.3
1887-02-08,1887,1.2
1887-02-09,1887,0.0
1887-02-10,1887,0.0
1887-02-11,1887,0.0
1887-02-12,1887,0.0
1887-02-13,1887,0.0
1887-02-14,1887,0.1
1887-02-15,1887,0.0
1887-02-16,1887,0.0
1887-02-17,1887,0.0
1887-02-18,1887,0.0
1887-02-19,1887,0.0
1887-02-20,1887,0.0
1887-02-21,1887,0.0
1887-02-22,1887,0.3
1887-02-23,1887,0.0
1887-02-24,1887,0.0
1887-02-25,1887,0.0
1887-02-26,1887,0.0
1887-02-27,1887,0.2
1887-02-28,1887,0.4
1887-03-01,1887,27.8
1887-03-02,1887,4.4
1887-03-03,1887,0.1
1887-03-04,1887,1.5
1887-03-05,1887,4.8
1887-03-06,1887,0.0
1887-03-07,1887,0.5
1887-03-08,1887,0.3
1887-03-09,1887,0.0
1887-03-10,1887,0.0
1887-03-11,1887,0.0
1887-03-12,1887,0.1
1887-03-13,1887,0.4
1887-03-14,1887,0.0
1887-03-15,1887,0.0
1887-03-16,1887,3.8
1887-03-17,1887,16.4
1887-03-18,1887,10.3
1887-03-19,1887,2.5
1887-03-20,1887,0.0
1887-03-21,1887,0.0
1887-03-22,1887,0.0
1887-03-23,1887,1.3
1887-03-24,1887,0.0
1887-03-25,1887,0.0
1887-03-26,1887,0.0
1887-03-27,1887,0.0
1887-03-28,1887,0.0
1887-03-29,1887,0.0
1887-03-30,1887,0.1
1887-03-31,1887,0.4
1887-04-01,1887,0.0
1887-04-02,1887,0.0
1887-04-03,1887,0.0
1887-04-04,1887,0.0
1887-04-05,1887,0.0
1887-04-06,1887,0.0
1887-04-07,1887,0.0
1887-04-08,1887,0.0
1887-04-09,1887,0.1
1887-04-10,1887,0.0
1887-04-11,1887,0.3
1887-04-12,1887,81.3
1887-04-13,1887,0.4
1887-04-14,1887,1.2
1887-04-15,1887,0.0
1887-04-16,1887,0.0
1887-04-17,1887,0.0
1887-04-18,1887,0.1
1887-04-19,1887,0.0
1887-04-20,1887,5.8
1887-04-21,1887,10.0
1887-04-22,1887,1.6
1887-04-23,1887,28.6
1887-04-24,1887,9.4
1887-04-25,1887,0.0
1887-04-26,1887,0.0
1887-04-27,1887,0.9
1887-04-28,1887,1.0
1887-04-29,1887,0.0
1887-04-30,1887,2.8
1887-05-01,1887,0.0
1887-05-02,1887,1.5
1887-05-03,1887,2.6
1887-05-04,1887,0.0
1887-05-05,1887,0.2
1887-05-06,1887,0.0
1887-05-07,1887,0.2
1887-05-08,1887,1.3
1887-05-09,1887,0.0
1887-05-10,1887,0.1
1887-05-11,1887,1.1
1887-05-12,1887,1.6
1887-05-13,1887,0.0
1887-05-14,1887,0.5
1887-05-15,1887,0.1
1887-05-16,1887,0.0
1887-05-17,1887,0.0
1887-05-18,1887,0.0
1887-05-19,1887,1.8
1887-05-20,1887,0.0
1887-05-21,1887,0.1
1887-05-22,1887,0.0
1887-05-23,1887,0.0
1887-05-24,1887,0.0
1887-05-25,1887,0.0
1887-05-26,1887,12.2
1887-05-27,1887,0.6
1887-05-28,1887,0.0
1887-05-29,1887,0.0
1887-05-30,1887,28.2
1887-05-31,1887,0.0
1887-06-01,1887,0.0
1887-06-02,1887,5.1
1887-06-03,1887,0.4
1887-06-04,1887,21.5
1887-06-05,1887,0.0
1887-06-06,1887,0.1
1887-06-07,1887,1.7
1887-06-08,1887,1.1
1887-06-09,1887,20.5
1887-06-10,1887,22.9
1887-06-11,1887,9.3
1887-06-12,1887,8.7
1887-06-13,1887,0.1
1887-06-14,1887,0.2
1887-06-15,1887,3.2
1887-06-16,1887,0.0
1887-06-17,1887,5.5
1887-06-18,1887,2.4
1887-06-19,1887,8.6
1887-06-20,1887,2.4
1887-06-21,1887,0.0
1887-06-22,1887,5.7
1887-06-23,1887,9.7
1887-06-24,1887,4.4
1887-06-25,1887,5.1
1887-06-26,1887,0.9
1887-06-27,1887,0.0
1887-06-28,1887,0.0
1887-06-29,1887,0.0
1887-06-30,1887,0.0
1887-07-01,1887,5.1
1887-07-02,1887,2.0
1887-07-03,1887,0.3
1887-07-04,1887,7.3
1887-07-05,1887,57.0
1887-07-06,1887,9.9
1887-07-07,1887,5.0
1887-07-08,1887,8.2
1887-07-09,1887,4.0
1887-07-10,1887,31.1
1887-07-11,1887,2.3
1887-07-12,1887,0.6
1887-07-13,1887,0.0
1887-07-14,1887,0.0
1887-07-15,1887,0.0
1887-07-16,1887,9.6
1887-07-17,1887,2.8
1887-07-18,1887,18.9
1887-07-19,1887,24.3
1887-07-20,1887,25.1
1887-07-21,1887,15.2
1887-07-22,1887,9.8
1887-07-23,1887,0.0
1887-07-24,1887,8.6
1887-07-25,1887,27.5
1887-07-26,1887,0.0
1887-07-27,1887,0.0
1887-07-28,1887,0.0
1887-07-29,1887,25.3
1887-07-30,1887,7.4
1887-07-31,1887,0.0
1887-08-01,1887,0.0
1887-08-02,1887,0.0
1887-08-03,1887,0.0
1887-08-04,1887,0.9
1887-08-05,1887,0.0
1887-08-06,1887,0.0
1887-08-07,1887,0.0
1887-08-08,1887,0.0
1887-08-09,1887,0.0
1887-08-10,1887,0.0
1887-08-11,1887,0.0
1887-08-12,1887,2.4
1887-08-13,1887,0.0
1887-08-14,1887,0.5
1887-08-15,1887,81.6
1887-08-16,1887,19.0
1887-08-17,1887,27.1
1887-08-18,1887,0.0
1887-08-19,1887,0.0
1887-08-20,1887,6.0
1887-08-21,1887,72.0
1887-08-22,1887,20.5
1887-08-23,1887,0.4
1887-08-24,1887,0.0
1887-08-25,1887,10.6
1887-08-26,1887,71.6
1887-08-27,1887,19.0
1887-08-28,1887,0.0
1887-08-29,1887,0.0
1887-08-30,1887,0.0
1887-08-31,1887,2.6
1887-09-01,1887,0.9
1887-09-02,1887,0.0
1887-09-03,1887,5.4
1887-09-04,1887,17.7
1887-09-05,1887,0.5
1887-09-06,1887,0.0
1887-09-07,1887,1.6
1887-09-08,1887,0.0
1887-09-09,1887,0.0
1887-09-10,1887,0.0
1887-09-11,1887,22.5
1887-09-12,1887,26.2
1887-09-13,1887,4.2
1887-09-14,1887,8.4
1887-09-15,1887,7.8
1887-09-16,1887,1.9
1887-09-17,1887,148.7
1887-09-18,1887,5.7
1887-09-19,1887,4.5
1887-09-20,1887,0.1
1887-09-21,1887,8.0
1887-09-22,1887,1.8
1887-09-23,1887,0.0
1887-09-24,1887,0.0
1887-09-25,1887,5.9
1887-09-26,1887,3.3
1887-09-27,1887,0.0
1887-09-28,1887,0.0
1887-09-29,1887,0.6
1887-09-30,1887,2.5
1887-10-01,1887,4.2
1887-10-02,1887,0.0
1887-10-03,1887,0.3
1887-10-04,1887,0.0
1887-10-05,1887,0.5
1887-10-06,1887,0.0
1887-10-07,1887,0.0
1887-10-08,1887,0.0
1887-10-09,1887,0.0
1887-10-10,1887,0.0
1887-10-11,1887,0.0
1887-10-12,1887,0.0
1887-10-13,1887,0.0
1887-10-14,1887,0.0
1887-10-15,1887,0.0
1887-10-16,1887,0.0
1887-10-17,1887,0.0
1887-10-18,1887,42.2
1887-10-19,1887,4.0
1887-10-20,1887,0.5
1887-10-21,1887,0.0
1887-10-22,1887,0.0
1887-10-23,1887,0.0
1887-10-24,1887,0.0
1887-10-25,1887,0.0
1887-10-26,1887,0.0
1887-10-27,1887,0.0
1887-10-28,1887,0.0
1887-10-29,1887,0.0
1887-10-30,1887,0.0
1887-10-31,1887,0.0
1887-11-01,1887,0.0
1887-11-02,1887,0.0
1887-11-03,1887,0.0
1887-11-04,1887,0.0
1887-11-05,1887,0.0
1887-11-06,1887,0.0
1887-11-07,1887,0.0
1887-11-08,1887,0.0
1887-11-09,1887,0.0
1887-11-10,1887,0.0
1887-11-11,1887,0.0
1887-11-12,1887,0.1
1887-11-13,1887,0.7
1887-11-14,1887,0.3
1887-11-15,1887,0.0
1887-11-16,1887,0.0
1887-11-17,1887,0.0
1887-11-18,1887,0.0
1887-11-19,1887,0.0
1887-11-20,1887,0.0
1887-11-21,1887,0.0
1887-11-22,1887,0.0
1887-11-23,1887,0.0
1887-11-24,1887,0.0
1887-11-25,1887,0.0
1887-11-26,1887,0.0
1887-11-27,1887,0.0
1887-11-28,1887,0.0
1887-11-29,1887,4.6
1887-11-30,1887,14.2
1887-12-01,1887,0.0
1887-12-02,1887,0.1
1887-12-03,1887,21.3
1887-12-04,1887,0.0
1887-12-05,1887,0.0
1887-12-06,1887,0.0
1887-12-07,1887,0.0
1887-12-08,1887,0.0
1887-12-09,1887,0.0
1887-12-10,1887,0.0
1887-12-11,1887,0.0
1887-12-12,1887,0.0
1887-12-13,1887,0.0
1887-12-14,1887,0.0
1887-12-15,1887,0.2
1887-12-16,1887,0.0
1887-12-17,1887,0.0
1887-12-18,1887,0.0
1887-12-19,1887,0.0
1887-12-20,1887,0.0
1887-12-21,1887,0.0
1887-12-22,1887,0.1
1887-12-23,1887,0.0
1887-12-24,1887,0.0
1887-12-25,1887,0.0
1887-12-26,1887,0.0
1887-12-27,1887,0.0
1887-12-28,1887,0.0
1887-12-29,1887,0.0
1887-12-30,1887,0.0
1887-12-31,1887,0.0
1888-01-01,1888,0.0
1888-01-02,1888,0.0
1888-01-03,1888,0.0
1888-01-04,1888,0.0
1888-01-05,1888,0.0
1888-01-06,1888,0.0
1888-01-07,1888,0.0
1888-01-08,1888,0.0
1888-01-09,1888,0.0
1888-01-10,1888,0.3
1888-01-11,1888,0.0
1888-01-12,1888,0.0
1888-01-13,1888,0.0
1888-01-14,1888,0.0
1888-01-15,1888,0.1
1888-01-16,1888,0.0
1888-01-17,1888,0.0
1888-01-18,1888,0.1
1888-01-19,1888,0.0
1888-01-20,1888,0.0
1888-01-21,1888,0.0
1888-01-22,1888,0.0
1888-01-23,1888,0.0
1888-01-24,1888,0.0
1888-01-25,1888,0.0
1888-01-26,1888,0.0
1888-01-27,1888,0.0
1888-01-28,1888,0.0
1888-01-29,1888,0.0
1888-01-30,1888,0.2
1888-01-31,1888,3.9
1888-02-01,1888,21.7
1888-02-02,1888,22.2
1888-02-03,1888,1.3
1888-02-04,1888,0.0
1888-02-05,1888,0.0
1888-02-06,1888,1.3
1888-02-07,1888,5.5
1888-02-08,1888,1.5
1888-02-09,1888,0.0
1888-02-10,1888,0.0
1888-02-11,1888,0.0
1888-02-12,1888,0.0
1888-02-13,1888,0.1
1888-02-14,1888,0.5
1888-02-15,1888,0.0
1888-02-16,1888,0.1
1888-02-17,1888,0.8
1888-02-18,1888,0.0
1888-02-19,1888,2.2
1888-02-20,1888,24.1
1888-02-21,1888,10.3
1888-02-22,1888,2.1
1888-02-23,1888,4.3
1888-02-24,1888,2.8
1888-02-25,1888,0.0
1888-02-26,1888,0.0
1888-02-27,1888,0.0
1888-02-28,1888,0.0
1888-02-29,1888,0.0
1888-03-01,1888,0.0
1888-03-02,1888,0.2
1888-03-03,1888,0.0
1888-03-04,1888,27.6
1888-03-05,1888,0.0
1888-03-06,1888,2.0
1888-03-07,1888,0.0
1888-03-08,1888,0.0
1888-03-09,1888,0.0
1888-03-10,1888,0.0
1888-03-11,1888,0.1
1888-03-12,1888,0.0
1888-03-13,1888,0.1
1888-03-14,1888,0.1
1888-03-15,1888,0.2
1888-03-16,1888,0.1
1888-03-17,1888,0.0
1888-03-18,1888,0.0
1888-03-19,1888,10.6
1888-03-20,1888,0.0
1888-03-21,1888,21.1
1888-03-22,1888,0.0
1888-03-23,1888,0.0
1888-03-24,1888,13.0
1888-03-25,1888,16.5
1888-03-26,1888,91.0
1888-03-27,1888,33.3
1888-03-28,1888,0.5
1888-03-29,1888,33.7
1888-03-30,1888,13.2
1888-03-31,1888,1.7
1888-04-01,1888,0.2
1888-04-02,1888,1.5
1888-04-03,1888,1.0
1888-04-04,1888,0.0
1888-04-05,1888,7.8
1888-04-06,1888,24.5
1888-04-07,1888,0.3
1888-04-08,1888,5.9
1888-04-09,1888,0.1
1888-04-10,1888,71.5
1888-04-11,1888,48.8
1888-04-12,1888,5.4
1888-04-13,1888,3.7
1888-04-14,1888,0.0
1888-04-15,1888,2.2
1888-04-16,1888,1.0
1888-04-17,1888,2.2
1888-04-18,1888,0.0
1888-04-19,1888,0.1
1888-04-20,1888,0.0
1888-04-21,1888,0.1
1888-04-22,1888,0.0
1888-04-23,1888,0.0
1888-04-24,1888,0.0
1888-04-25,1888,0.0
1888-04-26,1888,0.0
1888-04-27,1888,0.0
1888-04-28,1888,0.0
1888-04-29,1888,0.0
1888-04-30,1888,0.4
1888-05-01,1888,5.6
1888-05-02,1888,43.4
1888-05-03,1888,43.0
1888-05-04,1888,11.1
1888-05-05,1888,0.0
1888-05-06,1888,0.4
1888-05-07,1888,1.7
1888-05-08,1888,0.0
1888-05-09,1888,0.0
1888-05-10,1888,0.0
1888-05-11,1888,0.9
1888-05-12,1888,9.8
1888-05-13,1888,1.1
1888-05-14,1888,6.7
1888-05-15,1888,0.0
1888-05-16,1888,50.8
1888-05-17,1888,19.5
1888-05-18,1888,7.5
1888-05-19,1888,151.8
1888-05-20,1888,0.0
1888-05-21,1888,2.4
1888-05-22,1888,0.1
1888-05-23,1888,7.9
1888-05-24,1888,38.3
1888-05-25,1888,0.0
1888-05-26,1888,52.6
1888-05-27,1888,8.2
1888-05-28,1888,19.8
1888-05-29,1888,3.8
1888-05-30,1888,1.3
1888-05-31,1888,8.0
1888-06-01,1888,0.7
1888-06-02,1888,0.0
1888-06-03,1888,9.9
1888-06-04,1888,6.2
1888-06-05,1888,0.0
1888-06-06,1888,1.0
1888-06-07,1888,0.8
1888-06-08,1888,2.7
1888-06-09,1888,7.3
1888-06-10,1888,0.4
1888-06-11,1888,1.1
1888-06-12,1888,4.2
1888-06-13,1888,95.8
1888-06-14,1888,27.0
1888-06-15,1888,0.1
1888-06-16,1888,60.8
1888-06-17,1888,69.4
1888-06-18,1888,7.4
1888-06-19,1888,4.0
1888-06-20,1888,3.3
1888-06-21,1888,2.3
1888-06-22,1888,5.7
1888-06-23,1888,12.8
1888-06-24,1888,38.3
1888-06-25,1888,14.5
1888-06-26,1888,215.2
1888-06-27,1888,5.1
1888-06-28,1888,0.0
1888-06-29,1888,0.0
1888-06-30,1888,9.9
1888-07-01,1888,15.2
1888-07-02,1888,4.0
1888-07-03,1888,0.0
1888-07-04,1888,3.5
1888-07-05,1888,1.8
1888-07-06,1888,3.6
1888-07-07,1888,25.0
1888-07-08,1888,18.2
1888-07-09,1888,0.0
1888-07-10,1888,5.8
1888-07-11,1888,17.7
1888-07-12,1888,0.0
1888-07-13,1888,0.0
1888-07-14,1888,0.0
1888-07-15,1888,98.7
1888-07-16,1888,46.7
1888-07-17,1888,2.1
1888-07-18,1888,0.0
1888-07-19,1888,0.0
1888-07-20,1888,0.0
1888-07-21,1888,0.0
1888-07-22,1888,0.0
1888-07-23,1888,0.0
1888-07-24,1888,0.0
1888-07-25,1888,0.0
1888-07-26,1888,4.2
1888-07-27,1888,0.0
1888-07-28,1888,1.0
1888-07-29,1888,11.5
1888-07-30,1888,1.1
1888-07-31,1888,8.2
1888-08-01,1888,1.8
1888-08-02,1888,11.3
1888-08-03,1888,0.0
1888-08-04,1888,0.0
1888-08-05,1888,0.0
1888-08-06,1888,1.8
1888-08-07,1888,17.2
1888-08-08,1888,6.8
1888-08-09,1888,1.0
1888-08-10,1888,28.3
1888-08-11,1888,51.5
1888-08-12,1888,68.0
1888-08-13,1888,19.7
1888-08-14,1888,34.4
1888-08-15,1888,4.2
1888-08-16,1888,0.1
1888-08-17,1888,0.0
1888-08-18,1888,32.8
1888-08-19,1888,52.1
1888-08-20,1888,6.2
1888-08-21,1888,0.1
1888-08-22,1888,0.0
1888-08-23,1888,0.0
1888-08-24,1888,0.0
1888-08-25,1888,0.4
1888-08-26,1888,0.0
1888-08-27,1888,0.0
1888-08-28,1888,0.0
1888-08-29,1888,0.0
1888-08-30,1888,0.0
1888-08-31,1888,0.0
1888-09-01,1888,1.9
1888-09-02,1888,1.5
1888-09-03,1888,1.7
1888-09-04,1888,0.0
1888-09-05,1888,3.2
1888-09-06,1888,0.0
1888-09-07,1888,27.7
1888-09-08,1888,6.2
1888-09-09,1888,2.1
1888-09-10,1888,3.1
1888-09-11,1888,1.1
1888-09-12,1888,0.0
1888-09-13,1888,0.0
1888-09-14,1888,0.0
1888-09-15,1888,0.0
1888-09-16,1888,0.0
1888-09-17,1888,11.9
1888-09-18,1888,0.8
1888-09-19,1888,21.7
1888-09-20,1888,0.0
1888-09-21,1888,0.0
1888-09-22,1888,16.2
1888-09-23,1888,27.6
1888-09-24,1888,0.1
1888-09-25,1888,3.2
1888-09-26,1888,0.0
1888-09-27,1888,0.0
1888-09-28,1888,7.1
1888-09-29,1888,17.5
1888-09-30,1888,8.1
1888-10-01,1888,0.3
1888-10-02,1888,0.0
1888-10-03,1888,0.5
1888-10-04,1888,17.0
1888-10-05,1888,0.0
1888-10-06,1888,0.0
1888-10-07,1888,0.0
1888-10-08,1888,5.4
1888-10-09,1888,40.7
1888-10-10,1888,38.1
1888-10-11,1888,0.0
1888-10-12,1888,0.0
1888-10-13,1888,0.0
1888-10-14,1888,0.0
1888-10-15,1888,0.0
1888-10-16,1888,0.1
1888-10-17,1888,0.5
1888-10-18,1888,3.2
1888-10-19,1888,9.0
1888-10-20,1888,0.0
1888-10-21,1888,0.0
1888-10-22,1888,0.0
1888-10-23,1888,0.0
1888-10-24,1888,0.0
1888-10-25,1888,0.0
1888-10-26,1888,0.0
1888-10-27,1888,0.0
1888-10-28,1888,0.0
1888-10-29,1888,0.0
1888-10-30,1888,0.1
1888-10-31,1888,0.0
1888-11-01,1888,0.1
1888-11-02,1888,0.0
1888-11-03,1888,0.0
1888-11-04,1888,0.0
1888-11-05,1888,0.0
1888-11-06,1888,0.0
1888-11-07,1888,0.1
1888-11-08,1888,0.0
1888-11-09,1888,0.0
1888-11-10,1888,17.0
1888-11-11,1888,0.0
1888-11-12,1888,0.0
1888-11-13,1888,0.0
1888-11-14,1888,0.0
1888-11-15,1888,0.0
1888-11-16,1888,0.0
1888-11-17,1888,0.0
1888-11-18,1888,1.2
1888-11-19,1888,1.1
1888-11-20,1888,0.1
1888-11-21,1888,0.0
1888-11-22,1888,0.0
1888-11-23,1888,0.0
1888-11-24,1888,0.0
1888-11-25,1888,0.0
1888-11-26,1888,0.0
1888-11-27,1888,0.0
1888-11-28,1888,0.0
1888-11-29,1888,0.0
1888-11-30,1888,0.1
1888-12-01,1888,0.0
1888-12-02,1888,0.0
1888-12-03,1888,0.0
1888-12-04,1888,0.0
1888-12-05,1888,0.0
1888-12-06,1888,0.0
1888-12-07,1888,0.0
1888-12-08,1888,2.7
1888-12-09,1888,8.3
1888-12-10,1888,0.0
1888-12-11,1888,0.0
1888-12-12,1888,2.4
1888-12-13,1888,8.0
1888-12-14,1888,0.0
1888-12-15,1888,0.0
1888-12-16,1888,0.0
1888-12-17,1888,2.4
1888-12-18,1888,22.5
1888-12-19,1888,42.4
1888-12-20,1888,15.5
1888-12-21,1888,0.0
1888-12-22,1888,0.0
1888-12-23,1888,0.0
1888-12-24,1888,0.0
1888-12-25,1888,0.0
1888-12-26,1888,0.0
1888-12-27,1888,0.0
1888-12-28,1888,0.0
1888-12-29,1888,0.0
1888-12-30,1888,0.0
1888-12-31,1888,0.0
1889-01-01,1889,0.0
1889-01-02,1889,6.3
1889-01-03,1889,0.6
1889-01-04,1889,0.0
1889-01-05,1889,0.0
1889-01-06,1889,0.0
1889-01-07,1889,0.0
1889-01-08,1889,0.0
1889-01-09,1889,0.0
1889-01-10,1889,0.1
1889-01-11,1889,0.0
1889-01-12,1889,2.1
1889-01-13,1889,0.2
1889-01-14,1889,0.0
1889-01-15,1889,0.0
1889-01-16,1889,0.0
1889-01-17,1889,0.0
1889-01-18,1889,2.7
1889-01-19,1889,2.4
1889-01-20,1889,2.1
1889-01-21,1889,2.0
1889-01-22,1889,0.0
1889-01-23,1889,0.0
1889-01-24,1889,0.0
1889-01-25,1889,0.0
1889-01-26,1889,0.0
1889-01-27,1889,0.0
1889-01-28,1889,0.0
1889-01-29,1889,0.0
1889-01-30,1889,0.0
1889-01-31,1889,0.0
1889-02-01,1889,0.0
1889-02-02,1889,1.7
1889-02-03,1889,0.5
1889-02-04,1889,0.1
1889-02-05,1889,6.8
1889-02-06,1889,0.0
1889-02-07,1889,0.0
1889-02-08,1889,1.4
1889-02-09,1889,3.4
1889-02-10,1889,0.3
1889-02-11,1889,0.0
1889-02-12,1889,0.0
1889-02-13,1889,0.0
1889-02-14,1889,0.0
1889-02-15,1889,0.0
1889-02-16,1889,0.0
1889-02-17,1889,0.0
1889-02-18,1889,0.0
1889-02-19,1889,0.0
1889-02-20,1889,0.0
1889-02-21,1889,0.0
1889-02-22,1889,0.2
1889-02-23,1889,0.0
1889-02-24,1889,0.0
1889-02-25,1889,0.0
1889-02-26,1889,3.8
1889-02-27,1889,0.0
1889-02-28,1889,0.0
1889-03-01,1889,3.3
1889-03-02,1889,0.0
1889-03-03,1889,0.0
1889-03-04,1889,0.1
1889-03-05,1889,0.0
1889-03-06,1889,0.0
1889-03-07,1889,0.0
1889-03-08,1889,0.0
1889-03-09,1889,0.0
1889-03-10,1889,0.0
1889-03-11,1889,0.4
1889-03-12,1889,1.5
1889-03-13,1889,0.7
1889-03-14,1889,0.0
1889-03-15,1889,4.6
1889-03-16,1889,2.4
1889-03-17,1889,0.0
1889-03-18,1889,0.3
1889-03-19,1889,0.0
1889-03-20,1889,0.0
1889-03-21,1889,0.0
1889-03-22,1889,2.9
1889-03-23,1889,0.4
1889-03-24,1889,0.0
1889-03-25,1889,20.7
1889-03-26,1889,8.5
1889-03-27,1889,0.0
1889-03-28,1889,2.1
1889-03-29,1889,3.3
1889-03-30,1889,12.0
1889-03-31,1889,0.2
1889-04-01,1889,1.6
1889-04-02,1889,23.5
1889-04-03,1889,0.0
1889-04-04,1889,1.0
1889-04-05,1889,37.2
1889-04-06,1889,25.8
1889-04-07,1889,2.2
1889-04-08,1889,0.6
1889-04-09,1889,0.0
1889-04-10,1889,0.0
1889-04-11,1889,0.0
1889-04-12,1889,0.0
1889-04-13,1889,0.8
1889-04-14,1889,0.0
1889-04-15,1889,0.0
1889-04-16,1889,0.0
1889-04-17,1889,0.2
1889-04-18,1889,0.0
1889-04-19,1889,5.6
1889-04-20,1889,0.0
1889-04-21,1889,32.9
1889-04-22,1889,0.0
1889-04-23,1889,0.0
1889-04-24,1889,0.9
1889-04-25,1889,1.7
1889-04-26,1889,0.0
1889-04-27,1889,0.4
1889-04-28,1889,0.0
1889-04-29,1889,86.1
1889-04-30,1889,91.4
1889-05-01,1889,5.2
1889-05-02,1889,1.1
1889-05-03,1889,0.0
1889-05-04,1889,0.0
1889-05-05,1889,0.0
1889-05-06,1889,0.1
1889-05-07,1889,0.0
1889-05-08,1889,2.8
1889-05-09,1889,0.0
1889-05-10,1889,0.0
1889-05-11,1889,0.0
1889-05-12,1889,0.0
1889-05-13,1889,0.0
1889-05-14,1889,0.3
1889-05-15,1889,0.0
1889-05-16,1889,0.0
1889-05-17,1889,1.7
1889-05-18,1889,3.8
1889-05-19,1889,151.0
1889-05-20,1889,49.9
1889-05-21,1889,28.1
1889-05-22,1889,71.1
1889-05-23,1889,1.4
1889-05-24,1889,0.0
1889-05-25,1889,14.9
1889-05-26,1889,38.3
1889-05-27,1889,15.7
1889-05-28,1889,13.7
1889-05-29,1889,320.6
1889-05-30,1889,520.6
1889-05-31,1889,0.8
1889-06-01,1889,0.0
1889-06-02,1889,12.3
1889-06-03,1889,5.9
1889-06-04,1889,6.0
1889-06-05,1889,3.0
1889-06-06,1889,0.4
1889-06-07,1889,16.7
1889-06-08,1889,8.8
1889-06-09,1889,14.9
1889-06-10,1889,9.3
1889-06-11,1889,0.0
1889-06-12,1889,0.0
1889-06-13,1889,0.0
1889-06-14,1889,5.5
1889-06-15,1889,13.5
1889-06-16,1889,43.8
1889-06-17,1889,33.2
1889-06-18,1889,5.5
1889-06-19,1889,0.0
1889-06-20,1889,6.9
1889-06-21,1889,4.4
1889-06-22,1889,6.1
1889-06-23,1889,0.3
1889-06-24,1889,3.1
1889-06-25,1889,11.6
1889-06-26,1889,12.4
1889-06-27,1889,2.0
1889-06-28,1889,0.6
1889-06-29,1889,3.5
1889-06-30,1889,17.5
1889-07-01,1889,17.9
1889-07-02,1889,1.9
1889-07-03,1889,0.0
1889-07-04,1889,0.0
1889-07-05,1889,0.0
1889-07-06,1889,0.0
1889-07-07,1889,0.0
1889-07-08,1889,0.0
1889-07-09,1889,0.0
1889-07-10,1889,0.0
1889-07-11,1889,0.0
1889-07-12,1889,0.0
1889-07-13,1889,0.0
1889-07-14,1889,0.0
1889-07-15,1889,0.0
1889-07-16,1889,11.2
1889-07-17,1889,29.9
1889-07-18,1889,5.1
1889-07-19,1889,5.7
1889-07-20,1889,0.0
1889-07-21,1889,7.1
1889-07-22,1889,1.0
1889-07-23,1889,1.2
1889-07-24,1889,0.0
1889-07-25,1889,0.0
1889-07-26,1889,2.3
1889-07-27,1889,15.7
1889-07-28,1889,17.7
1889-07-29,1889,0.0
1889-07-30,1889,0.0
1889-07-31,1889,0.0
1889-08-01,1889,0.0
1889-08-02,1889,17.4
1889-08-03,1889,18.0
1889-08-04,1889,80.2
1889-08-05,1889,50.9
1889-08-06,1889,10.5
1889-08-07,1889,4.4
1889-08-08,1889,31.3
1889-08-09,1889,0.1
1889-08-10,1889,0.2
1889-08-11,1889,11.7
1889-08-12,1889,9.6
1889-08-13,1889,22.9
1889-08-14,1889,21.1
1889-08-15,1889,53.2
1889-08-16,1889,0.0
1889-08-17,1889,1.0
1889-08-18,1889,0.0
1889-08-19,1889,0.0
1889-08-20,1889,2.5
1889-08-21,1889,7.0
1889-08-22,1889,60.7
1889-08-23,1889,0.0
1889-08-24,1889,56.5
1889-08-25,1889,0.0
1889-08-26,1889,0.1
1889-08-27,1889,0.0
1889-08-28,1889,0.0
1889-08-29,1889,0.0
1889-08-30,1889,1.1
1889-08-31,1889,0.0
1889-09-01,1889,2.4
1889-09-02,1889,15.7
1889-09-03,1889,0.0
1889-09-04,1889,0.0
1889-09-05,1889,0.0
1889-09-06,1889,0.0
1889-09-07,1889,0.0
1889-09-08,1889,0.0
1889-09-09,1889,145.2
1889-09-10,1889,4.0
1889-09-11,1889,0.0
1889-09-12,1889,0.5
1889-09-13,1889,0.0
1889-09-14,1889,0.0
1889-09-15,1889,0.0
1889-09-16,1889,0.0
1889-09-17,1889,8.4
1889-09-18,1889,43.8
1889-09-19,1889,2.1
1889-09-20,1889,0.0
1889-09-21,1889,0.0
1889-09-22,1889,0.0
1889-09-23,1889,0.0
1889-09-24,1889,0.1
1889-09-25,1889,1.6
1889-09-26,1889,42.7
1889-09-27,1889,5.3
1889-09-28,1889,0.9
1889-09-29,1889,19.3
1889-09-30,1889,7.6
1889-10-01,1889,21.8
1889-10-02,1889,0.0
1889-10-03,1889,0.1
1889-10-04,1889,0.1
1889-10-05,1889,0.3
1889-10-06,1889,0.0
1889-10-07,1889,0.1
1889-10-08,1889,0.0
1889-10-09,1889,1.5
1889-10-10,1889,0.0
1889-10-11,1889,0.0
1889-10-12,1889,0.0
1889-10-13,1889,0.0
1889-10-14,1889,0.0
1889-10-15,1889,7.3
1889-10-16,1889,88.2
1889-10-17,1889,0.0
1889-10-18,1889,0.1
1889-10-19,1889,0.1
1889-10-20,1889,4.4
1889-10-21,1889,1.5
1889-10-22,1889,3.6
1889-10-23,1889,0.8
1889-10-24,1889,0.0
1889-10-25,1889,6.9
1889-10-26,1889,71.9
1889-10-27,1889,12.7
1889-10-28,1889,0.0
1889-10-29,1889,0.0
1889-10-30,1889,0.0
1889-10-31,1889,0.0
1889-11-01,1889,4.6
1889-11-02,1889,0.2
1889-11-03,1889,0.0
1889-11-04,1889,0.0
1889-11-05,1889,0.0
1889-11-06,1889,0.2
1889-11-07,1889,0.1
1889-11-08,1889,0.0
1889-11-09,1889,0.0
1889-11-10,1889,0.0
1889-11-11,1889,0.0
1889-11-12,1889,0.2
1889-11-13,1889,0.0
1889-11-14,1889,0.0
1889-11-15,1889,0.0
1889-11-16,1889,0.0
1889-11-17,1889,0.0
1889-11-18,1889,0.0
1889-11-19,1889,0.0
1889-11-20,1889,0.0
1889-11-21,1889,0.0
1889-11-22,1889,9.3
1889-11-23,1889,11.2
1889-11-24,1889,8.7
1889-11-25,1889,1.4
1889-11-26,1889,2.2
1889-11-27,1889,0.0
1889-11-28,1889,0.3
1889-11-29,1889,0.1
1889-11-30,1889,0.5
1889-12-01,1889,0.1
1889-12-02,1889,0.4
1889-12-03,1889,0.0
1889-12-04,1889,0.0
1889-12-05,1889,0.0
1889-12-06,1889,0.0
1889-12-07,1889,1.0
1889-12-08,1889,0.0
1889-12-09,1889,0.1
1889-12-10,1889,0.0
1889-12-11,1889,0.0
1889-12-12,1889,0.1
1889-12-13,1889,0.0
1889-12-14,1889,0.0
1889-12-15,1889,0.0
1889-12-16,1889,0.0
1889-12-17,1889,0.0
1889-12-18,1889,0.0
1889-12-19,1889,0.0
1889-12-20,1889,0.0
1889-12-21,1889,0.0
1889-12-22,1889,0.0
1889-12-23,1889,0.0
1889-12-24,1889,0.0
1889-12-25,1889,0.0
1889-12-26,1889,2.7
1889-12-27,1889,0.0
1889-12-28,1889,0.0
1889-12-29,1889,0.0
1889-12-30,1889,0.0
1889-12-31,1889,0.0
1890-01-01,1890,0.3
1890-01-02,1890,0.0
1890-01-03,1890,0.0
1890-01-04,1890,0.0
1890-01-05,1890,0.0
1890-01-06,1890,0.0
1890-01-07,1890,0.0
1890-01-08,1890,0.0
1890-01-09,1890,0.0
1890-01-10,1890,0.0
1890-01-11,1890,8.6
1890-01-12,1890,3.6
1890-01-13,1890,2.1
1890-01-14,1890,0.0
1890-01-15,1890,0.0
1890-01-16,1890,0.0
1890-01-17,1890,0.0
1890-01-18,1890,0.0
1890-01-19,1890,14.9
1890-01-20,1890,15.8
1890-01-21,1890,8.2
1890-01-22,1890,3.9
1890-01-23,1890,2.9
1890-01-24,1890,0.0
1890-01-25,1890,0.0
1890-01-26,1890,0.0
1890-01-27,1890,0.9
1890-01-28,1890,0.0
1890-01-29,1890,0.0
1890-01-30,1890,0.0
1890-01-31,1890,0.0
1890-02-01,1890,0.0
1890-02-02,1890,6.9
1890-02-03,1890,0.0
1890-02-04,1890,0.0
1890-02-05,1890,0.0
1890-02-06,1890,0.0
1890-02-07,1890,0.0
1890-02-08,1890,0.0
1890-02-09,1890,0.2
1890-02-10,1890,0.1
1890-02-11,1890,0.0
1890-02-12,1890,0.0
1890-02-13,1890,0.0
1890-02-14,1890,0.0
1890-02-15,1890,0.0
1890-02-16,1890,0.0
1890-02-17,1890,3.7
1890-02-18,1890,10.8
1890-02-19,1890,10.4
1890-02-20,1890,0.0
1890-02-21,1890,0.1
1890-02-22,1890,4.7
1890-02-23,1890,0.7
1890-02-24,1890,0.0
1890-02-25,1890,0.0
1890-02-26,1890,0.0
1890-02-27,1890,0.0
1890-02-28,1890,0.0
1890-03-01,1890,0.0
1890-03-02,1890,0.0
1890-03-03,1890,0.0
1890-03-04,1890,4.6
1890-03-05,1890,0.0
1890-03-06,1890,0.0
1890-03-07,1890,0.0
1890-03-08,1890,0.0
1890-03-09,1890,0.0
1890-03-10,1890,0.0
1890-03-11,1890,0.0
1890-03-12,1890,22.3
1890-03-13,1890,3.7
1890-03-14,1890,43.7
1890-03-15,1890,22.3
1890-03-16,1890,0.1
1890-03-17,1890,0.0
1890-03-18,1890,0.0
1890-03-19,1890,0.0
1890-03-20,1890,0.1
1890-03-21,1890,0.3
1890-03-22,1890,0.0
1890-03-23,1890,0.1
1890-03-24,1890,2.6
1890-03-25,1890,1.1
1890-03-26,1890,0.1
1890-03-27,1890,0.1
1890-03-28,1890,1.2
1890-03-29,1890,0.1
1890-03-30,1890,3.0
1890-03-31,1890,0.0
1890-04-01,1890,13.2
1890-04-02,1890,0.1
1890-04-03,1890,2.6
1890-04-04,1890,0.2
1890-04-05,1890,0.0
1890-04-06,1890,0.0
1890-04-07,1890,0.0
1890-04-08,1890,0.0
1890-04-09,1890,0.0
1890-04-10,1890,0.0
1890-04-11,1890,0.0
1890-04-12,1890,0.1
1890-04-13,1890,5.7
1890-04-14,1890,3.9
1890-04-15,1890,0.4
1890-04-16,1890,0.3
1890-04-17,1890,0.4
1890-04-18,1890,0.1
1890-04-19,1890,0.0
1890-04-20,1890,0.0
1890-04-21,1890,0.0
1890-04-22,1890,0.0
1890-04-23,1890,1.0
1890-04-24,1890,4.5
1890-04-25,1890,13.5
1890-04-26,1890,3.2
1890-04-27,1890,0.0
1890-04-28,1890,0.0
1890-04-29,1890,0.1
1890-04-30,1890,0.0
1890-05-01,1890,0.4
1890-05-02,1890,1.1
1890-05-03,1890,0.0
1890-05-04,1890,0.0
1890-05-05,1890,0.0
1890-05-06,1890,0.0
1890-05-07,1890,0.5
1890-05-08,1890,14.3
1890-05-09,1890,1.4
1890-05-10,1890,1.3
1890-05-11,1890,4.1
1890-05-12,1890,0.6
1890-05-13,1890,0.0
1890-05-14,1890,0.0
1890-05-15,1890,0.0
1890-05-16,1890,0.0
1890-05-17,1890,0.0
1890-05-18,1890,0.0
1890-05-19,1890,1.6
1890-05-20,1890,0.1
1890-05-21,1890,134.6
1890-05-22,1890,13.2
1890-05-23,1890,94.2
1890-05-24,1890,0.8
1890-05-25,1890,0.8
1890-05-26,1890,0.0
1890-05-27,1890,0.0
1890-05-28,1890,5.3
1890-05-29,1890,8.2
1890-05-30,1890,3.0
1890-05-31,1890,0.0
1890-06-01,1890,6.6
1890-06-02,1890,1.0
1890-06-03,1890,4.3
1890-06-04,1890,55.5
1890-06-05,1890,2.5
1890-06-06,1890,63.1
1890-06-07,1890,0.1
1890-06-08,1890,11.2
1890-06-09,1890,7.6
1890-06-10,1890,0.9
1890-06-11,1890,0.0
1890-06-12,1890,0.5
1890-06-13,1890,2.4
1890-06-14,1890,0.0
1890-06-15,1890,0.0
1890-06-16,1890,0.1
1890-06-17,1890,0.0
1890-06-18,1890,14.0
1890-06-19,1890,50.9
1890-06-20,1890,73.6
1890-06-21,1890,12.4
1890-06-22,1890,0.0
1890-06-23,1890,0.0
1890-06-24,1890,0.6
1890-06-25,1890,3.9
1890-06-26,1890,13.0
1890-06-27,1890,7.1
1890-06-28,1890,0.4
1890-06-29,1890,19.3
1890-06-30,1890,26.3
1890-07-01,1890,7.6
1890-07-02,1890,0.0
1890-07-03,1890,0.0
1890-07-04,1890,13.1
1890-07-05,1890,68.6
1890-07-06,1890,2.3
1890-07-07,1890,2.5
1890-07-08,1890,57.5
1890-07-09,1890,0.7
1890-07-10,1890,9.4
1890-07-11,1890,0.0
1890-07-12,1890,0.0
1890-07-13,1890,0.0
1890-07-14,1890,0.0
1890-07-15,1890,0.0
1890-07-16,1890,9.6
1890-07-17,1890,0.1
1890-07-18,1890,0.9
1890-07-19,1890,147.8
1890-07-20,1890,13.6
1890-07-21,1890,8.7
1890-07-22,1890,17.7
1890-07-23,1890,59.7
1890-07-24,1890,101.7
1890-07-25,1890,49.4
1890-07-26,1890,3.0
1890-07-27,1890,0.0
1890-07-28,1890,0.0
1890-07-29,1890,0.0
1890-07-30,1890,0.0
1890-07-31,1890,0.0
1890-08-01,1890,14.5
1890-08-02,1890,0.0
1890-08-03,1890,0.0
1890-08-04,1890,0.0
1890-08-05,1890,0.0
1890-08-06,1890,0.0
1890-08-07,1890,0.0
1890-08-08,1890,5.3
1890-08-09,1890,5.9
1890-08-10,1890,9.9
1890-08-11,1890,2.8
1890-08-12,1890,15.0
1890-08-13,1890,60.3
1890-08-14,1890,15.6
1890-08-15,1890,76.3
1890-08-16,1890,3.4
1890-08-17,1890,9.6
1890-08-18,1890,3.9
1890-08-19,1890,0.0
1890-08-20,1890,0.0
1890-08-21,1890,0.0
1890-08-22,1890,0.0
1890-08-23,1890,0.0
1890-08-24,1890,0.0
1890-08-25,1890,0.0
1890-08-26,1890,0.1
1890-08-27,1890,0.0
1890-08-28,1890,5.1
1890-08-29,1890,0.0
1890-08-30,1890,0.0
1890-08-31,1890,0.0
1890-09-01,1890,3.9
1890-09-02,1890,0.0
1890-09-03,1890,2.8
1890-09-04,1890,0.3
1890-09-05,1890,0.5
1890-09-06,1890,0.8
1890-09-07,1890,0.0
1890-09-08,1890,27.6
1890-09-09,1890,0.0
1890-09-10,1890,0.0
1890-09-11,1890,0.0
1890-09-12,1890,0.0
1890-09-13,1890,0.0
1890-09-14,1890,4.3
1890-09-15,1890,0.0
1890-09-16,1890,0.0
1890-09-17,1890,3.0
1890-09-18,1890,0.0
1890-09-19,1890,0.0
1890-09-20,1890,1.3
1890-09-21,1890,0.0
1890-09-22,1890,0.0
1890-09-23,1890,0.3
1890-09-24,1890,1.0
1890-09-25,1890,0.1
1890-09-26,1890,2.5
1890-09-27,1890,0.8
1890-09-28,1890,0.0
1890-09-29,1890,0.0
1890-09-30,1890,0.0
1890-10-01,1890,0.0
1890-10-02,1890,0.0
1890-10-03,1890,0.0
1890-10-04,1890,0.0
1890-10-05,1890,0.0
1890-10-06,1890,0.0
1890-10-07,1890,0.0
1890-10-08,1890,0.0
1890-10-09,1890,0.0
1890-10-10,1890,0.0
1890-10-11,1890,0.0
1890-10-12,1890,0.0
1890-10-13,1890,0.2
1890-10-14,1890,0.1
1890-10-15,1890,0.0
1890-10-16,1890,0.0
1890-10-17,1890,0.0
1890-10-18,1890,0.0
1890-10-19,1890,0.0
1890-10-20,1890,0.0
1890-10-21,1890,0.0
1890-10-22,1890,0.0
1890-10-23,1890,0.0
1890-10-24,1890,0.0
1890-10-25,1890,0.0
1890-10-26,1890,0.0
1890-10-27,1890,0.0
1890-10-28,1890,0.0
1890-10-29,1890,0.0
1890-10-30,1890,0.0
1890-10-31,1890,0.0
1890-11-01,1890,0.0
1890-11-02,1890,0.0
1890-11-03,1890,0.0
1890-11-04,1890,0.0
1890-11-05,1890,0.0
1890-11-06,1890,0.0
1890-11-07,1890,0.1
1890-11-08,1890,0.0
1890-11-09,1890,0.0
1890-11-10,1890,0.0
1890-11-11,1890,0.0
1890-11-12,1890,0.0
1890-11-13,1890,0.0
1890-11-14,1890,0.0
1890-11-15,1890,0.0
1890-11-16,1890,0.0
1890-11-17,1890,0.0
1890-11-18,1890,0.1
1890-11-19,1890,0.0
1890-11-20,1890,0.0
1890-11-21,1890,0.0
1890-11-22,1890,0.0
1890-11-23,1890,0.0
1890-11-24,1890,0.0
1890-11-25,1890,0.0
1890-11-26,1890,0.0
1890-11-27,1890,0.0
1890-11-28,1890,0.0
1890-11-29,1890,0.0
1890-11-30,1890,0.0
1890-12-01,1890,0.0
1890-12-02,1890,0.0
1890-12-03,1890,0.0
1890-12-04,1890,0.0
1890-12-05,1890,0.0
1890-12-06,1890,15.7
1890-12-07,1890,15.2
1890-12-08,1890,0.0
1890-12-09,1890,0.0
1890-12-10,1890,0.0
1890-12-11,1890,0.1
1890-12-12,1890,2.8
1890-12-13,1890,0.0
1890-12-14,1890,0.0
1890-12-15,1890,0.0
1890-12-16,1890,0.0
1890-12-17,1890,0.0
1890-12-18,1890,0.0
1890-12-19,1890,0.0
1890-12-20,1890,0.0
1890-12-21,1890,0.0
1890-12-22,1890,0.1
1890-12-23,1890,0.0
1890-12-24,1890,0.1
1890-12-25,1890,0.0
1890-12-26,1890,0.0
1890-12-27,1890,0.5
1890-12-28,1890,0.0
1890-12-29,1890,0.2
1890-12-30,1890,0.0
1890-12-31,1890,0.0
1891-01-01,1891,0.0
1891-01-02,1891,0.0
1891-01-03,1891,0.0
1891-01-04,1891,0.0
1891-01-05,1891,0.0
1891-01-06,1891,0.0
1891-01-07,1891,0.0
1891-01-08,1891,0.0
1891-01-09,1891,0.0
1891-01-10,1891,0.0
1891-01-11,1891,0.0
1891-01-12,1891,0.0
1891-01-13,1891,0.0
1891-01-14,1891,0.8
1891-01-15,1891,0.0
1891-01-16,1891,0.0
1891-01-17,1891,0.0
1891-01-18,1891,0.0
1891-01-19,1891,0.0
1891-01-20,1891,0.0
1891-01-21,1891,0.0
1891-01-22,1891,0.0
1891-01-23,1891,0.0
1891-01-24,1891,0.0
1891-01-25,1891,0.0
1891-01-26,1891,0.0
1891-01-27,1891,0.0
1891-01-28,1891,0.0
1891-01-29,1891,0.2
1891-01-30,1891,0.0
1891-01-31,1891,0.0
1891-02-01,1891,0.0
1891-02-02,1891,0.0
1891-02-03,1891,1.4
1891-02-04,1891,0.8
1891-02-05,1891,0.0
1891-02-06,1891,0.1
1891-02-07,1891,3.3
1891-02-08,1891,0.0
1891-02-09,1891,0.0
1891-02-10,1891,0.0
1891-02-11,1891,0.0
1891-02-12,1891,0.0
1891-02-13,1891,0.0
1891-02-14,1891,0.0
1891-02-15,1891,0.0
1891-02-16,1891,0.0
1891-02-17,1891,0.0
1891-02-18,1891,0.0
1891-02-19,1891,0.7
1891-02-20,1891,0.0
1891-02-21,1891,0.0
1891-02-22,1891,0.0
1891-02-23,1891,0.0
1891-02-24,1891,0.0
1891-02-25,1891,0.0
1891-02-26,1891,0.0
1891-02-27,1891,0.0
1891-02-28,1891,0.0
1891-03-01,1891,0.0
1891-03-02,1891,0.5
1891-03-03,1891,0.0
1891-03-04,1891,0.0
1891-03-05,1891,0.1
1891-03-06,1891,0.0
1891-03-07,1891,0.0
1891-03-08,1891,1.3
1891-03-09,1891,5.1
1891-03-10,1891,8.0
1891-03-11,1891,2.6
1891-03-12,1891,6.0
1891-03-13,1891,4.4
1891-03-14,1891,0.1
1891-03-15,1891,1.0
1891-03-16,1891,31.4
1891-03-17,1891,0.0
1891-03-18,1891,0.0
1891-03-19,1891,0.2
1891-03-20,1891,0.1
1891-03-21,1891,0.6
1891-03-22,1891,0.1
1891-03-23,1891,0.4
1891-03-24,1891,0.0
1891-03-25,1891,0.0
1891-03-26,1891,0.0
1891-03-27,1891,0.0
1891-03-28,1891,0.0
1891-03-29,1891,0.0
1891-03-30,1891,1.1
1891-03-31,1891,2.0
1891-04-01,1891,6.6
1891-04-02,1891,4.8
1891-04-03,1891,13.7
1891-04-04,1891,22.3
1891-04-05,1891,0.0
1891-04-06,1891,4.6
1891-04-07,1891,0.0
1891-04-08,1891,0.0
1891-04-09,1891,0.0
1891-04-10,1891,0.0
1891-04-11,1891,0.0
1891-04-12,1891,4.0
1891-04-13,1891,0.0
1891-04-14,1891,0.7
1891-04-15,1891,0.0
1891-04-16,1891,1.4
1891-04-17,1891,0.7
1891-04-18,1891,2.1
1891-04-19,1891,1.5
1891-04-20,1891,16.2
1891-04-21,1891,0.0
1891-04-22,1891,0.3
1891-04-23,1891,0.3
1891-04-24,1891,0.0
1891-04-25,1891,0.1
1891-04-26,1891,0.3
1891-04-27,1891,0.0
1891-04-28,1891,0.7
1891-04-29,1891,0.0
1891-04-30,1891,0.0
1891-05-01,1891,0.0
1891-05-02,1891,0.0
1891-05-03,1891,19.0
1891-05-04,1891,37.4
1891-05-05,1891,0.0
1891-05-06,1891,0.0
1891-05-07,1891,0.0
1891-05-08,1891,0.0
1891-05-09,1891,0.0
1891-05-10,1891,0.0
1891-05-11,1891,0.0
1891-05-12,1891,0.0
1891-05-13,1891,21.5
1891-05-14,1891,264.3
1891-05-15,1891,67.3
1891-05-16,1891,42.3
1891-05-17,1891,2.1
1891-05-18,1891,0.0
1891-05-19,1891,50.6
1891-05-20,1891,26.5
1891-05-21,1891,4.4
1891-05-22,1891,57.4
1891-05-23,1891,62.4
1891-05-24,1891,0.0
1891-05-25,1891,0.0
1891-05-26,1891,1.2
1891-05-27,1891,0.0
1891-05-28,1891,0.1
1891-05-29,1891,49.8
1891-05-30,1891,4.5
1891-05-31,1891,0.3
1891-06-01,1891,0.0
1891-06-02,1891,0.0
1891-06-03,1891,0.0
1891-06-04,1891,3.9
1891-06-05,1891,1.2
1891-06-06,1891,108.5
1891-06-07,1891,6.9
1891-06-08,1891,23.6
1891-06-09,1891,15.3
1891-06-10,1891,38.4
1891-06-11,1891,5.3
1891-06-12,1891,0.0
1891-06-13,1891,37.7
1891-06-14,1891,1.8
1891-06-15,1891,0.0
1891-06-16,1891,0.0
1891-06-17,1891,0.0
1891-06-18,1891,0.3
1891-06-19,1891,1.2
1891-06-20,1891,30.2
1891-06-21,1891,27.4
1891-06-22,1891,42.8
1891-06-23,1891,56.1
1891-06-24,1891,139.9
1891-06-25,1891,0.0
1891-06-26,1891,0.0
1891-06-27,1891,0.0
1891-06-28,1891,0.0
1891-06-29,1891,0.7
1891-06-30,1891,0.1
1891-07-01,1891,14.5
1891-07-02,1891,3.6
1891-07-03,1891,21.5
1891-07-04,1891,171.8
1891-07-05,1891,72.6
1891-07-06,1891,14.1
1891-07-07,1891,0.3
1891-07-08,1891,12.8
1891-07-09,1891,10.7
1891-07-10,1891,24.2
1891-07-11,1891,8.6
1891-07-12,1891,4.2
1891-07-13,1891,5.6
1891-07-14,1891,16.3
1891-07-15,1891,7.9
1891-07-16,1891,7.9
1891-07-17,1891,0.0
1891-07-18,1891,19.9
1891-07-19,1891,128.1
1891-07-20,1891,26.2
1891-07-21,1891,5.8
1891-07-22,1891,1.2
1891-07-23,1891,6.0
1891-07-24,1891,0.0
1891-07-25,1891,0.0
1891-07-26,1891,0.0
1891-07-27,1891,0.0
1891-07-28,1891,0.0
1891-07-29,1891,0.4
1891-07-30,1891,0.6
1891-07-31,1891,2.4
1891-08-01,1891,0.0
1891-08-02,1891,34.1
1891-08-03,1891,68.4
1891-08-04,1891,0.8
1891-08-05,1891,2.6
1891-08-06,1891,0.9
1891-08-07,1891,37.5
1891-08-08,1891,14.0
1891-08-09,1891,96.1
1891-08-10,1891,0.4
1891-08-11,1891,0.0
1891-08-12,1891,0.0
1891-08-13,1891,0.0
1891-08-14,1891,0.0
1891-08-15,1891,0.0
1891-08-16,1891,0.0
1891-08-17,1891,3.2
1891-08-18,1891,88.6
1891-08-19,1891,18.4
1891-08-20,1891,0.0
1891-08-21,1891,0.0
1891-08-22,1891,0.0
1891-08-23,1891,0.0
1891-08-24,1891,7.6
1891-08-25,1891,0.0
1891-08-26,1891,1.9
1891-08-27,1891,2.6
1891-08-28,1891,12.9
1891-08-29,1891,1.5
1891-08-30,1891,26.5
1891-08-31,1891,7.9
1891-09-01,1891,0.0
1891-09-02,1891,5.3
1891-09-03,1891,8.0
1891-09-04,1891,28.3
1891-09-05,1891,46.6
1891-09-06,1891,21.5
1891-09-07,1891,0.0
1891-09-08,1891,3.0
1891-09-09,1891,3.7
1891-09-10,1891,1.9
1891-09-11,1891,5.3
1891-09-12,1891,24.2
1891-09-13,1891,26.4
1891-09-14,1891,0.9
1891-09-15,1891,0.4
1891-09-16,1891,0.0
1891-09-17,1891,20.1
1891-09-18,1891,78.5
1891-09-19,1891,16.4
1891-09-20,1891,0.0
1891-09-21,1891,0.0
1891-09-22,1891,0.0
1891-09-23,1891,0.0
1891-09-24,1891,0.0
1891-09-25,1891,0.0
1891-09-26,1891,0.0
1891-09-27,1891,0.0
1891-09-28,1891,0.0
1891-09-29,1891,0.0
1891-09-30,1891,0.0
1891-10-01,1891,0.0
1891-10-02,1891,2.5
1891-10-03,1891,2.6
1891-10-04,1891,34.3
1891-10-05,1891,0.0
1891-10-06,1891,0.0
1891-10-07,1891,0.0
1891-10-08,1891,0.0
1891-10-09,1891,28.2
1891-10-10,1891,7.5
1891-10-11,1891,0.0
1891-10-12,1891,1.9
1891-10-13,1891,1.8
1891-10-14,1891,0.0
1891-10-15,1891,0.0
1891-10-16,1891,8.1
1891-10-17,1891,4.4
1891-10-18,1891,0.0
1891-10-19,1891,0.0
1891-10-20,1891,0.0
1891-10-21,1891,0.0
1891-10-22,1891,20.3
1891-10-23,1891,0.1
1891-10-24,1891,11.5
1891-10-25,1891,3.2
1891-10-26,1891,16.9
1891-10-27,1891,2.1
1891-10-28,1891,2.5
1891-10-29,1891,10.1
1891-10-30,1891,0.0
1891-10-31,1891,0.0
1891-11-01,1891,0.0
1891-11-02,1891,0.0
1891-11-03,1891,0.0
1891-11-04,1891,0.0
1891-11-05,1891,0.1
1891-11-06,1891,0.0
1891-11-07,1891,0.0
1891-11-08,1891,23.7
1891-11-09,1891,33.9
1891-11-10,1891,0.0
1891-11-11,1891,0.0
1891-11-12,1891,0.0
1891-11-13,1891,0.0
1891-11-14,1891,0.0
1891-11-15,1891,0.0
1891-11-16,1891,0.0
1891-11-17,1891,0.0
1891-11-18,1891,0.0
1891-11-19,1891,0.0
1891-11-20,1891,0.0
1891-11-21,1891,0.0
1891-11-22,1891,0.0
1891-11-23,1891,0.0
1891-11-24,1891,0.0
1891-11-25,1891,0.0
1891-11-26,1891,0.0
1891-11-27,1891,0.0
1891-11-28,1891,0.0
1891-11-29,1891,0.0
1891-11-30,1891,0.8
1891-12-01,1891,0.0
1891-12-02,1891,0.1
1891-12-03,1891,0.7
1891-12-04,1891,0.0
1891-12-05,1891,0.0
1891-12-06,1891,0.0
1891-12-07,1891,0.0
1891-12-08,1891,0.0
1891-12-09,1891,0.0
1891-12-10,1891,0.0
1891-12-11,1891,0.0
1891-12-12,1891,0.0
1891-12-13,1891,0.0
1891-12-14,1891,0.0
1891-12-15,1891,0.0
1891-12-16,1891,0.0
1891-12-17,1891,0.0
1891-12-18,1891,0.0
1891-12-19,1891,0.0
1891-12-20,1891,0.0
1891-12-21,1891,0.0
1891-12-22,1891,0.0
1891-12-23,1891,0.0
1891-12-24,1891,0.0
1891-12-25,1891,0.0
1891-12-26,1891,0.0
1891-12-27,1891,4.0
1891-12-28,1891,3.2
1891-12-29,1891,17.9
1891-12-30,1891,23.4
1891-12-31,1891,0.1
1892-01-01,1892,0.4
1892-01-02,1892,0.1
1892-01-03,1892,0.0
1892-01-04,1892,0.0
1892-01-05,1892,0.0
1892-01-06,1892,0.0
1892-01-07,1892,0.0
1892-01-08,1892,0.0
1892-01-09,1892,0.0
1892-01-10,1892,0.0
1892-01-11,1892,0.0
1892-01-12,1892,0.0
1892-01-13,1892,0.0
1892-01-14,1892,0.0
1892-01-15,1892,0.0
1892-01-16,1892,0.0
1892-01-17,1892,0.0
1892-01-18,1892,0.0
1892-01-19,1892,0.0
1892-01-20,1892,0.0
1892-01-21,1892,0.0
1892-01-22,1892,0.0
1892-01-23,1892,0.0
1892-01-24,1892,0.0
1892-01-25,1892,0.0
1892-01-26,1892,3.4
1892-01-27,1892,0.2
1892-01-28,1892,8.9
1892-01-29,1892,0.0
1892-01-30,1892,0.0
1892-01-31,1892,0.0
1892-02-01,1892,0.0
1892-02-02,1892,0.0
1892-02-03,1892,0.0
1892-02-04,1892,0.1
1892-02-05,1892,1.6
1892-02-06,1892,1.3
1892-02-07,1892,1.1
1892-02-08,1892,0.0
1892-02-09,1892,0.0
1892-02-10,1892,0.0
1892-02-11,1892,0.0
1892-02-12,1892,0.0
1892-02-13,1892,0.0
1892-02-14,1892,0.0
1892-02-15,1892,0.0
1892-02-16,1892,0.3
1892-02-17,1892,0.0
1892-02-18,1892,0.1
1892-02-19,1892,2.7
1892-02-20,1892,10.9
1892-02-21,1892,1.8
1892-02-22,1892,2.5
1892-02-23,1892,0.0
1892-02-24,1892,0.0
1892-02-25,1892,0.9
1892-02-26,1892,0.3
1892-02-27,1892,0.0
1892-02-28,1892,8.0
1892-02-29,1892,0.0
1892-03-01,1892,0.0
1892-03-02,1892,12.0
1892-03-03,1892,0.0
1892-03-04,1892,0.0
1892-03-05,1892,0.0
1892-03-06,1892,0.0
1892-03-07,1892,0.0
1892-03-08,1892,0.0
1892-03-09,1892,0.2
1892-03-10,1892,0.1
1892-03-11,1892,0.4
1892-03-12,1892,0.0
1892-03-13,1892,0.0
1892-03-14,1892,0.0
1892-03-15,1892,0.0
1892-03-16,1892,0.0
1892-03-17,1892,0.2
1892-03-18,1892,0.1
1892-03-19,1892,0.0
1892-03-20,1892,0.0
1892-03-21,1892,0.0
1892-03-22,1892,0.0
1892-03-23,1892,0.4
1892-03-24,1892,2.1
1892-03-25,1892,0.0
1892-03-26,1892,0.0
1892-03-27,1892,0.0
1892-03-28,1892,35.5
1892-03-29,1892,45.6
1892-03-30,1892,2.2
1892-03-31,1892,0.0
1892-04-01,1892,1.9
1892-04-02,1892,0.0
1892-04-03,1892,0.0
1892-04-04,1892,0.0
1892-04-05,1892,0.0
1892-04-06,1892,0.0
1892-04-07,1892,0.1
1892-04-08,1892,14.3
1892-04-09,1892,4.9
1892-04-10,1892,12.7
1892-04-11,1892,4.3
1892-04-12,1892,11.3
1892-04-13,1892,0.0
1892-04-14,1892,0.5
1892-04-15,1892,0.0
1892-04-16,1892,0.0
1892-04-17,1892,0.0
1892-04-18,1892,12.3
1892-04-19,1892,0.3
1892-04-20,1892,49.1
1892-04-21,1892,101.5
1892-04-22,1892,76.8
1892-04-23,1892,2.5
1892-04-24,1892,0.0
1892-04-25,1892,0.0
1892-04-26,1892,0.0
1892-04-27,1892,0.0
1892-04-28,1892,0.6
1892-04-29,1892,0.9
1892-04-30,1892,0.0
1892-05-01,1892,0.0
1892-05-02,1892,37.0
1892-05-03,1892,0.0
1892-05-04,1892,0.0
1892-05-05,1892,0.0
1892-05-06,1892,1.2
1892-05-07,1892,3.4
1892-05-08,1892,1.0
1892-05-09,1892,0.0
1892-05-10,1892,91.8
1892-05-11,1892,0.0
1892-05-12,1892,0.0
1892-05-13,1892,0.0
1892-05-14,1892,0.0
1892-05-15,1892,0.0
1892-05-16,1892,1.8
1892-05-17,1892,4.7
1892-05-18,1892,0.5
1892-05-19,1892,0.0
1892-05-20,1892,0.0
1892-05-21,1892,11.0
1892-05-22,1892,31.6
1892-05-23,1892,24.4
1892-05-24,1892,4.1
1892-05-25,1892,0.0
1892-05-26,1892,0.0
1892-05-27,1892,0.9
1892-05-28,1892,0.6
1892-05-29,1892,3.8
1892-05-30,1892,0.0
1892-05-31,1892,0.0
1892-06-01,1892,0.6
1892-06-02,1892,0.3
1892-06-03,1892,0.0
1892-06-04,1892,4.8
1892-06-05,1892,41.8
1892-06-06,1892,81.2
1892-06-07,1892,0.7
1892-06-08,1892,0.0
1892-06-09,1892,0.0
1892-06-10,1892,0.0
1892-06-11,1892,0.0
1892-06-12,1892,0.0
1892-06-13,1892,1.0
1892-06-14,1892,3.0
1892-06-15,1892,56.0
1892-06-16,1892,275.4
1892-06-17,1892,77.6
1892-06-18,1892,128.6
1892-06-19,1892,64.2
1892-06-20,1892,6.9
1892-06-21,1892,0.5
1892-06-22,1892,0.0
1892-06-23,1892,4.6
1892-06-24,1892,2.1
1892-06-25,1892,2.4
1892-06-26,1892,0.0
1892-06-27,1892,2.5
1892-06-28,1892,52.7
1892-06-29,1892,13.8
1892-06-30,1892,52.4
1892-07-01,1892,18.5
1892-07-02,1892,0.0
1892-07-03,1892,17.5
1892-07-04,1892,0.4
1892-07-05,1892,0.0
1892-07-06,1892,0.0
1892-07-07,1892,0.0
1892-07-08,1892,0.0
1892-07-09,1892,0.0
1892-07-10,1892,0.0
1892-07-11,1892,40.7
1892-07-12,1892,17.2
1892-07-13,1892,1.7
1892-07-14,1892,0.0
1892-07-15,1892,7.8
1892-07-16,1892,0.0
1892-07-17,1892,3.3
1892-07-18,1892,22.7
1892-07-19,1892,7.4
1892-07-20,1892,9.4
1892-07-21,1892,0.0
1892-07-22,1892,0.0
1892-07-23,1892,0.0
1892-07-24,1892,34.1
1892-07-25,1892,19.9
1892-07-26,1892,15.2
1892-07-27,1892,4.0
1892-07-28,1892,51.4
1892-07-29,1892,2.1
1892-07-30,1892,0.3
1892-07-31,1892,0.6
1892-08-01,1892,7.5
1892-08-02,1892,18.2
1892-08-03,1892,33.1
1892-08-04,1892,22.1
1892-08-05,1892,0.3
1892-08-06,1892,0.0
1892-08-07,1892,0.0
1892-08-08,1892,0.0
1892-08-09,1892,0.0
1892-08-10,1892,0.0
1892-08-11,1892,0.0
1892-08-12,1892,0.0
1892-08-13,1892,29.7
1892-08-14,1892,0.0
1892-08-15,1892,0.0
1892-08-16,1892,0.0
1892-08-17,1892,0.0
1892-08-18,1892,5.4
1892-08-19,1892,11.3
1892-08-20,1892,22.2
1892-08-21,1892,2.4
1892-08-22,1892,13.0
1892-08-23,1892,2.5
1892-08-24,1892,20.7
1892-08-25,1892,9.0
1892-08-26,1892,7.0
1892-08-27,1892,14.6
1892-08-28,1892,22.7
1892-08-29,1892,27.7
1892-08-30,1892,26.2
1892-08-31,1892,11.9
1892-09-01,1892,4.4
1892-09-02,1892,34.6
1892-09-03,1892,4.8
1892-09-04,1892,0.2
1892-09-05,1892,10.7
1892-09-06,1892,0.0
1892-09-07,1892,0.0
1892-09-08,1892,9.7
1892-09-09,1892,0.7
1892-09-10,1892,0.0
1892-09-11,1892,0.0
1892-09-12,1892,0.0
1892-09-13,1892,1.3
1892-09-14,1892,1.5
1892-09-15,1892,0.0
1892-09-16,1892,0.0
1892-09-17,1892,0.0
1892-09-18,1892,22.7
1892-09-19,1892,43.0
1892-09-20,1892,19.7
1892-09-21,1892,22.4
1892-09-22,1892,0.0
1892-09-23,1892,0.0
1892-09-24,1892,0.0
1892-09-25,1892,0.0
1892-09-26,1892,0.0
1892-09-27,1892,0.0
1892-09-28,1892,0.0
1892-09-29,1892,0.0
1892-09-30,1892,2.3
1892-10-01,1892,0.0
1892-10-02,1892,0.0
1892-10-03,1892,0.0
1892-10-04,1892,0.0
1892-10-05,1892,0.0
1892-10-06,1892,0.0
1892-10-07,1892,0.0
1892-10-08,1892,0.0
1892-10-09,1892,0.0
1892-10-10,1892,0.0
1892-10-11,1892,0.0
1892-10-12,1892,0.0
1892-10-13,1892,0.0
1892-10-14,1892,0.0
1892-10-15,1892,0.0
1892-10-16,1892,0.0
1892-10-17,1892,0.0
1892-10-18,1892,0.0
1892-10-19,1892,0.0
1892-10-20,1892,0.3
1892-10-21,1892,0.1
1892-10-22,1892,0.0
1892-10-23,1892,0.0
1892-10-24,1892,0.0
1892-10-25,1892,0.0
1892-10-26,1892,0.0
1892-10-27,1892,0.0
1892-10-28,1892,0.0
1892-10-29,1892,0.0
1892-10-30,1892,0.0
1892-10-31,1892,0.0
1892-11-01,1892,0.0
1892-11-02,1892,0.0
1892-11-03,1892,0.0
1892-11-04,1892,0.0
1892-11-05,1892,0.0
1892-11-06,1892,0.0
1892-11-07,1892,0.1
1892-11-08,1892,0.7
1892-11-09,1892,0.0
1892-11-10,1892,0.0
1892-11-11,1892,0.2
1892-11-12,1892,0.4
1892-11-13,1892,5.6
1892-11-14,1892,1.4
1892-11-15,1892,0.0
1892-11-16,1892,0.1
1892-11-17,1892,0.0
1892-11-18,1892,0.0
1892-11-19,1892,0.0
1892-11-20,1892,0.0
1892-11-21,1892,0.0
1892-11-22,1892,0.0
1892-11-23,1892,0.0
1892-11-24,1892,0.0
1892-11-25,1892,0.0
1892-11-26,1892,0.0
1892-11-27,1892,0.0
1892-11-28,1892,0.0
1892-11-29,1892,0.0
1892-11-30,1892,0.0
1892-12-01,1892,0.0
1892-12-02,1892,0.0
1892-12-03,1892,0.0
1892-12-04,1892,0.2
1892-12-05,1892,0.9
1892-12-06,1892,0.0
1892-12-07,1892,0.0
1892-12-08,1892,0.0
1892-12-09,1892,0.3
1892-12-10,1892,4.5
1892-12-11,1892,4.5
1892-12-12,1892,2.4
1892-12-13,1892,0.0
1892-12-14,1892,0.0
1892-12-15,1892,0.0
1892-12-16,1892,0.0
1892-12-17,1892,0.0
1892-12-18,1892,0.0
1892-12-19,1892,0.0
1892-12-20,1892,0.0
1892-12-21,1892,0.0
1892-12-22,1892,0.0
1892-12-23,1892,0.0
1892-12-24,1892,0.0
1892-12-25,1892,0.0
1892-12-26,1892,0.0
1892-12-27,1892,0.0
1892-12-28,1892,0.0
1892-12-29,1892,0.0
1892-12-30,1892,0.0
1892-12-31,1892,0.0
1893-01-01,1893,0.0
1893-01-02,1893,0.0
1893-01-03,1893,0.0
1893-01-04,1893,0.0
1893-01-05,1893,0.0
1893-01-06,1893,0.1
1893-01-07,1893,0.0
1893-01-08,1893,0.1
1893-01-09,1893,0.2
1893-01-10,1893,0.2
1893-01-11,1893,0.0
1893-01-12,1893,0.5
1893-01-13,1893,3.4
1893-01-14,1893,2.4
1893-01-15,1893,12.5
1893-01-16,1893,14.7
1893-01-17,1893,0.2
1893-01-18,1893,0.0
1893-01-19,1893,0.0
1893-01-20,1893,0.0
1893-01-21,1893,0.0
1893-01-22,1893,0.0
1893-01-23,1893,0.0
1893-01-24,1893,0.0
1893-01-25,1893,0.1
1893-01-26,1893,0.0
1893-01-27,1893,0.0
1893-01-28,1893,2.4
1893-01-29,1893,0.1
1893-01-30,1893,1.1
1893-01-31,1893,0.4
1893-02-01,1893,1.4
1893-02-02,1893,0.1
1893-02-03,1893,0.0
1893-02-04,1893,0.0
1893-02-05,1893,0.0
1893-02-06,1893,0.0
1893-02-07,1893,0.0
1893-02-08,1893,0.0
1893-02-09,1893,0.0
1893-02-10,1893,0.0
1893-02-11,1893,0.0
1893-02-12,1893,0.0
1893-02-13,1893,0.0
1893-02-14,1893,0.0
1893-02-15,1893,0.2
1893-02-16,1893,3.5
1893-02-17,1893,1.1
1893-02-18,1893,2.9
1893-02-19,1893,1.8
1893-02-20,1893,0.1
1893-02-21,1893,0.0
1893-02-22,1893,0.0
1893-02-23,1893,0.0
1893-02-24,1893,0.0
1893-02-25,1893,0.0
1893-02-26,1893,0.0
1893-02-27,1893,0.2
1893-02-28,1893,0.0
1893-03-01,1893,0.1
1893-03-02,1893,0.5
1893-03-03,1893,0.0
1893-03-04,1893,0.0
1893-03-05,1893,0.0
1893-03-06,1893,1.9
1893-03-07,1893,0.0
1893-03-08,1893,0.0
1893-03-09,1893,0.1
1893-03-10,1893,0.0
1893-03-11,1893,0.0
1893-03-12,1893,0.0
1893-03-13,1893,0.0
1893-03-14,1893,0.0
1893-03-15,1893,0.0
1893-03-16,1893,0.0
1893-03-17,1893,0.0
1893-03-18,1893,36.2
1893-03-19,1893,0.0
1893-03-20,1893,0.0
1893-03-21,1893,0.0
1893-03-22,1893,12.5
1893-03-23,1893,5.2
1893-03-24,1893,0.6
1893-03-25,1893,0.8
1893-03-26,1893,8.7
1893-03-27,1893,17.3
1893-03-28,1893,0.0
1893-03-29,1893,0.5
1893-03-30,1893,0.6
1893-03-31,1893,0.8
1893-04-01,1893,1.8
1893-04-02,1893,0.0
1893-04-03,1893,26.8
1893-04-04,1893,11.9
1893-04-05,1893,13.3
1893-04-06,1893,0.5
1893-04-07,1893,6.3
1893-04-08,1893,0.1
1893-04-09,1893,0.0
1893-04-10,1893,0.0
1893-04-11,1893,0.0
1893-04-12,1893,0.0
1893-04-13,1893,4.6
1893-04-14,1893,5.9
1893-04-15,1893,0.0
1893-04-16,1893,0.5
1893-04-17,1893,0.0
1893-04-18,1893,0.0
1893-04-19,1893,0.3
1893-04-20,1893,3.3
1893-04-21,1893,0.7
1893-04-22,1893,0.0
1893-04-23,1893,0.0
1893-04-24,1893,0.0
1893-04-25,1893,0.0
1893-04-26,1893,0.5
1893-04-27,1893,0.2
1893-04-28,1893,73.3
1893-04-29,1893,39.3
1893-04-30,1893,24.5
1893-05-01,1893,3.4
1893-05-02,1893,21.4
1893-05-03,1893,0.0
1893-05-04,1893,0.0
1893-05-05,1893,2.2
1893-05-06,1893,26.9
1893-05-07,1893,0.1
1893-05-08,1893,1.1
1893-05-09,1893,2.5
1893-05-10,1893,0.0
1893-05-11,1893,0.0
1893-05-12,1893,0.2
1893-05-13,1893,0.0
1893-05-14,1893,0.0
1893-05-15,1893,0.0
1893-05-16,1893,17.0
1893-05-17,1893,0.5
1893-05-18,1893,0.0
1893-05-19,1893,2.5
1893-05-20,1893,48.9
1893-05-21,1893,55.6
1893-05-22,1893,52.4
1893-05-23,1893,35.9
1893-05-24,1893,7.6
1893-05-25,1893,0.3
1893-05-26,1893,0.0
1893-05-27,1893,0.0
1893-05-28,1893,8.7
1893-05-29,1893,122.3
1893-05-30,1893,0.0
1893-05-31,1893,0.0
1893-06-01,1893,0.0
1893-06-02,1893,3.2
1893-06-03,1893,0.4
1893-06-04,1893,0.0
1893-06-05,1893,0.0
1893-06-06,1893,0.0
1893-06-07,1893,0.0
1893-06-08,1893,0.0
1893-06-09,1893,0.9
1893-06-10,1893,1.0
1893-06-11,1893,1.1
1893-06-12,1893,0.0
1893-06-13,1893,0.0
1893-06-14,1893,0.0
1893-06-15,1893,26.0
1893-06-16,1893,0.0
1893-06-17,1893,30.5
1893-06-18,1893,31.6
1893-06-19,1893,15.9
1893-06-20,1893,1.4
1893-06-21,1893,4.3
1893-06-22,1893,5.5
1893-06-23,1893,20.4
1893-06-24,1893,26.2
1893-06-25,1893,8.5
1893-06-26,1893,1.6
1893-06-27,1893,1.7
1893-06-28,1893,0.0
1893-06-29,1893,0.1
1893-06-30,1893,0.0
1893-07-01,1893,12.4
1893-07-02,1893,7.3
1893-07-03,1893,28.1
1893-07-04,1893,0.0
1893-07-05,1893,21.9
1893-07-06,1893,0.0
1893-07-07,1893,14.9
1893-07-08,1893,0.0
1893-07-09,1893,4.3
1893-07-10,1893,0.0
1893-07-11,1893,0.0
1893-07-12,1893,0.0
1893-07-13,1893,0.0
1893-07-14,1893,2.8
1893-07-15,1893,19.4
1893-07-16,1893,16.8
1893-07-17,1893,8.6
1893-07-18,1893,36.8
1893-07-19,1893,0.0
1893-07-20,1893,32.0
1893-07-21,1893,119.9
1893-07-22,1893,42.0
1893-07-23,1893,103.7
1893-07-24,1893,46.6
1893-07-25,1893,17.3
1893-07-26,1893,0.0
1893-07-27,1893,0.4
1893-07-28,1893,0.0
1893-07-29,1893,0.0
1893-07-30,1893,0.0
1893-07-31,1893,4.2
1893-08-01,1893,0.4
1893-08-02,1893,2.9
1893-08-03,1893,24.8
1893-08-04,1893,4.3
1893-08-05,1893,6.7
1893-08-06,1893,37.6
1893-08-07,1893,8.9
1893-08-08,1893,0.0
1893-08-09,1893,9.3
1893-08-10,1893,0.0
1893-08-11,1893,0.0
1893-08-12,1893,0.0
1893-08-13,1893,0.0
1893-08-14,1893,0.0
1893-08-15,1893,0.0
1893-08-16,1893,0.3
1893-08-17,1893,0.0
1893-08-18,1893,0.0
1893-08-19,1893,0.0
1893-08-20,1893,58.9
1893-08-21,1893,41.1
1893-08-22,1893,0.0
1893-08-23,1893,1.5
1893-08-24,1893,2.0
1893-08-25,1893,0.0
1893-08-26,1893,1.1
1893-08-27,1893,0.0
1893-08-28,1893,1.3
1893-08-29,1893,5.9
1893-08-30,1893,15.1
1893-08-31,1893,0.0
1893-09-01,1893,0.0
1893-09-02,1893,0.0
1893-09-03,1893,0.0
1893-09-04,1893,35.6
1893-09-05,1893,30.1
1893-09-06,1893,2.8
1893-09-07,1893,3.4
1893-09-08,1893,29.6
1893-09-09,1893,12.9
1893-09-10,1893,0.0
1893-09-11,1893,0.0
1893-09-12,1893,36.9
1893-09-13,1893,0.0
1893-09-14,1893,3.5
1893-09-15,1893,66.3
1893-09-16,1893,0.0
1893-09-17,1893,0.0
1893-09-18,1893,2.8
1893-09-19,1893,0.0
1893-09-20,1893,0.0
1893-09-21,1893,0.0
1893-09-22,1893,0.0
1893-09-23,1893,13.1
1893-09-24,1893,45.7
1893-09-25,1893,62.9
1893-09-26,1893,0.0
1893-09-27,1893,0.0
1893-09-28,1893,7.9
1893-09-29,1893,28.9
1893-09-30,1893,0.0
1893-10-01,1893,12.7
1893-10-02,1893,114.1
1893-10-03,1893,175.6
1893-10-04,1893,19.2
1893-10-05,1893,5.5
1893-10-06,1893,0.1
1893-10-07,1893,1.0
1893-10-08,1893,66.6
1893-10-09,1893,1.4
1893-10-10,1893,0.0
1893-10-11,1893,21.4
1893-10-12,1893,0.0
1893-10-13,1893,0.0
1893-10-14,1893,7.9
1893-10-15,1893,14.0
1893-10-16,1893,0.0
1893-10-17,1893,0.2
1893-10-18,1893,0.0
1893-10-19,1893,8.6
1893-10-20,1893,0.3
1893-10-21,1893,0.0
1893-10-22,1893,0.0
1893-10-23,1893,0.0
1893-10-24,1893,0.0
1893-10-25,1893,3.3
1893-10-26,1893,2.2
1893-10-27,1893,0.0
1893-10-28,1893,0.0
1893-10-29,1893,0.0
1893-10-30,1893,0.0
1893-10-31,1893,0.0
1893-11-01,1893,0.0
1893-11-02,1893,0.0
1893-11-03,1893,0.5
1893-11-04,1893,0.3
1893-11-05,1893,0.0
1893-11-06,1893,0.0
1893-11-07,1893,0.0
1893-11-08,1893,0.0
1893-11-09,1893,0.0
1893-11-10,1893,0.0
1893-11-11,1893,0.0
1893-11-12,1893,0.0
1893-11-13,1893,0.0
1893-11-14,1893,0.0
1893-11-15,1893,0.0
1893-11-16,1893,0.0
1893-11-17,1893,0.0
1893-11-18,1893,0.0
1893-11-19,1893,0.0
1893-11-20,1893,0.0
1893-11-21,1893,0.0
1893-11-22,1893,0.0
1893-11-23,1893,0.0
1893-11-24,1893,0.0
1893-11-25,1893,0.0
1893-11-26,1893,0.0
1893-11-27,1893,0.0
1893-11-28,1893,0.0
1893-11-29,1893,0.0
1893-11-30,1893,0.0
1893-12-01,1893,0.0
1893-12-02,1893,0.0
1893-12-03,1893,0.0
1893-12-04,1893,0.0
1893-12-05,1893,0.0
1893-12-06,1893,0.0
1893-12-07,1893,0.0
1893-12-08,1893,0.0
1893-12-09,1893,0.0
1893-12-10,1893,0.0
1893-12-11,1893,0.0
1893-12-12,1893,0.0
1893-12-13,1893,0.0
1893-12-14,1893,0.0
1893-12-15,1893,0.0
1893-12-16,1893,0.0
1893-12-17,1893,0.0
1893-12-18,1893,0.0
1893-12-19,1893,0.0
1893-12-20,1893,0.0
1893-12-21,1893,0.0
1893-12-22,1893,0.0
1893-12-23,1893,0.0
1893-12-24,1893,0.0
1893-12-25,1893,0.0
1893-12-26,1893,0.1
1893-12-27,1893,0.0
1893-12-28,1893,0.4
1893-12-29,1893,0.7
1893-12-30,1893,0.0
1893-12-31,1893,0.0
1894-01-01,1894,0.0
1894-01-02,1894,0.0
1894-01-03,1894,0.0
1894-01-04,1894,0.0
1894-01-05,1894,0.0
1894-01-06,1894,0.0
1894-01-07,1894,0.0
1894-01-08,1894,0.0
1894-01-09,1894,0.0
1894-01-10,1894,0.0
1894-01-11,1894,0.0
1894-01-12,1894,0.0
1894-01-13,1894,0.1
1894-01-14,1894,0.0
1894-01-15,1894,0.0
1894-01-16,1894,0.2
1894-01-17,1894,1.5
1894-01-18,1894,0.9
1894-01-19,1894,0.0
1894-01-20,1894,0.0
1894-01-21,1894,0.0
1894-01-22,1894,6.0
1894-01-23,1894,3.8
1894-01-24,1894,0.0
1894-01-25,1894,0.0
1894-01-26,1894,1.0
1894-01-27,1894,0.7
1894-01-28,1894,0.0
1894-01-29,1894,1.2
1894-01-30,1894,6.3
1894-01-31,1894,0.7
1894-02-01,1894,0.0
1894-02-02,1894,0.0
1894-02-03,1894,0.0
1894-02-04,1894,3.0
1894-02-05,1894,6.5
1894-02-06,1894,1.2
1894-02-07,1894,0.6
1894-02-08,1894,0.0
1894-02-09,1894,1.4
1894-02-10,1894,2.0
1894-02-11,1894,0.0
1894-02-12,1894,0.0
1894-02-13,1894,0.0
1894-02-14,1894,0.0
1894-02-15,1894,0.0
1894-02-16,1894,0.0
1894-02-17,1894,0.0
1894-02-18,1894,0.0
1894-02-19,1894,0.0
1894-02-20,1894,0.0
1894-02-21,1894,0.0
1894-02-22,1894,0.0
1894-02-23,1894,0.0
1894-02-24,1894,0.0
1894-02-25,1894,0.0
1894-02-26,1894,0.0
1894-02-27,1894,0.1
1894-02-28,1894,0.0
1894-03-01,1894,0.0
1894-03-02,1894,0.0
1894-03-03,1894,0.1
1894-03-04,1894,0.0
1894-03-05,1894,0.7
1894-03-06,1894,0.4
1894-03-07,1894,0.5
1894-03-08,1894,2.9
1894-03-09,1894,1.0
1894-03-10,1894,0.4
1894-03-11,1894,0.0
1894-03-12,1894,0.0
1894-03-13,1894,0.0
1894-03-14,1894,0.0
1894-03-15,1894,0.0
1894-03-16,1894,0.0
1894-03-17,1894,0.0
1894-03-18,1894,0.0
1894-03-19,1894,0.0
1894-03-20,1894,0.0
1894-03-21,1894,0.0
1894-03-22,1894,0.0
1894-03-23,1894,0.0
1894-03-24,1894,0.0
1894-03-25,1894,0.0
1894-03-26,1894,0.0
1894-03-27,1894,0.7
1894-03-28,1894,0.0
1894-03-29,1894,0.0
1894-03-30,1894,0.0
1894-03-31,1894,0.0
1894-04-01,1894,0.0
1894-04-02,1894,0.1
1894-04-03,1894,0.0
1894-04-04,1894,0.1
1894-04-05,1894,0.0
1894-04-06,1894,0.5
1894-04-07,1894,34.8
1894-04-08,1894,13.6
1894-04-09,1894,2.2
1894-04-10,1894,0.4
1894-04-11,1894,0.1
1894-04-12,1894,0.0
1894-04-13,1894,0.0
1894-04-14,1894,0.2
1894-04-15,1894,1.5
1894-04-16,1894,0.1
1894-04-17,1894,0.9
1894-04-18,1894,0.0
1894-04-19,1894,0.0
1894-04-20,1894,0.0
1894-04-21,1894,0.0
1894-04-22,1894,0.0
1894-04-23,1894,0.0
1894-04-24,1894,0.3
1894-04-25,1894,7.7
1894-04-26,1894,0.0
1894-04-27,1894,0.0
1894-04-28,1894,0.0
1894-04-29,1894,0.0
1894-04-30,1894,0.6
1894-05-01,1894,0.3
1894-05-02,1894,0.3
1894-05-03,1894,0.0
1894-05-04,1894,0.0
1894-05-05,1894,0.0
1894-05-06,1894,0.0
1894-05-07,1894,4.7
1894-05-08,1894,0.3
1894-05-09,1894,1.2
1894-05-10,1894,1.4
1894-05-11,1894,3.7
1894-05-12,1894,1.0
1894-05-13,1894,0.0
1894-05-14,1894,0.0
1894-05-15,1894,0.0
1894-05-16,1894,52.0
1894-05-17,1894,41.4
1894-05-18,1894,157.2
1894-05-19,1894,50.6
1894-05-20,1894,122.1
1894-05-21,1894,52.9
1894-05-22,1894,0.0
1894-05-23,1894,0.1
1894-05-24,1894,0.0
1894-05-25,1894,8.1
1894-05-26,1894,3.1
1894-05-27,1894,2.0
1894-05-28,1894,3.4
1894-05-29,1894,0.0
1894-05-30,1894,0.3
1894-05-31,1894,2.3
1894-06-01,1894,34.6
1894-06-02,1894,21.0
1894-06-03,1894,16.5
1894-06-04,1894,0.0
1894-06-05,1894,3.9
1894-06-06,1894,0.0
1894-06-07,1894,0.0
1894-06-08,1894,39.8
1894-06-09,1894,27.2
1894-06-10,1894,86.5
1894-06-11,1894,10.4
1894-06-12,1894,6.5
1894-06-13,1894,0.0
1894-06-14,1894,0.0
1894-06-15,1894,0.0
1894-06-16,1894,32.3
1894-06-17,1894,74.8
1894-06-18,1894,5.9
1894-06-19,1894,0.0
1894-06-20,1894,0.0
1894-06-21,1894,1.6
1894-06-22,1894,2.8
1894-06-23,1894,0.0
1894-06-24,1894,40.1
1894-06-25,1894,3.4
1894-06-26,1894,5.0
1894-06-27,1894,0.0
1894-06-28,1894,0.0
1894-06-29,1894,7.7
1894-06-30,1894,0.0
1894-07-01,1894,0.0
1894-07-02,1894,2.0
1894-07-03,1894,11.5
1894-07-04,1894,0.7
1894-07-05,1894,10.0
1894-07-06,1894,1.3
1894-07-07,1894,0.4
1894-07-08,1894,2.1
1894-07-09,1894,0.0
1894-07-10,1894,0.7
1894-07-11,1894,0.0
1894-07-12,1894,0.0
1894-07-13,1894,1.2
1894-07-14,1894,38.9
1894-07-15,1894,26.2
1894-07-16,1894,0.0
1894-07-17,1894,0.0
1894-07-18,1894,0.0
1894-07-19,1894,2.7
1894-07-20,1894,10.5
1894-07-21,1894,38.9
1894-07-22,1894,1.7
1894-07-23,1894,0.5
1894-07-24,1894,0.1
1894-07-25,1894,19.9
1894-07-26,1894,25.1
1894-07-27,1894,40.5
1894-07-28,1894,5.7
1894-07-29,1894,0.0
1894-07-30,1894,0.0
1894-07-31,1894,0.0
1894-08-01,1894,0.0
1894-08-02,1894,0.0
1894-08-03,1894,0.0
1894-08-04,1894,0.0
1894-08-05,1894,26.3
1894-08-06,1894,0.0
1894-08-07,1894,4.6
1894-08-08,1894,52.9
1894-08-09,1894,17.2
1894-08-10,1894,52.6
1894-08-11,1894,144.0
1894-08-12,1894,32.7
1894-08-13,1894,12.7
1894-08-14,1894,11.3
1894-08-15,1894,0.3
1894-08-16,1894,13.9
1894-08-17,1894,0.3
1894-08-18,1894,0.0
1894-08-19,1894,0.2
1894-08-20,1894,9.4
1894-08-21,1894,0.0
1894-08-22,1894,0.0
1894-08-23,1894,0.0
1894-08-24,1894,0.0
1894-08-25,1894,0.0
1894-08-26,1894,20.8
1894-08-27,1894,18.0
1894-08-28,1894,3.0
1894-08-29,1894,0.0
1894-08-30,1894,0.0
1894-08-31,1894,0.0
1894-09-01,1894,0.0
1894-09-02,1894,2.2
1894-09-03,1894,5.6
1894-09-04,1894,0.0
1894-09-05,1894,0.0
1894-09-06,1894,0.0
1894-09-07,1894,0.0
1894-09-08,1894,0.0
1894-09-09,1894,0.0
1894-09-10,1894,14.5
1894-09-11,1894,10.2
1894-09-12,1894,7.6
1894-09-13,1894,29.6
1894-09-14,1894,0.0
1894-09-15,1894,3.3
1894-09-16,1894,0.0
1894-09-17,1894,0.0
1894-09-18,1894,11.7
1894-09-19,1894,78.9
1894-09-20,1894,3.3
1894-09-21,1894,67.4
1894-09-22,1894,3.0
1894-09-23,1894,1.2
1894-09-24,1894,10.2
1894-09-25,1894,146.8
1894-09-26,1894,1.3
1894-09-27,1894,2.1
1894-09-28,1894,0.0
1894-09-29,1894,33.0
1894-09-30,1894,53.5
1894-10-01,1894,11.3
1894-10-02,1894,4.9
1894-10-03,1894,1.3
1894-10-04,1894,18.0
1894-10-05,1894,258.8
1894-10-06,1894,150.4
1894-10-07,1894,0.2
1894-10-08,1894,0.0
1894-10-09,1894,0.0
1894-10-10,1894,0.0
1894-10-11,1894,0.9
1894-10-12,1894,0.4
1894-10-13,1894,0.0
1894-10-14,1894,0.0
1894-10-15,1894,0.0
1894-10-16,1894,0.0
1894-10-17,1894,0.0
1894-10-18,1894,0.0
1894-10-19,1894,0.0
1894-10-20,1894,0.0
1894-10-21,1894,0.0
1894-10-22,1894,0.0
1894-10-23,1894,0.0
1894-10-24,1894,0.0
1894-10-25,1894,0.0
1894-10-26,1894,0.0
1894-10-27,1894,0.0
1894-10-28,1894,0.0
1894-10-29,1894,0.0
1894-10-30,1894,0.0
1894-10-31,1894,0.0
1894-11-01,1894,0.4
1894-11-02,1894,0.1
1894-11-03,1894,0.0
1894-11-04,1894,0.0
1894-11-05,1894,0.0
1894-11-06,1894,0.0
1894-11-07,1894,0.0
1894-11-08,1894,0.0
1894-11-09,1894,0.0
1894-11-10,1894,0.0
1894-11-11,1894,0.0
1894-11-12,1894,0.0
1894-11-13,1894,0.0
1894-11-14,1894,0.0
1894-11-15,1894,0.0
1894-11-16,1894,0.0
1894-11-17,1894,0.0
1894-11-18,1894,0.0
1894-11-19,1894,0.0
1894-11-20,1894,0.0
1894-11-21,1894,0.3
1894-11-22,1894,0.0
1894-11-23,1894,0.0
1894-11-24,1894,0.0
1894-11-25,1894,0.0
1894-11-26,1894,0.0
1894-11-27,1894,0.0
1894-11-28,1894,0.0
1894-11-29,1894,0.0
1894-11-30,1894,0.0
1894-12-01,1894,0.0
1894-12-02,1894,0.0
1894-12-03,1894,0.0
1894-12-04,1894,0.0
1894-12-05,1894,0.0
1894-12-06,1894,2.3
1894-12-07,1894,0.0
1894-12-08,1894,0.0
1894-12-09,1894,0.0
1894-12-10,1894,0.0
1894-12-11,1894,0.0
1894-12-12,1894,0.0
1894-12-13,1894,0.0
1894-12-14,1894,0.0
1894-12-15,1894,0.0
1894-12-16,1894,0.0
1894-12-17,1894,0.0
1894-12-18,1894,0.0
1894-12-19,1894,0.0
1894-12-20,1894,0.0
1894-12-21,1894,0.0
1894-12-22,1894,0.0
1894-12-23,1894,0.0
1894-12-24,1894,0.0
1894-12-25,1894,0.0
1894-12-26,1894,0.9
1894-12-27,1894,5.0
1894-12-28,1894,3.4
1894-12-29,1894,6.3
1894-12-30,1894,0.0
1894-12-31,1894,1.1
1895-01-01,1895,1.5
1895-01-02,1895,0.0
1895-01-03,1895,0.3
1895-01-04,1895,0.0
1895-01-05,1895,0.0
1895-01-06,1895,0.0
1895-01-07,1895,0.0
1895-01-08,1895,0.0
1895-01-09,1895,0.0
1895-01-10,1895,0.0
1895-01-11,1895,0.0
1895-01-12,1895,0.1
1895-01-13,1895,0.2
1895-01-14,1895,0.2
1895-01-15,1895,0.6
1895-01-16,1895,1.6
1895-01-17,1895,0.1
1895-01-18,1895,0.0
1895-01-19,1895,3.7
1895-01-20,1895,1.7
1895-01-21,1895,0.1
1895-01-22,1895,0.0
1895-01-23,1895,0.0
1895-01-24,1895,0.0
1895-01-25,1895,0.0
1895-01-26,1895,0.0
1895-01-27,1895,0.0
1895-01-28,1895,0.0
1895-01-29,1895,0.0
1895-01-30,1895,0.0
1895-01-31,1895,0.0
1895-02-01,1895,0.0
1895-02-02,1895,0.0
1895-02-03,1895,0.0
1895-02-04,1895,0.3
1895-02-05,1895,0.2
1895-02-06,1895,0.0
1895-02-07,1895,0.0
1895-02-08,1895,7.8
1895-02-09,1895,9.7
1895-02-10,1895,2.5
1895-02-11,1895,0.0
1895-02-12,1895,0.0
1895-02-13,1895,0.0
1895-02-14,1895,0.1
1895-02-15,1895,0.2
1895-02-16,1895,0.0
1895-02-17,1895,0.2
1895-02-18,1895,0.0
1895-02-19,1895,0.0
1895-02-20,1895,0.0
1895-02-21,1895,0.0
1895-02-22,1895,0.0
1895-02-23,1895,0.0
1895-02-24,1895,0.0
1895-02-25,1895,0.0
1895-02-26,1895,0.0
1895-02-27,1895,0.0
1895-02-28,1895,0.0
1895-03-01,1895,0.0
1895-03-02,1895,0.5
1895-03-03,1895,0.0
1895-03-04,1895,0.0
1895-03-05,1895,0.0
1895-03-06,1895,0.0
1895-03-07,1895,0.6
1895-03-08,1895,0.0
1895-03-09,1895,0.0
1895-03-10,1895,0.1
1895-03-11,1895,0.2
1895-03-12,1895,0.0
1895-03-13,1895,0.0
1895-03-14,1895,0.0
1895-03-15,1895,9.6
1895-03-16,1895,1.8
1895-03-17,1895,0.0
1895-03-18,1895,0.0
1895-03-19,1895,0.0
1895-03-20,1895,0.0
1895-03-21,1895,0.0
1895-03-22,1895,0.0
1895-03-23,1895,0.0
1895-03-24,1895,0.0
1895-03-25,1895,0.0
1895-03-26,1895,0.0
1895-03-27,1895,0.0
1895-03-28,1895,22.1
1895-03-29,1895,0.3
1895-03-30,1895,0.0
1895-03-31,1895,0.0
1895-04-01,1895,0.0
1895-04-02,1895,0.0
1895-04-03,1895,0.0
1895-04-04,1895,0.3
1895-04-05,1895,0.0
1895-04-06,1895,0.0
1895-04-07,1895,0.0
1895-04-08,1895,0.1
1895-04-09,1895,0.3
1895-04-10,1895,0.0
1895-04-11,1895,0.0
1895-04-12,1895,0.0
1895-04-13,1895,0.0
1895-04-14,1895,0.0
1895-04-15,1895,0.0
1895-04-16,1895,0.0
1895-04-17,1895,0.0
1895-04-18,1895,0.0
1895-04-19,1895,0.0
1895-04-20,1895,2.2
1895-04-21,1895,0.0
1895-04-22,1895,0.0
1895-04-23,1895,3.8
1895-04-24,1895,47.3
1895-04-25,1895,11.5
1895-04-26,1895,0.0
1895-04-27,1895,0.0
1895-04-28,1895,0.0
1895-04-29,1895,0.1
1895-04-30,1895,0.3
1895-05-01,1895,0.0
1895-05-02,1895,0.0
1895-05-03,1895,2.8
1895-05-04,1895,1.7
1895-05-05,1895,0.0
1895-05-06,1895,0.0
1895-05-07,1895,0.0
1895-05-08,1895,0.0
1895-05-09,1895,0.0
1895-05-10,1895,6.0
1895-05-11,1895,0.0
1895-05-12,1895,0.0
1895-05-13,1895,0.0
1895-05-14,1895,0.0
1895-05-15,1895,0.0
1895-05-16,1895,0.0
1895-05-17,1895,3.5
1895-05-18,1895,2.5
1895-05-19,1895,11.1
1895-05-20,1895,7.4
1895-05-21,1895,1.8
1895-05-22,1895,6.8
1895-05-23,1895,32.3
1895-05-24,1895,6.1
1895-05-25,1895,0.6
1895-05-26,1895,0.0
1895-05-27,1895,0.3
1895-05-28,1895,27.5
1895-05-29,1895,23.6
1895-05-30,1895,0.0
1895-05-31,1895,9.0
1895-06-01,1895,2.0
1895-06-02,1895,31.3
1895-06-03,1895,22.9
1895-06-04,1895,0.4
1895-06-05,1895,0.0
1895-06-06,1895,0.0
1895-06-07,1895,0.4
1895-06-08,1895,1.0
1895-06-09,1895,1.0
1895-06-10,1895,0.2
1895-06-11,1895,0.1
1895-06-12,1895,5.1
1895-06-13,1895,4.2
1895-06-14,1895,0.0
1895-06-15,1895,0.0
1895-06-16,1895,0.0
1895-06-17,1895,0.1
1895-06-18,1895,2.2
1895-06-19,1895,1.7
1895-06-20,1895,0.3
1895-06-21,1895,0.0
1895-06-22,1895,1.0
1895-06-23,1895,0.0
1895-06-24,1895,0.0
1895-06-25,1895,0.0
1895-06-26,1895,18.2
1895-06-27,1895,2.3
1895-06-28,1895,0.0
1895-06-29,1895,29.3
1895-06-30,1895,2.5
1895-07-01,1895,9.8
1895-07-02,1895,19.5
1895-07-03,1895,27.2
1895-07-04,1895,61.9
1895-07-05,1895,21.9
1895-07-06,1895,27.6
1895-07-07,1895,12.1
1895-07-08,1895,0.0
1895-07-09,1895,0.4
1895-07-10,1895,5.6
1895-07-11,1895,2.2
1895-07-12,1895,0.4
1895-07-13,1895,0.0
1895-07-14,1895,1.5
1895-07-15,1895,2.2
1895-07-16,1895,6.1
1895-07-17,1895,0.0
1895-07-18,1895,0.0
1895-07-19,1895,0.0
1895-07-20,1895,0.0
1895-07-21,1895,0.0
1895-07-22,1895,0.0
1895-07-23,1895,0.0
1895-07-24,1895,0.0
1895-07-25,1895,5.9
1895-07-26,1895,6.6
1895-07-27,1895,0.0
1895-07-28,1895,108.1
1895-07-29,1895,106.4
1895-07-30,1895,54.5
1895-07-31,1895,0.0
1895-08-01,1895,2.2
1895-08-02,1895,0.0
1895-08-03,1895,0.0
1895-08-04,1895,0.0
1895-08-05,1895,2.0
1895-08-06,1895,0.0
1895-08-07,1895,7.1
1895-08-08,1895,0.0
1895-08-09,1895,5.3
1895-08-10,1895,38.8
1895-08-11,1895,36.3
1895-08-12,1895,26.2
1895-08-13,1895,19.5
1895-08-14,1895,1.5
1895-08-15,1895,0.0
1895-08-16,1895,0.0
1895-08-17,1895,0.0
1895-08-18,1895,3.0
1895-08-19,1895,1.6
1895-08-20,1895,0.1
1895-08-21,1895,0.1
1895-08-22,1895,0.0
1895-08-23,1895,0.0
1895-08-24,1895,3.4
1895-08-25,1895,0.0
1895-08-26,1895,0.0
1895-08-27,1895,3.7
1895-08-28,1895,1.7
1895-08-29,1895,0.0
1895-08-30,1895,0.7
1895-08-31,1895,2.8
1895-09-01,1895,0.0
1895-09-02,1895,3.8
1895-09-03,1895,0.0
1895-09-04,1895,0.0
1895-09-05,1895,0.0
1895-09-06,1895,0.0
1895-09-07,1895,0.0
1895-09-08,1895,0.0
1895-09-09,1895,0.5
1895-09-10,1895,0.0
1895-09-11,1895,0.0
1895-09-12,1895,0.0
1895-09-13,1895,0.0
1895-09-14,1895,0.5
1895-09-15,1895,0.0
1895-09-16,1895,0.0
1895-09-17,1895,0.0
1895-09-18,1895,20.8
1895-09-19,1895,2.2
1895-09-20,1895,14.8
1895-09-21,1895,1.1
1895-09-22,1895,0.0
1895-09-23,1895,0.0
1895-09-24,1895,0.0
1895-09-25,1895,0.0
1895-09-26,1895,15.8
1895-09-27,1895,8.2
1895-09-28,1895,12.0
1895-09-29,1895,21.5
1895-09-30,1895,0.0
1895-10-01,1895,0.0
1895-10-02,1895,0.0
1895-10-03,1895,0.0
1895-10-04,1895,0.0
1895-10-05,1895,0.0
1895-10-06,1895,0.0
1895-10-07,1895,0.0
1895-10-08,1895,0.0
1895-10-09,1895,0.0
1895-10-10,1895,0.0
1895-10-11,1895,0.0
1895-10-12,1895,0.0
1895-10-13,1895,0.0
1895-10-14,1895,0.0
1895-10-15,1895,0.0
1895-10-16,1895,0.0
1895-10-17,1895,0.0
1895-10-18,1895,0.0
1895-10-19,1895,0.3
1895-10-20,1895,2.2
1895-10-21,1895,1.1
1895-10-22,1895,1.7
1895-10-23,1895,5.2
1895-10-24,1895,0.7
1895-10-25,1895,0.0
1895-10-26,1895,0.0
1895-10-27,1895,0.0
1895-10-28,1895,0.0
1895-10-29,1895,0.0
1895-10-30,1895,0.0
1895-10-31,1895,1.4
1895-11-01,1895,5.7
1895-11-02,1895,0.0
1895-11-03,1895,0.0
1895-11-04,1895,0.0
1895-11-05,1895,0.0
1895-11-06,1895,0.0
1895-11-07,1895,0.0
1895-11-08,1895,0.0
1895-11-09,1895,0.0
1895-11-10,1895,0.0
1895-11-11,1895,0.0
1895-11-12,1895,0.0
1895-11-13,1895,0.0
1895-11-14,1895,0.7
1895-11-15,1895,0.5
1895-11-16,1895,0.0
1895-11-17,1895,0.0
1895-11-18,1895,0.0
1895-11-19,1895,0.0
1895-11-20,1895,0.0
1895-11-21,1895,0.0
1895-11-22,1895,0.0
1895-11-23,1895,0.0
1895-11-24,1895,0.0
1895-11-25,1895,0.0
1895-11-26,1895,0.1
1895-11-27,1895,1.1
1895-11-28,1895,0.0
1895-11-29,1895,0.0
1895-11-30,1895,0.0
1895-12-01,1895,0.0
1895-12-02,1895,0.0
1895-12-03,1895,0.0
1895-12-04,1895,0.0
1895-12-05,1895,0.0
1895-12-06,1895,0.0
1895-12-07,1895,0.0
1895-12-08,1895,0.2
1895-12-09,1895,2.8
1895-12-10,1895,1.4
1895-12-11,1895,0.0
1895-12-12,1895,0.0
1895-12-13,1895,0.0
1895-12-14,1895,0.0
1895-12-15,1895,0.0
1895-12-16,1895,0.0
1895-12-17,1895,0.0
1895-12-18,1895,0.0
1895-12-19,1895,0.0
1895-12-20,1895,0.0
1895-12-21,1895,0.0
1895-12-22,1895,0.0
1895-12-23,1895,0.0
1895-12-24,1895,0.6
1895-12-25,1895,0.0
1895-12-26,1895,0.0
1895-12-27,1895,0.0
1895-12-28,1895,0.0
1895-12-29,1895,0.0
1895-12-30,1895,0.0
1895-12-31,1895,0.0
1896-01-01,1896,0.0
1896-01-02,1896,0.0
1896-01-03,1896,0.0
1896-01-04,1896,10.1
1896-01-05,1896,1.1
1896-01-06,1896,0.0
1896-01-07,1896,0.0
1896-01-08,1896,0.0
1896-01-09,1896,0.0
1896-01-10,1896,0.0
1896-01-11,1896,0.0
1896-01-12,1896,0.1
1896-01-13,1896,0.1
1896-01-14,1896,0.4
1896-01-15,1896,0.0
1896-01-16,1896,1.2
1896-01-17,1896,0.0
1896-01-18,1896,1.2
1896-01-19,1896,0.0
1896-01-20,1896,0.0
1896-01-21,1896,0.0
1896-01-22,1896,0.0
1896-01-23,1896,0.0
1896-01-24,1896,0.0
1896-01-25,1896,1.6
1896-01-26,1896,21.5
1896-01-27,1896,0.8
1896-01-28,1896,0.0
1896-01-29,1896,0.2
1896-01-30,1896,0.0
1896-01-31,1896,5.4
1896-02-01,1896,55.6
1896-02-02,1896,0.6
1896-02-03,1896,6.9
1896-02-04,1896,4.1
1896-02-05,1896,0.0
1896-02-06,1896,0.0
1896-02-07,1896,2.1
1896-02-08,1896,1.2
1896-02-09,1896,11.3
1896-02-10,1896,0.0
1896-02-11,1896,0.0
1896-02-12,1896,5.2
1896-02-13,1896,1.4
1896-02-14,1896,13.6
1896-02-15,1896,6.4
1896-02-16,1896,2.7
1896-02-17,1896,24.8
1896-02-18,1896,0.8
1896-02-19,1896,0.0
1896-02-20,1896,0.0
1896-02-21,1896,1.6
1896-02-22,1896,18.6
1896-02-23,1896,15.8
1896-02-24,1896,5.1
1896-02-25,1896,0.0
1896-02-26,1896,17.9
1896-02-27,1896,3.6
1896-02-28,1896,2.0
1896-02-29,1896,0.1
1896-03-01,1896,0.0
1896-03-02,1896,0.0
1896-03-03,1896,0.0
1896-03-04,1896,4.5
1896-03-05,1896,3.5
1896-03-06,1896,0.0
1896-03-07,1896,0.0
1896-03-08,1896,0.0
1896-03-09,1896,1.3
1896-03-10,1896,1.6
1896-03-11,1896,15.8
1896-03-12,1896,5.1
1896-03-13,1896,2.5
1896-03-14,1896,0.3
1896-03-15,1896,0.2
1896-03-16,1896,0.0
1896-03-17,1896,0.0
1896-03-18,1896,0.0
1896-03-19,1896,0.0
1896-03-20,1896,1.2
1896-03-21,1896,0.0
1896-03-22,1896,0.0
1896-03-23,1896,0.0
1896-03-24,1896,0.0
1896-03-25,1896,0.0
1896-03-26,1896,0.0
1896-03-27,1896,0.0
1896-03-28,1896,0.1
1896-03-29,1896,0.3
1896-03-30,1896,0.0
1896-03-31,1896,0.0
1896-04-01,1896,0.0
1896-04-02,1896,0.0
1896-04-03,1896,2.7
1896-04-04,1896,0.8
1896-04-05,1896,0.0
1896-04-06,1896,1.3
1896-04-07,1896,1.1
1896-04-08,1896,0.0
1896-04-09,1896,1.7
1896-04-10,1896,21.6
1896-04-11,1896,21.6
1896-04-12,1896,0.1
1896-04-13,1896,0.0
1896-04-14,1896,0.0
1896-04-15,1896,0.4
1896-04-16,1896,0.0
1896-04-17,1896,0.0
1896-04-18,1896,0.7
1896-04-19,1896,0.3
1896-04-20,1896,0.0
1896-04-21,1896,0.0
1896-04-22,1896,0.0
1896-04-23,1896,0.0
1896-04-24,1896,0.0
1896-04-25,1896,0.0
1896-04-26,1896,0.0
1896-04-27,1896,0.0
1896-04-28,1896,0.1
1896-04-29,1896,0.9
1896-04-30,1896,0.0
1896-05-01,1896,2.9
1896-05-02,1896,0.0
1896-05-03,1896,0.0
1896-05-04,1896,1.6
1896-05-05,1896,0.3
1896-05-06,1896,13.8
1896-05-07,1896,1.4
1896-05-08,1896,0.0
1896-05-09,1896,0.0
1896-05-10,1896,0.2
1896-05-11,1896,1.3
1896-05-12,1896,0.0
1896-05-13,1896,0.0
1896-05-14,1896,1.9
1896-05-15,1896,0.0
1896-05-16,1896,0.0
1896-05-17,1896,0.0
1896-05-18,1896,0.0
1896-05-19,1896,0.0
1896-05-20,1896,0.0
1896-05-21,1896,0.0
1896-05-22,1896,0.9
1896-05-23,1896,1.2
1896-05-24,1896,0.0
1896-05-25,1896,3.1
1896-05-26,1896,0.0
1896-05-27,1896,0.3
1896-05-28,1896,0.0
1896-05-29,1896,0.0
1896-05-30,1896,0.0
1896-05-31,1896,0.0
1896-06-01,1896,0.0
1896-06-02,1896,9.9
1896-06-03,1896,51.0
1896-06-04,1896,4.1
1896-06-05,1896,24.6
1896-06-06,1896,8.6
1896-06-07,1896,0.6
1896-06-08,1896,1.3
1896-06-09,1896,21.2
1896-06-10,1896,76.1
1896-06-11,1896,9.8
1896-06-12,1896,0.0
1896-06-13,1896,0.0
1896-06-14,1896,0.0
1896-06-15,1896,0.0
1896-06-16,1896,2.2
1896-06-17,1896,11.1
1896-06-18,1896,39.3
1896-06-19,1896,0.0
1896-06-20,1896,9.4
1896-06-21,1896,17.1
1896-06-22,1896,48.2
1896-06-23,1896,58.6
1896-06-24,1896,22.0
1896-06-25,1896,11.6
1896-06-26,1896,12.9
1896-06-27,1896,11.1
1896-06-28,1896,18.6
1896-06-29,1896,4.0
1896-06-30,1896,0.1
1896-07-01,1896,0.0
1896-07-02,1896,2.0
1896-07-03,1896,11.6
1896-07-04,1896,3.0
1896-07-05,1896,0.0
1896-07-06,1896,0.0
1896-07-07,1896,0.8
1896-07-08,1896,18.4
1896-07-09,1896,53.9
1896-07-10,1896,3.0
1896-07-11,1896,2.1
1896-07-12,1896,0.0
1896-07-13,1896,0.0
1896-07-14,1896,0.0
1896-07-15,1896,1.1
1896-07-16,1896,1.0
1896-07-17,1896,0.0
1896-07-18,1896,0.0
1896-07-19,1896,0.0
1896-07-20,1896,0.0
1896-07-21,1896,0.0
1896-07-22,1896,12.6
1896-07-23,1896,0.0
1896-07-24,1896,0.0
1896-07-25,1896,19.2
1896-07-26,1896,30.0
1896-07-27,1896,59.0
1896-07-28,1896,8.6
1896-07-29,1896,67.8
1896-07-30,1896,10.6
1896-07-31,1896,11.3
1896-08-01,1896,0.0
1896-08-02,1896,0.0
1896-08-03,1896,1.5
1896-08-04,1896,1.1
1896-08-05,1896,27.8
1896-08-06,1896,0.0
1896-08-07,1896,0.0
1896-08-08,1896,0.0
1896-08-09,1896,21.5
1896-08-10,1896,25.4
1896-08-11,1896,0.0
1896-08-12,1896,0.0
1896-08-13,1896,0.0
1896-08-14,1896,0.0
1896-08-15,1896,0.0
1896-08-16,1896,0.0
1896-08-17,1896,0.0
1896-08-18,1896,0.0
1896-08-19,1896,0.0
1896-08-20,1896,7.6
1896-08-21,1896,0.3
1896-08-22,1896,0.0
1896-08-23,1896,4.6
1896-08-24,1896,0.0
1896-08-25,1896,39.0
1896-08-26,1896,2.9
1896-08-27,1896,0.0
1896-08-28,1896,0.8
1896-08-29,1896,0.0
1896-08-30,1896,0.0
1896-08-31,1896,0.0
1896-09-01,1896,22.0
1896-09-02,1896,15.8
1896-09-03,1896,0.5
1896-09-04,1896,0.0
1896-09-05,1896,1.3
1896-09-06,1896,26.6
1896-09-07,1896,7.9
1896-09-08,1896,0.1
1896-09-09,1896,0.5
1896-09-10,1896,0.0
1896-09-11,1896,0.0
1896-09-12,1896,0.0
1896-09-13,1896,0.6
1896-09-14,1896,2.5
1896-09-15,1896,0.0
1896-09-16,1896,67.0
1896-09-17,1896,64.5
1896-09-18,1896,22.6
1896-09-19,1896,0.0
1896-09-20,1896,0.0
1896-09-21,1896,0.0
1896-09-22,1896,0.0
1896-09-23,1896,10.0
1896-09-24,1896,7.7
1896-09-25,1896,4.4
1896-09-26,1896,0.0
1896-09-27,1896,0.0
1896-09-28,1896,0.0
1896-09-29,1896,0.0
1896-09-30,1896,0.0
1896-10-01,1896,0.0
1896-10-02,1896,0.0
1896-10-03,1896,0.0
1896-10-04,1896,0.0
1896-10-05,1896,30.3
1896-10-06,1896,132.5
1896-10-07,1896,16.4
1896-10-08,1896,5.0
1896-10-09,1896,1.9
1896-10-10,1896,4.0
1896-10-11,1896,0.0
1896-10-12,1896,0.9
1896-10-13,1896,0.0
1896-10-14,1896,0.0
1896-10-15,1896,0.1
1896-10-16,1896,0.0
1896-10-17,1896,0.0
1896-10-18,1896,1.6
1896-10-19,1896,2.7
1896-10-20,1896,0.0
1896-10-21,1896,0.0
1896-10-22,1896,0.1
1896-10-23,1896,0.0
1896-10-24,1896,0.0
1896-10-25,1896,0.0
1896-10-26,1896,0.0
1896-10-27,1896,0.0
1896-10-28,1896,0.0
1896-10-29,1896,0.0
1896-10-30,1896,0.0
1896-10-31,1896,5.3
1896-11-01,1896,0.0
1896-11-02,1896,0.0
1896-11-03,1896,0.0
1896-11-04,1896,0.0
1896-11-05,1896,0.0
1896-11-06,1896,2.9
1896-11-07,1896,0.0
1896-11-08,1896,0.0
1896-11-09,1896,0.0
1896-11-10,1896,0.0
1896-11-11,1896,0.0
1896-11-12,1896,0.0
1896-11-13,1896,0.0
1896-11-14,1896,0.8
1896-11-15,1896,19.6
1896-11-16,1896,0.0
1896-11-17,1896,0.0
1896-11-18,1896,0.0
1896-11-19,1896,0.0
1896-11-20,1896,0.0
1896-11-21,1896,0.0
1896-11-22,1896,0.0
1896-11-23,1896,0.0
1896-11-24,1896,0.0
1896-11-25,1896,0.6
1896-11-26,1896,27.9
1896-11-27,1896,0.0
1896-11-28,1896,0.8
1896-11-29,1896,1.9
1896-11-30,1896,21.1
1896-12-01,1896,1.8
1896-12-02,1896,19.2
1896-12-03,1896,11.1
1896-12-04,1896,0.0
1896-12-05,1896,0.0
1896-12-06,1896,0.0
1896-12-07,1896,0.0
1896-12-08,1896,0.0
1896-12-09,1896,0.0
1896-12-10,1896,0.0
1896-12-11,1896,0.0
1896-12-12,1896,0.0
1896-12-13,1896,0.0
1896-12-14,1896,0.0
1896-12-15,1896,0.0
1896-12-16,1896,0.0
1896-12-17,1896,0.0
1896-12-18,1896,0.0
1896-12-19,1896,0.5
1896-12-20,1896,0.0
1896-12-21,1896,0.0
1896-12-22,1896,0.0
1896-12-23,1896,0.0
1896-12-24,1896,0.0
1896-12-25,1896,0.0
1896-12-26,1896,0.0
1896-12-27,1896,0.0
1896-12-28,1896,0.0
1896-12-29,1896,0.0
1896-12-30,1896,0.0
1896-12-31,1896,0.0
1897-01-01,1897,0.0
1897-01-02,1897,0.0
1897-01-03,1897,0.0
1897-01-04,1897,0.0
1897-01-05,1897,0.0
1897-01-06,1897,0.0
1897-01-07,1897,0.0
1897-01-08,1897,0.6
1897-01-09,1897,0.0
1897-01-10,1897,0.6
1897-01-11,1897,34.7
1897-01-12,1897,3.1
1897-01-13,1897,0.2
1897-01-14,1897,13.3
1897-01-15,1897,0.0
1897-01-16,1897,0.1
1897-01-17,1897,2.9
1897-01-18,1897,0.4
1897-01-19,1897,0.0
1897-01-20,1897,0.0
1897-01-21,1897,0.0
1897-01-22,1897,0.0
1897-01-23,1897,0.0
1897-01-24,1897,0.0
1897-01-25,1897,0.0
1897-01-26,1897,0.0
1897-01-27,1897,0.3
1897-01-28,1897,0.4
1897-01-29,1897,0.0
1897-01-30,1897,0.7
1897-01-31,1897,0.3
1897-02-01,1897,10.9
1897-02-02,1897,5.0
1897-02-03,1897,1.0
1897-02-04,1897,0.7
1897-02-05,1897,13.7
1897-02-06,1897,0.4
1897-02-07,1897,1.0
1897-02-08,1897,0.8
1897-02-09,1897,0.1
1897-02-10,1897,0.3
1897-02-11,1897,0.0
1897-02-12,1897,0.0
1897-02-13,1897,0.0
1897-02-14,1897,0.0
1897-02-15,1897,0.0
1897-02-16,1897,0.0
1897-02-17,1897,0.3
1897-02-18,1897,0.0
1897-02-19,1897,0.3
1897-02-20,1897,1.3
1897-02-21,1897,4.1
1897-02-22,1897,4.1
1897-02-23,1897,0.0
1897-02-24,1897,0.2
1897-02-25,1897,0.1
1897-02-26,1897,1.1
1897-02-27,1897,0.2
1897-02-28,1897,0.1
1897-03-01,1897,0.2
1897-03-02,1897,0.0
1897-03-03,1897,0.0
1897-03-04,1897,3.5
1897-03-05,1897,0.0
1897-03-06,1897,0.0
1897-03-07,1897,0.0
1897-03-08,1897,0.0
1897-03-09,1897,0.0
1897-03-10,1897,0.0
1897-03-11,1897,0.2
1897-03-12,1897,0.4
1897-03-13,1897,1.0
1897-03-14,1897,0.0
1897-03-15,1897,0.0
1897-03-16,1897,0.0
1897-03-17,1897,0.0
1897-03-18,1897,0.0
1897-03-19,1897,0.4
1897-03-20,1897,10.8
1897-03-21,1897,2.8
1897-03-22,1897,0.0
1897-03-23,1897,0.2
1897-03-24,1897,0.5
1897-03-25,1897,0.1
1897-03-26,1897,0.0
1897-03-27,1897,0.1
1897-03-28,1897,0.0
1897-03-29,1897,0.0
1897-03-30,1897,0.0
1897-03-31,1897,0.0
1897-04-01,1897,17.8
1897-04-02,1897,0.0
1897-04-03,1897,0.0
1897-04-04,1897,6.1
1897-04-05,1897,0.0
1897-04-06,1897,0.0
1897-04-07,1897,0.0
1897-04-08,1897,0.9
1897-04-09,1897,3.8
1897-04-10,1897,0.0
1897-04-11,1897,1.8
1897-04-12,1897,0.1
1897-04-13,1897,0.0
1897-04-14,1897,0.0
1897-04-15,1897,0.0
1897-04-16,1897,0.3
1897-04-17,1897,45.7
1897-04-18,1897,4.4
1897-04-19,1897,0.0
1897-04-20,1897,0.0
1897-04-21,1897,0.0
1897-04-22,1897,0.0
1897-04-23,1897,0.0
1897-04-24,1897,0.0
1897-04-25,1897,0.0
1897-04-26,1897,0.0
1897-04-27,1897,0.0
1897-04-28,1897,0.2
1897-04-29,1897,1.4
1897-04-30,1897,0.0
1897-05-01,1897,0.0
1897-05-02,1897,0.0
1897-05-03,1897,0.0
1897-05-04,1897,0.0
1897-05-05,1897,0.0
1897-05-06,1897,0.0
1897-05-07,1897,0.0
1897-05-08,1897,132.7
1897-05-09,1897,112.8
1897-05-10,1897,0.0
1897-05-11,1897,0.0
1897-05-12,1897,0.0
1897-05-13,1897,0.0
1897-05-14,1897,0.0
1897-05-15,1897,0.0
1897-05-16,1897,0.0
1897-05-17,1897,0.0
1897-05-18,1897,7.0
1897-05-19,1897,0.9
1897-05-20,1897,5.3
1897-05-21,1897,87.1
1897-05-22,1897,0.8
1897-05-23,1897,4.1
1897-05-24,1897,16.2
1897-05-25,1897,7.7
1897-05-26,1897,0.1
1897-05-27,1897,1.1
1897-05-28,1897,0.0
1897-05-29,1897,0.0
1897-05-30,1897,0.0
1897-05-31,1897,1.5
1897-06-01,1897,2.7
1897-06-02,1897,16.9
1897-06-03,1897,11.8
1897-06-04,1897,1.3
1897-06-05,1897,2.7
1897-06-06,1897,29.6
1897-06-07,1897,0.0
1897-06-08,1897,6.6
1897-06-09,1897,130.4
1897-06-10,1897,5.4
1897-06-11,1897,0.0
1897-06-12,1897,0.3
1897-06-13,1897,1.3
1897-06-14,1897,2.4
1897-06-15,1897,0.8
1897-06-16,1897,5.5
1897-06-17,1897,1.2
1897-06-18,1897,12.9
1897-06-19,1897,14.4
1897-06-20,1897,7.0
1897-06-21,1897,42.6
1897-06-22,1897,15.6
1897-06-23,1897,0.0
1897-06-24,1897,48.3
1897-06-25,1897,40.3
1897-06-26,1897,0.4
1897-06-27,1897,26.7
1897-06-28,1897,153.0
1897-06-29,1897,11.6
1897-06-30,1897,1.3
1897-07-01,1897,1.7
1897-07-02,1897,0.0
1897-07-03,1897,0.0
1897-07-04,1897,0.0
1897-07-05,1897,4.5
1897-07-06,1897,44.7
1897-07-07,1897,4.7
1897-07-08,1897,12.1
1897-07-09,1897,4.4
1897-07-10,1897,13.9
1897-07-11,1897,0.5
1897-07-12,1897,0.1
1897-07-13,1897,2.4
1897-07-14,1897,0.0
1897-07-15,1897,5.6
1897-07-16,1897,0.0
1897-07-17,1897,0.0
1897-07-18,1897,5.2
1897-07-19,1897,4.6
1897-07-20,1897,3.5
1897-07-21,1897,3.4
1897-07-22,1897,0.0
1897-07-23,1897,0.0
1897-07-24,1897,0.0
1897-07-25,1897,1.9
1897-07-26,1897,0.8
1897-07-27,1897,1.4
1897-07-28,1897,4.1
1897-07-29,1897,1.3
1897-07-30,1897,5.1
1897-07-31,1897,15.7
1897-08-01,1897,112.2
1897-08-02,1897,127.5
1897-08-03,1897,11.4
1897-08-04,1897,11.7
1897-08-05,1897,4.6
1897-08-06,1897,1.8
1897-08-07,1897,0.0
1897-08-08,1897,3.0
1897-08-09,1897,0.0
1897-08-10,1897,6.6
1897-08-11,1897,0.1
1897-08-12,1897,81.1
1897-08-13,1897,14.3
1897-08-14,1897,12.0
1897-08-15,1897,112.9
1897-08-16,1897,58.8
1897-08-17,1897,10.9
1897-08-18,1897,0.0
1897-08-19,1897,0.0
1897-08-20,1897,0.0
1897-08-21,1897,0.0
1897-08-22,1897,3.9
1897-08-23,1897,16.8
1897-08-24,1897,40.3
1897-08-25,1897,4.7
1897-08-26,1897,0.0
1897-08-27,1897,0.0
1897-08-28,1897,0.0
1897-08-29,1897,0.0
1897-08-30,1897,8.4
1897-08-31,1897,6.5
1897-09-01,1897,0.5
1897-09-02,1897,0.1
1897-09-03,1897,0.0
1897-09-04,1897,0.0
1897-09-05,1897,0.0
1897-09-06,1897,0.0
1897-09-07,1897,0.0
1897-09-08,1897,0.0
1897-09-09,1897,14.8
1897-09-10,1897,0.0
1897-09-11,1897,0.0
1897-09-12,1897,1.0
1897-09-13,1897,25.8
1897-09-14,1897,16.1
1897-09-15,1897,0.0
1897-09-16,1897,1.7
1897-09-17,1897,44.2
1897-09-18,1897,101.5
1897-09-19,1897,0.0
1897-09-20,1897,0.0
1897-09-21,1897,0.0
1897-09-22,1897,0.0
1897-09-23,1897,0.0
1897-09-24,1897,0.0
1897-09-25,1897,4.5
1897-09-26,1897,0.0
1897-09-27,1897,0.0
1897-09-28,1897,0.0
1897-09-29,1897,0.0
1897-09-30,1897,1.3
1897-10-01,1897,2.0
1897-10-02,1897,1.3
1897-10-03,1897,0.0
1897-10-04,1897,0.0
1897-10-05,1897,18.4
1897-10-06,1897,63.6
1897-10-07,1897,25.8
1897-10-08,1897,2.6
1897-10-09,1897,2.5
1897-10-10,1897,6.7
1897-10-11,1897,22.1
1897-10-12,1897,0.0
1897-10-13,1897,0.0
1897-10-14,1897,0.0
1897-10-15,1897,10.5
1897-10-16,1897,0.0
1897-10-17,1897,0.2
1897-10-18,1897,0.0
1897-10-19,1897,0.0
1897-10-20,1897,0.0
1897-10-21,1897,0.0
1897-10-22,1897,0.0
1897-10-23,1897,0.0
1897-10-24,1897,0.0
1897-10-25,1897,0.0
1897-10-26,1897,0.0
1897-10-27,1897,2.4
1897-10-28,1897,5.7
1897-10-29,1897,0.1
1897-10-30,1897,0.0
1897-10-31,1897,0.0
1897-11-01,1897,0.0
1897-11-02,1897,0.0
1897-11-03,1897,0.0
1897-11-04,1897,0.0
1897-11-05,1897,0.0
1897-11-06,1897,0.0
1897-11-07,1897,1.2
1897-11-08,1897,0.0
1897-11-09,1897,0.1
1897-11-10,1897,0.0
1897-11-11,1897,0.0
1897-11-12,1897,0.0
1897-11-13,1897,0.0
1897-11-14,1897,0.0
1897-11-15,1897,0.0
1897-11-16,1897,19.8
1897-11-17,1897,149.2
1897-11-18,1897,2.2
1897-11-19,1897,3.1
1897-11-20,1897,0.2
1897-11-21,1897,2.4
1897-11-22,1897,7.7
1897-11-23,1897,0.0
1897-11-24,1897,0.0
1897-11-25,1897,0.0
1897-11-26,1897,0.0
1897-11-27,1897,0.0
1897-11-28,1897,0.0
1897-11-29,1897,0.0
1897-11-30,1897,0.0
1897-12-01,1897,0.0
1897-12-02,1897,0.0
1897-12-03,1897,0.0
1897-12-04,1897,0.0
1897-12-05,1897,0.0
1897-12-06,1897,0.2
1897-12-07,1897,0.0
1897-12-08,1897,0.0
1897-12-09,1897,0.0
1897-12-10,1897,0.0
1897-12-11,1897,0.0
1897-12-12,1897,0.0
1897-12-13,1897,0.0
1897-12-14,1897,0.2
1897-12-15,1897,4.9
1897-12-16,1897,0.0
1897-12-17,1897,0.0
1897-12-18,1897,0.0
1897-12-19,1897,0.0
1897-12-20,1897,0.0
1897-12-21,1897,0.0
1897-12-22,1897,0.0
1897-12-23,1897,0.0
1897-12-24,1897,0.0
1897-12-25,1897,0.0
1897-12-26,1897,0.0
1897-12-27,1897,0.0
1897-12-28,1897,0.0
1897-12-29,1897,1.2
1897-12-30,1897,2.6
1897-12-31,1897,2.8
1898-01-01,1898,0.0
1898-01-02,1898,0.0
1898-01-03,1898,0.4
1898-01-04,1898,0.2
1898-01-05,1898,8.7
1898-01-06,1898,8.0
1898-01-07,1898,0.4
1898-01-08,1898,0.0
1898-01-09,1898,0.0
1898-01-10,1898,0.0
1898-01-11,1898,0.0
1898-01-12,1898,0.0
1898-01-13,1898,0.0
1898-01-14,1898,0.6
1898-01-15,1898,7.3
1898-01-16,1898,0.0
1898-01-17,1898,0.0
1898-01-18,1898,1.5
1898-01-19,1898,1.8
1898-01-20,1898,0.0
1898-01-21,1898,0.0
1898-01-22,1898,0.0
1898-01-23,1898,0.1
1898-01-24,1898,0.3
1898-01-25,1898,0.0
1898-01-26,1898,0.0
1898-01-27,1898,0.0
1898-01-28,1898,0.0
1898-01-29,1898,0.0
1898-01-30,1898,0.0
1898-01-31,1898,0.0
1898-02-01,1898,0.5
1898-02-02,1898,30.3
1898-02-03,1898,3.0
1898-02-04,1898,0.0
1898-02-05,1898,0.1
1898-02-06,1898,0.0
1898-02-07,1898,0.0
1898-02-08,1898,0.0
1898-02-09,1898,0.0
1898-02-10,1898,0.0
1898-02-11,1898,0.0
1898-02-12,1898,0.0
1898-02-13,1898,0.0
1898-02-14,1898,0.0
1898-02-15,1898,0.1
1898-02-16,1898,0.0
1898-02-17,1898,1.5
1898-02-18,1898,3.0
1898-02-19,1898,0.9
1898-02-20,1898,5.9
1898-02-21,1898,5.1
1898-02-22,1898,0.0
1898-02-23,1898,0.0
1898-02-24,1898,0.1
1898-02-25,1898,0.0
1898-02-26,1898,0.0
1898-02-27,1898,12.6
1898-02-28,1898,0.6
1898-03-01,1898,0.0
1898-03-02,1898,0.3
1898-03-03,1898,0.0
1898-03-04,1898,0.0
1898-03-05,1898,1.2
1898-03-06,1898,0.0
1898-03-07,1898,0.1
1898-03-08,1898,0.0
1898-03-09,1898,0.4
1898-03-10,1898,0.0
1898-03-11,1898,0.0
1898-03-12,1898,0.0
1898-03-13,1898,0.0
1898-03-14,1898,0.0
1898-03-15,1898,0.0
1898-03-16,1898,0.0
1898-03-17,1898,0.0
1898-03-18,1898,0.0
1898-03-19,1898,0.0
1898-03-20,1898,0.2
1898-03-21,1898,0.2
1898-03-22,1898,0.0
1898-03-23,1898,0.0
1898-03-24,1898,0.0
1898-03-25,1898,0.0
1898-03-26,1898,1.4
1898-03-27,1898,0.3
1898-03-28,1898,0.0
1898-03-29,1898,0.0
1898-03-30,1898,0.0
1898-03-31,1898,0.0
1898-04-01,1898,0.1
1898-04-02,1898,0.0
1898-04-03,1898,0.0
1898-04-04,1898,0.0
1898-04-05,1898,0.0
1898-04-06,1898,0.5
1898-04-07,1898,0.0
1898-04-08,1898,0.4
1898-04-09,1898,1.0
1898-04-10,1898,25.5
1898-04-11,1898,0.0
1898-04-12,1898,0.0
1898-04-13,1898,0.0
1898-04-14,1898,0.0
1898-04-15,1898,0.0
1898-04-16,1898,0.0
1898-04-17,1898,0.0
1898-04-18,1898,0.0
1898-04-19,1898,0.0
1898-04-20,1898,0.0
1898-04-21,1898,1.3
1898-04-22,1898,42.0
1898-04-23,1898,14.9
1898-04-24,1898,1.0
1898-04-25,1898,0.0
1898-04-26,1898,0.0
1898-04-27,1898,0.3
1898-04-28,1898,0.2
1898-04-29,1898,0.0
1898-04-30,1898,0.0
1898-05-01,1898,44.6
1898-05-02,1898,0.0
1898-05-03,1898,0.0
1898-05-04,1898,0.0
1898-05-05,1898,0.0
1898-05-06,1898,0.4
1898-05-07,1898,0.0
1898-05-08,1898,0.0
1898-05-09,1898,0.0
1898-05-10,1898,0.0
1898-05-11,1898,0.0
1898-05-12,1898,3.5
1898-05-13,1898,59.6
1898-05-14,1898,5.8
1898-05-15,1898,20.5
1898-05-16,1898,2.4
1898-05-17,1898,0.0
1898-05-18,1898,0.0
1898-05-19,1898,2.5
1898-05-20,1898,0.0
1898-05-21,1898,0.0
1898-05-22,1898,1.1
1898-05-23,1898,3.3
1898-05-24,1898,0.9
1898-05-25,1898,0.0
1898-05-26,1898,0.0
1898-05-27,1898,0.0
1898-05-28,1898,0.0
1898-05-29,1898,0.0
1898-05-30,1898,0.0
1898-05-31,1898,0.0
1898-06-01,1898,1.4
1898-06-02,1898,2.2
1898-06-03,1898,0.0
1898-06-04,1898,7.7
1898-06-05,1898,0.1
1898-06-06,1898,20.4
1898-06-07,1898,89.0
1898-06-08,1898,6.9
1898-06-09,1898,0.0
1898-06-10,1898,0.8
1898-06-11,1898,0.0
1898-06-12,1898,0.0
1898-06-13,1898,2.3
1898-06-14,1898,0.0
1898-06-15,1898,9.4
1898-06-16,1898,47.0
1898-06-17,1898,2.8
1898-06-18,1898,1.3
1898-06-19,1898,0.9
1898-06-20,1898,47.5
1898-06-21,1898,8.5
1898-06-22,1898,0.5
1898-06-23,1898,21.9
1898-06-24,1898,29.2
1898-06-25,1898,16.2
1898-06-26,1898,6.2
1898-06-27,1898,14.7
1898-06-28,1898,1.9
1898-06-29,1898,1.8
1898-06-30,1898,21.6
1898-07-01,1898,12.3
1898-07-02,1898,2.5
1898-07-03,1898,13.6
1898-07-04,1898,6.3
1898-07-05,1898,0.6
1898-07-06,1898,0.0
1898-07-07,1898,0.0
1898-07-08,1898,13.8
1898-07-09,1898,10.0
1898-07-10,1898,0.3
1898-07-11,1898,1.2
1898-07-12,1898,0.0
1898-07-13,1898,0.0
1898-07-14,1898,0.0
1898-07-15,1898,0.5
1898-07-16,1898,0.3
1898-07-17,1898,6.1
1898-07-18,1898,16.9
1898-07-19,1898,1.3
1898-07-20,1898,0.9
1898-07-21,1898,5.9
1898-07-22,1898,0.4
1898-07-23,1898,5.7
1898-07-24,1898,1.0
1898-07-25,1898,8.4
1898-07-26,1898,0.0
1898-07-27,1898,0.3
1898-07-28,1898,32.4
1898-07-29,1898,5.1
1898-07-30,1898,25.0
1898-07-31,1898,8.4
1898-08-01,1898,12.5
1898-08-02,1898,0.8
1898-08-03,1898,3.2
1898-08-04,1898,33.9
1898-08-05,1898,21.4
1898-08-06,1898,0.1
1898-08-07,1898,0.0
1898-08-08,1898,0.0
1898-08-09,1898,1.2
1898-08-10,1898,0.0
1898-08-11,1898,1.4
1898-08-12,1898,0.2
1898-08-13,1898,10.4
1898-08-14,1898,31.6
1898-08-15,1898,0.0
1898-08-16,1898,0.0
1898-08-17,1898,31.6
1898-08-18,1898,9.7
1898-08-19,1898,0.8
1898-08-20,1898,0.0
1898-08-21,1898,0.0
1898-08-22,1898,0.0
1898-08-23,1898,0.0
1898-08-24,1898,0.5
1898-08-25,1898,65.6
1898-08-26,1898,4.6
1898-08-27,1898,22.2
1898-08-28,1898,0.1
1898-08-29,1898,0.0
1898-08-30,1898,0.0
1898-08-31,1898,0.0
1898-09-01,1898,0.0
1898-09-02,1898,25.1
1898-09-03,1898,15.6
1898-09-04,1898,0.1
1898-09-05,1898,0.0
1898-09-06,1898,0.0
1898-09-07,1898,0.0
1898-09-08,1898,0.0
1898-09-09,1898,0.0
1898-09-10,1898,0.0
1898-09-11,1898,15.5
1898-09-12,1898,19.5
1898-09-13,1898,2.9
1898-09-14,1898,2.9
1898-09-15,1898,0.1
1898-09-16,1898,9.7
1898-09-17,1898,2.9
1898-09-18,1898,0.0
1898-09-19,1898,0.0
1898-09-20,1898,0.0
1898-09-21,1898,0.0
1898-09-22,1898,0.0
1898-09-23,1898,0.0
1898-09-24,1898,0.0
1898-09-25,1898,1.6
1898-09-26,1898,16.7
1898-09-27,1898,17.3
1898-09-28,1898,0.0
1898-09-29,1898,4.4
1898-09-30,1898,0.0
1898-10-01,1898,0.9
1898-10-02,1898,0.5
1898-10-03,1898,58.8
1898-10-04,1898,23.7
1898-10-05,1898,0.0
1898-10-06,1898,0.0
1898-10-07,1898,0.0
1898-10-08,1898,0.0
1898-10-09,1898,21.3
1898-10-10,1898,42.2
1898-10-11,1898,13.5
1898-10-12,1898,0.0
1898-10-13,1898,0.0
1898-10-14,1898,0.0
1898-10-15,1898,0.0
1898-10-16,1898,0.0
1898-10-17,1898,0.0
1898-10-18,1898,0.0
1898-10-19,1898,0.0
1898-10-20,1898,0.0
1898-10-21,1898,0.0
1898-10-22,1898,0.0
1898-10-23,1898,0.0
1898-10-24,1898,0.0
1898-10-25,1898,0.0
1898-10-26,1898,0.0
1898-10-27,1898,0.0
1898-10-28,1898,8.8
1898-10-29,1898,0.4
1898-10-30,1898,0.0
1898-10-31,1898,0.4
1898-11-01,1898,0.0
1898-11-02,1898,17.5
1898-11-03,1898,1.0
1898-11-04,1898,0.5
1898-11-05,1898,0.0
1898-11-06,1898,0.0
1898-11-07,1898,0.0
1898-11-08,1898,0.0
1898-11-09,1898,0.0
1898-11-10,1898,1.1
1898-11-11,1898,0.0
1898-11-12,1898,0.0
1898-11-13,1898,0.0
1898-11-14,1898,0.0
1898-11-15,1898,0.0
1898-11-16,1898,0.0
1898-11-17,1898,0.0
1898-11-18,1898,0.0
1898-11-19,1898,0.0
1898-11-20,1898,0.0
1898-11-21,1898,0.0
1898-11-22,1898,0.0
1898-11-23,1898,0.0
1898-11-24,1898,0.0
1898-11-25,1898,0.0
1898-11-26,1898,0.0
1898-11-27,1898,0.0
1898-11-28,1898,0.0
1898-11-29,1898,0.0
1898-11-30,1898,0.0
1898-12-01,1898,0.0
1898-12-02,1898,0.0
1898-12-03,1898,0.0
1898-12-04,1898,0.0
1898-12-05,1898,0.0
1898-12-06,1898,0.0
1898-12-07,1898,0.0
1898-12-08,1898,0.0
1898-12-09,1898,0.0
1898-12-10,1898,0.0
1898-12-11,1898,0.0
1898-12-12,1898,0.0
1898-12-13,1898,0.0
1898-12-14,1898,0.0
1898-12-15,1898,0.0
1898-12-16,1898,0.0
1898-12-17,1898,0.0
1898-12-18,1898,0.0
1898-12-19,1898,0.0
1898-12-20,1898,0.7
1898-12-21,1898,0.0
1898-12-22,1898,0.0
1898-12-23,1898,0.0
1898-12-24,1898,0.0
1898-12-25,1898,0.0
1898-12-26,1898,0.0
1898-12-27,1898,0.0
1898-12-28,1898,0.0
1898-12-29,1898,0.0
1898-12-30,1898,0.0
1898-12-31,1898,0.0
1899-01-01,1899,0.0
1899-01-02,1899,0.0
1899-01-03,1899,0.0
1899-01-04,1899,0.0
1899-01-05,1899,0.0
1899-01-06,1899,0.0
1899-01-07,1899,0.0
1899-01-08,1899,0.0
1899-01-09,1899,0.0
1899-01-10,1899,0.6
1899-01-11,1899,0.1
1899-01-12,1899,3.9
1899-01-13,1899,0.0
1899-01-14,1899,0.0
1899-01-15,1899,0.0
1899-01-16,1899,0.0
1899-01-17,1899,0.0
1899-01-18,1899,0.0
1899-01-19,1899,0.0
1899-01-20,1899,0.0
1899-01-21,1899,0.0
1899-01-22,1899,0.0
1899-01-23,1899,0.0
1899-01-24,1899,0.0
1899-01-25,1899,0.0
1899-01-26,1899,0.0
1899-01-27,1899,0.0
1899-01-28,1899,0.0
1899-01-29,1899,0.0
1899-01-30,1899,0.0
1899-01-31,1899,0.0
1899-02-01,1899,0.0
1899-02-02,1899,0.3
1899-02-03,1899,0.0
1899-02-04,1899,0.0
1899-02-05,1899,0.0
1899-02-06,1899,0.0
1899-02-07,1899,0.0
1899-02-08,1899,0.0
1899-02-09,1899,0.0
1899-02-10,1899,0.0
1899-02-11,1899,0.0
1899-02-12,1899,0.0
1899-02-13,1899,0.1
1899-02-14,1899,0.0
1899-02-15,1899,0.8
1899-02-16,1899,0.0
1899-02-17,1899,4.0
1899-02-18,1899,12.5
1899-02-19,1899,14.6
1899-02-20,1899,22.8
1899-02-21,1899,0.8
1899-02-22,1899,0.0
1899-02-23,1899,0.0
1899-02-24,1899,0.0
1899-02-25,1899,0.0
1899-02-26,1899,0.0
1899-02-27,1899,0.0
1899-02-28,1899,0.0
1899-03-01,1899,0.0
1899-03-02,1899,0.0
1899-03-03,1899,0.0
1899-03-04,1899,0.0
1899-03-05,1899,0.0
1899-03-06,1899,0.0
1899-03-07,1899,0.0
1899-03-08,1899,0.0
1899-03-09,1899,0.0
1899-03-10,1899,0.0
1899-03-11,1899,0.0
1899-03-12,1899,0.0
1899-03-13,1899,0.0
1899-03-14,1899,0.0
1899-03-15,1899,0.0
1899-03-16,1899,0.0
1899-03-17,1899,0.2
1899-03-18,1899,0.0
1899-03-19,1899,0.0
1899-03-20,1899,0.0
1899-03-21,1899,0.0
1899-03-22,1899,0.0
1899-03-23,1899,0.0
1899-03-24,1899,0.0
1899-03-25,1899,3.7
1899-03-26,1899,4.1
1899-03-27,1899,0.0
1899-03-28,1899,0.0
1899-03-29,1899,0.0
1899-03-30,1899,0.0
1899-03-31,1899,0.0
1899-04-01,1899,0.2
1899-04-02,1899,0.0
1899-04-03,1899,0.0
1899-04-04,1899,0.0
1899-04-05,1899,4.3
1899-04-06,1899,6.0
1899-04-07,1899,0.3
1899-04-08,1899,0.0
1899-04-09,1899,0.0
1899-04-10,1899,0.0
1899-04-11,1899,0.0
1899-04-12,1899,0.0
1899-04-13,1899,0.0
1899-04-14,1899,0.0
1899-04-15,1899,0.0
1899-04-16,1899,0.1
1899-04-17,1899,0.0
1899-04-18,1899,16.3
1899-04-19,1899,0.0
1899-04-20,1899,52.1
1899-04-21,1899,0.0
1899-04-22,1899,0.0
1899-04-23,1899,0.0
1899-04-24,1899,0.0
1899-04-25,1899,0.2
1899-04-26,1899,0.0
1899-04-27,1899,0.2
1899-04-28,1899,0.0
1899-04-29,1899,0.0
1899-04-30,1899,0.0
1899-05-01,1899,0.0
1899-05-02,1899,0.0
1899-05-03,1899,0.0
1899-05-04,1899,0.0
1899-05-05,1899,0.0
1899-05-06,1899,0.0
1899-05-07,1899,34.3
1899-05-08,1899,49.3
1899-05-09,1899,0.0
1899-05-10,1899,0.0
1899-05-11,1899,0.0
1899-05-12,1899,0.0
1899-05-13,1899,0.0
1899-05-14,1899,0.0
1899-05-15,1899,0.0
1899-05-16,1899,0.0
1899-05-17,1899,0.0
1899-05-18,1899,0.0
1899-05-19,1899,0.0
1899-05-20,1899,0.0
1899-05-21,1899,0.0
1899-05-22,1899,0.4
1899-05-23,1899,0.0
1899-05-24,1899,0.1
1899-05-25,1899,0.1
1899-05-26,1899,0.0
1899-05-27,1899,5.3
1899-05-28,1899,50.7
1899-05-29,1899,32.1
1899-05-30,1899,7.6
1899-05-31,1899,1.9
1899-06-01,1899,2.7
1899-06-02,1899,1.3
1899-06-03,1899,55.9
1899-06-04,1899,17.5
1899-06-05,1899,1.9
1899-06-06,1899,50.6
1899-06-07,1899,18.0
1899-06-08,1899,70.3
1899-06-09,1899,53.3
1899-06-10,1899,0.5
1899-06-11,1899,0.0
1899-06-12,1899,0.0
1899-06-13,1899,18.8
1899-06-14,1899,6.6
1899-06-15,1899,86.9
1899-06-16,1899,7.3
1899-06-17,1899,3.2
1899-06-18,1899,4.2
1899-06-19,1899,0.0
1899-06-20,1899,0.0
1899-06-21,1899,9.6
1899-06-22,1899,0.0
1899-06-23,1899,0.5
1899-06-24,1899,0.2
1899-06-25,1899,0.4
1899-06-26,1899,19.1
1899-06-27,1899,26.2
1899-06-28,1899,7.2
1899-06-29,1899,3.9
1899-06-30,1899,16.2
1899-07-01,1899,30.0
1899-07-02,1899,54.2
1899-07-03,1899,2.5
1899-07-04,1899,0.0
1899-07-05,1899,0.0
1899-07-06,1899,0.0
1899-07-07,1899,0.0
1899-07-08,1899,0.1
1899-07-09,1899,0.0
1899-07-10,1899,0.0
1899-07-11,1899,0.5
1899-07-12,1899,14.6
1899-07-13,1899,9.7
1899-07-14,1899,10.5
1899-07-15,1899,55.5
1899-07-16,1899,7.1
1899-07-17,1899,0.0
1899-07-18,1899,0.0
1899-07-19,1899,19.9
1899-07-20,1899,0.0
1899-07-21,1899,33.0
1899-07-22,1899,4.7
1899-07-23,1899,0.0
1899-07-24,1899,0.0
1899-07-25,1899,0.0
1899-07-26,1899,4.2
1899-07-27,1899,2.9
1899-07-28,1899,0.0
1899-07-29,1899,0.0
1899-07-30,1899,5.2
1899-07-31,1899,3.0
1899-08-01,1899,8.6
1899-08-02,1899,0.0
1899-08-03,1899,0.0
1899-08-04,1899,0.0
1899-08-05,1899,0.8
1899-08-06,1899,0.0
1899-08-07,1899,56.9
1899-08-08,1899,30.7
1899-08-09,1899,0.0
1899-08-10,1899,0.0
1899-08-11,1899,15.6
1899-08-12,1899,38.2
1899-08-13,1899,11.0
1899-08-14,1899,18.7
1899-08-15,1899,1.5
1899-08-16,1899,6.5
1899-08-17,1899,13.6
1899-08-18,1899,4.0
1899-08-19,1899,0.2
1899-08-20,1899,2.0
1899-08-21,1899,0.0
1899-08-22,1899,15.6
1899-08-23,1899,132.6
1899-08-24,1899,39.8
1899-08-25,1899,51.9
1899-08-26,1899,6.6
1899-08-27,1899,0.0
1899-08-28,1899,0.0
1899-08-29,1899,38.6
1899-08-30,1899,13.0
1899-08-31,1899,1.0
1899-09-01,1899,4.4
1899-09-02,1899,4.2
1899-09-03,1899,0.8
1899-09-04,1899,0.0
1899-09-05,1899,0.0
1899-09-06,1899,0.0
1899-09-07,1899,0.0
1899-09-08,1899,9.4
1899-09-09,1899,0.0
1899-09-10,1899,0.0
1899-09-11,1899,34.6
1899-09-12,1899,0.3
1899-09-13,1899,4.2
1899-09-14,1899,96.1
1899-09-15,1899,0.0
1899-09-16,1899,0.0
1899-09-17,1899,0.0
1899-09-18,1899,0.0
1899-09-19,1899,0.0
1899-09-20,1899,0.0
1899-09-21,1899,2.5
1899-09-22,1899,0.9
1899-09-23,1899,0.0
1899-09-24,1899,2.8
1899-09-25,1899,0.0
1899-09-26,1899,0.0
1899-09-27,1899,0.0
1899-09-28,1899,0.0
1899-09-29,1899,0.0
1899-09-30,1899,0.0
1899-10-01,1899,0.0
1899-10-02,1899,0.0
1899-10-03,1899,0.0
1899-10-04,1899,0.0
1899-10-05,1899,0.0
1899-10-06,1899,0.0
1899-10-07,1899,14.6
1899-10-08,1899,0.0
1899-10-09,1899,0.5
1899-10-10,1899,0.7
1899-10-11,1899,0.0
1899-10-12,1899,0.0
1899-10-13,1899,0.0
1899-10-14,1899,0.0
1899-10-15,1899,0.0
1899-10-16,1899,0.0
1899-10-17,1899,0.0
1899-10-18,1899,0.0
1899-10-19,1899,0.0
1899-10-20,1899,0.1
1899-10-21,1899,0.4
1899-10-22,1899,0.0
1899-10-23,1899,0.0
1899-10-24,1899,0.0
1899-10-25,1899,0.0
1899-10-26,1899,0.0
1899-10-27,1899,0.0
1899-10-28,1899,5.1
1899-10-29,1899,1.1
1899-10-30,1899,0.0
1899-10-31,1899,0.0
1899-11-01,1899,0.0
1899-11-02,1899,0.0
1899-11-03,1899,0.9
1899-11-04,1899,1.2
1899-11-05,1899,0.0
1899-11-06,1899,0.0
1899-11-07,1899,0.0
1899-11-08,1899,0.0
1899-11-09,1899,0.7
1899-11-10,1899,0.3
1899-11-11,1899,0.0
1899-11-12,1899,1.6
1899-11-13,1899,33.6
1899-11-14,1899,3.4
1899-11-15,1899,0.0
1899-11-16,1899,0.0
1899-11-17,1899,0.0
1899-11-18,1899,0.0
1899-11-19,1899,0.0
1899-11-20,1899,0.0
1899-11-21,1899,0.0
1899-11-22,1899,0.0
1899-11-23,1899,0.0
1899-11-24,1899,0.0
1899-11-25,1899,0.0
1899-11-26,1899,0.0
1899-11-27,1899,0.0
1899-11-28,1899,0.0
1899-11-29,1899,0.0
1899-11-30,1899,0.0
1899-12-01,1899,0.0
1899-12-02,1899,13.0
1899-12-03,1899,30.4
1899-12-04,1899,0.0
1899-12-05,1899,0.8
1899-12-06,1899,0.0
1899-12-07,1899,0.0
1899-12-08,1899,0.0
1899-12-09,1899,0.0
1899-12-10,1899,0.0
1899-12-11,1899,0.5
1899-12-12,1899,0.0
1899-12-13,1899,0.0
1899-12-14,1899,0.0
1899-12-15,1899,0.0
1899-12-16,1899,0.0
1899-12-17,1899,0.0
1899-12-18,1899,0.0
1899-12-19,1899,0.0
1899-12-20,1899,0.4
1899-12-21,1899,0.0
1899-12-22,1899,0.0
1899-12-23,1899,0.0
1899-12-24,1899,0.0
1899-12-25,1899,0.0
1899-12-26,1899,0.0
1899-12-27,1899,0.4
1899-12-28,1899,0.0
1899-12-29,1899,0.0
1899-12-30,1899,0.0
1899-12-31,1899,0.0
1900-01-01,1900,0.0
1900-01-02,1900,0.0
1900-01-03,1900,13.1
1900-01-04,1900,0.1
1900-01-05,1900,3.8
1900-01-06,1900,0.0
1900-01-07,1900,1.0
1900-01-08,1900,0.7
1900-01-09,1900,0.0
1900-01-10,1900,0.0
1900-01-11,1900,0.0
1900-01-12,1900,0.0
1900-01-13,1900,0.0
1900-01-14,1900,0.0
1900-01-15,1900,0.0
1900-01-16,1900,0.0
1900-01-17,1900,0.0
1900-01-18,1900,0.0
1900-01-19,1900,0.0
1900-01-20,1900,0.0
1900-01-21,1900,0.0
1900-01-22,1900,0.0
1900-01-23,1900,0.0
1900-01-24,1900,0.0
1900-01-25,1900,0.0
1900-01-26,1900,0.0
1900-01-27,1900,0.0
1900-01-28,1900,0.4
1900-01-29,1900,0.5
1900-01-30,1900,0.0
1900-01-31,1900,0.0
1900-02-01,1900,0.0
1900-02-02,1900,0.0
1900-02-03,1900,0.0
1900-02-04,1900,0.0
1900-02-05,1900,0.0
1900-02-06,1900,0.0
1900-02-07,1900,0.0
1900-02-08,1900,0.0
1900-02-09,1900,0.0
1900-02-10,1900,0.0
1900-02-11,1900,0.0
1900-02-12,1900,0.0
1900-02-13,1900,0.0
1900-02-14,1900,0.0
1900-02-15,1900,0.0
1900-02-16,1900,0.1
1900-02-17,1900,0.2
1900-02-18,1900,35.3
1900-02-19,1900,23.9
1900-02-20,1900,5.2
1900-02-21,1900,0.6
1900-02-22,1900,0.0
1900-02-23,1900,0.0
1900-02-24,1900,1.0
1900-02-25,1900,0.0
1900-02-26,1900,0.0
1900-02-27,1900,0.8
1900-02-28,1900,0.0
1900-03-01,1900,0.0
1900-03-02,1900,1.6
1900-03-03,1900,7.7
1900-03-04,1900,2.7
1900-03-05,1900,3.9
1900-03-06,1900,2.8
1900-03-07,1900,0.7
1900-03-08,1900,0.3
1900-03-09,1900,12.7
1900-03-10,1900,8.0
1900-03-11,1900,0.0
1900-03-12,1900,2.3
1900-03-13,1900,0.3
1900-03-14,1900,0.0
1900-03-15,1900,1.0
1900-03-16,1900,1.1
1900-03-17,1900,0.0
1900-03-18,1900,2.9
1900-03-19,1900,2.4
1900-03-20,1900,0.0
1900-03-21,1900,0.0
1900-03-22,1900,0.3
1900-03-23,1900,0.2
1900-03-24,1900,4.6
1900-03-25,1900,1.6
1900-03-26,1900,0.2
1900-03-27,1900,0.5
1900-03-28,1900,1.7
1900-03-29,1900,0.0
1900-03-30,1900,17.4
1900-03-31,1900,0.3
1900-04-01,1900,13.8
1900-04-02,1900,0.0
1900-04-03,1900,39.9
1900-04-04,1900,1.0
1900-04-05,1900,3.1
1900-04-06,1900,0.1
1900-04-07,1900,0.0
1900-04-08,1900,0.0
1900-04-09,1900,0.0
1900-04-10,1900,0.0
1900-04-11,1900,0.0
1900-04-12,1900,0.0
1900-04-13,1900,2.3
1900-04-14,1900,1.0
1900-04-15,1900,0.0
1900-04-16,1900,0.0
1900-04-17,1900,0.0
1900-04-18,1900,0.0
1900-04-19,1900,0.0
1900-04-20,1900,0.0
1900-04-21,1900,2.5
1900-04-22,1900,0.1
1900-04-23,1900,0.0
1900-04-24,1900,0.1
1900-04-25,1900,1.5
1900-04-26,1900,4.5
1900-04-27,1900,0.5
1900-04-28,1900,0.0
1900-04-29,1900,0.0
1900-04-30,1900,0.0
1900-05-01,1900,21.2
1900-05-02,1900,6.6
1900-05-03,1900,0.0
1900-05-04,1900,0.0
1900-05-05,1900,0.0
1900-05-06,1900,0.1
1900-05-07,1900,0.0
1900-05-08,1900,0.0
1900-05-09,1900,0.0
1900-05-10,1900,0.0
1900-05-11,1900,11.2
1900-05-12,1900,4.8
1900-05-13,1900,131.7
1900-05-14,1900,47.9
1900-05-15,1900,1.6
1900-05-16,1900,0.1
1900-05-17,1900,0.1
1900-05-18,1900,0.0
1900-05-19,1900,0.2
1900-05-20,1900,0.6
1900-05-21,1900,0.0
1900-05-22,1900,0.4
1900-05-23,1900,1.7
1900-05-24,1900,0.1
1900-05-25,1900,0.1
1900-05-26,1900,0.0
1900-05-27,1900,0.0
1900-05-28,1900,0.0
1900-05-29,1900,1.7
1900-05-30,1900,0.0
1900-05-31,1900,6.1
1900-06-01,1900,1.0
1900-06-02,1900,20.5
1900-06-03,1900,4.5
1900-06-04,1900,40.9
1900-06-05,1900,0.0
1900-06-06,1900,0.0
1900-06-07,1900,0.0
1900-06-08,1900,0.1
1900-06-09,1900,13.8
1900-06-10,1900,15.1
1900-06-11,1900,57.9
1900-06-12,1900,8.1
1900-06-13,1900,0.0
1900-06-14,1900,67.4
1900-06-15,1900,214.7
1900-06-16,1900,5.4
1900-06-17,1900,0.7
1900-06-18,1900,2.0
1900-06-19,1900,0.0
1900-06-20,1900,0.0
1900-06-21,1900,0.1
1900-06-22,1900,20.7
1900-06-23,1900,3.0
1900-06-24,1900,26.1
1900-06-25,1900,2.0
1900-06-26,1900,0.5
1900-06-27,1900,1.2
1900-06-28,1900,3.6
1900-06-29,1900,91.9
1900-06-30,1900,72.7
1900-07-01,1900,22.9
1900-07-02,1900,22.0
1900-07-03,1900,1.7
1900-07-04,1900,3.9
1900-07-05,1900,0.0
1900-07-06,1900,0.0
1900-07-07,1900,23.3
1900-07-08,1900,33.6
1900-07-09,1900,11.8
1900-07-10,1900,3.5
1900-07-11,1900,9.8
1900-07-12,1900,3.5
1900-07-13,1900,11.8
1900-07-14,1900,2.0
1900-07-15,1900,0.0
1900-07-16,1900,0.0
1900-07-17,1900,0.0
1900-07-18,1900,0.0
1900-07-19,1900,14.6
1900-07-20,1900,2.2
1900-07-21,1900,0.0
1900-07-22,1900,0.0
1900-07-23,1900,10.7
1900-07-24,1900,5.7
1900-07-25,1900,12.0
1900-07-26,1900,18.7
1900-07-27,1900,17.5
1900-07-28,1900,21.8
1900-07-29,1900,4.5
1900-07-30,1900,0.0
1900-07-31,1900,0.0
1900-08-01,1900,0.0
1900-08-02,1900,0.0
1900-08-03,1900,1.5
1900-08-04,1900,0.0
1900-08-05,1900,0.0
1900-08-06,1900,0.0
1900-08-07,1900,0.4
1900-08-08,1900,0.0
1900-08-09,1900,2.2
1900-08-10,1900,0.0
1900-08-11,1900,0.0
1900-08-12,1900,0.0
1900-08-13,1900,0.0
1900-08-14,1900,2.3
1900-08-15,1900,0.0
1900-08-16,1900,0.0
1900-08-17,1900,2.6
1900-08-18,1900,0.2
1900-08-19,1900,0.0
1900-08-20,1900,16.7
1900-08-21,1900,59.5
1900-08-22,1900,5.6
1900-08-23,1900,0.0
1900-08-24,1900,0.0
1900-08-25,1900,37.7
1900-08-26,1900,0.0
1900-08-27,1900,0.0
1900-08-28,1900,0.0
1900-08-29,1900,1.8
1900-08-30,1900,20.4
1900-08-31,1900,19.3
1900-09-01,1900,0.9
1900-09-02,1900,0.0
1900-09-03,1900,0.0
1900-09-04,1900,0.0
1900-09-05,1900,0.0
1900-09-06,1900,0.0
1900-09-07,1900,0.0
1900-09-08,1900,5.8
1900-09-09,1900,0.0
1900-09-10,1900,11.3
1900-09-11,1900,54.2
1900-09-12,1900,24.4
1900-09-13,1900,5.0
1900-09-14,1900,0.0
1900-09-15,1900,0.0
1900-09-16,1900,0.0
1900-09-17,1900,0.0
1900-09-18,1900,0.0
1900-09-19,1900,0.0
1900-09-20,1900,6.4
1900-09-21,1900,0.8
1900-09-22,1900,0.0
1900-09-23,1900,0.0
1900-09-24,1900,0.3
1900-09-25,1900,0.0
1900-09-26,1900,0.0
1900-09-27,1900,0.0
1900-09-28,1900,0.3
1900-09-29,1900,0.0
1900-09-30,1900,0.0
1900-10-01,1900,0.0
1900-10-02,1900,0.0
1900-10-03,1900,0.0
1900-10-04,1900,0.0
1900-10-05,1900,0.0
1900-10-06,1900,0.0
1900-10-07,1900,0.0
1900-10-08,1900,9.5
1900-10-09,1900,5.6
1900-10-10,1900,24.9
1900-10-11,1900,0.9
1900-10-12,1900,0.1
1900-10-13,1900,0.0
1900-10-14,1900,0.1
1900-10-15,1900,0.0
1900-10-16,1900,0.0
1900-10-17,1900,0.0
1900-10-18,1900,0.0
1900-10-19,1900,0.0
1900-10-20,1900,0.0
1900-10-21,1900,0.0
1900-10-22,1900,0.0
1900-10-23,1900,0.0
1900-10-24,1900,0.0
1900-10-25,1900,0.0
1900-10-26,1900,0.0
1900-10-27,1900,0.0
1900-10-28,1900,0.0
1900-10-29,1900,0.0
1900-10-30,1900,0.0
1900-10-31,1900,0.0
1900-11-01,1900,0.0
1900-11-02,1900,0.0
1900-11-03,1900,0.0
1900-11-04,1900,0.0
1900-11-05,1900,0.0
1900-11-06,1900,0.0
1900-11-07,1900,0.0
1900-11-08,1900,10.8
1900-11-09,1900,13.3
1900-11-10,1900,120.2
1900-11-11,1900,0.0
1900-11-12,1900,0.0
1900-11-13,1900,0.0
1900-11-14,1900,0.0
1900-11-15,1900,0.0
1900-11-16,1900,0.0
1900-11-17,1900,0.0
1900-11-18,1900,0.1
1900-11-19,1900,1.5
1900-11-20,1900,0.7
1900-11-21,1900,0.0
1900-11-22,1900,0.0
1900-11-23,1900,0.0
1900-11-24,1900,0.0
1900-11-25,1900,0.0
1900-11-26,1900,0.0
1900-11-27,1900,0.3
1900-11-28,1900,0.0
1900-11-29,1900,0.0
1900-11-30,1900,0.0
1900-12-01,1900,0.0
1900-12-02,1900,0.0
1900-12-03,1900,0.0
1900-12-04,1900,0.0
1900-12-05,1900,0.0
1900-12-06,1900,1.7
1900-12-07,1900,0.9
1900-12-08,1900,0.0
1900-12-09,1900,0.0
1900-12-10,1900,0.0
1900-12-11,1900,0.0
1900-12-12,1900,0.0
1900-12-13,1900,0.5
1900-12-14,1900,0.9
1900-12-15,1900,0.0
1900-12-16,1900,0.0
1900-12-17,1900,0.0
1900-12-18,1900,0.0
1900-12-19,1900,0.0
1900-12-20,1900,0.0
1900-12-21,1900,0.0
1900-12-22,1900,0.0
1900-12-23,1900,0.0
1900-12-24,1900,0.0
1900-12-25,1900,0.0
1900-12-26,1900,0.0
1900-12-27,1900,0.0
1900-12-28,1900,0.0
1900-12-29,1900,0.0
1900-12-30,1900,0.0
1900-12-31,1900,0.0
1901-01-01,1901,0.0
1901-01-02,1901,0.0
1901-01-03,1901,0.0
1901-01-04,1901,0.0
1901-01-05,1901,2.0
1901-01-06,1901,2.5
1901-01-07,1901,4.6
1901-01-08,1901,1.2
1901-01-09,1901,0.0
1901-01-10,1901,0.0
1901-01-11,1901,2.7
1901-01-12,1901,0.0
1901-01-13,1901,2.2
1901-01-14,1901,0.0
1901-01-15,1901,0.0
1901-01-16,1901,0.0
1901-01-17,1901,0.0
1901-01-18,1901,0.0
1901-01-19,1901,0.0
1901-01-20,1901,2.0
1901-01-21,1901,0.0
1901-01-22,1901,0.1
1901-01-23,1901,0.0
1901-01-24,1901,0.0
1901-01-25,1901,0.0
1901-01-26,1901,0.0
1901-01-27,1901,0.0
1901-01-28,1901,0.1
1901-01-29,1901,0.0
1901-01-30,1901,0.0
1901-01-31,1901,0.0
1901-02-01,1901,0.0
1901-02-02,1901,0.0
1901-02-03,1901,0.0
1901-02-04,1901,0.0
1901-02-05,1901,0.0
1901-02-06,1901,0.0
1901-02-07,1901,0.0
1901-02-08,1901,0.0
1901-02-09,1901,0.0
1901-02-10,1901,5.5
1901-02-11,1901,0.6
1901-02-12,1901,0.0
1901-02-13,1901,0.0
1901-02-14,1901,0.0
1901-02-15,1901,0.0
1901-02-16,1901,0.0
1901-02-17,1901,0.4
1901-02-18,1901,1.2
1901-02-19,1901,1.9
1901-02-20,1901,4.1
1901-02-21,1901,1.1
1901-02-22,1901,0.0
1901-02-23,1901,0.0
1901-02-24,1901,0.0
1901-02-25,1901,0.0
1901-02-26,1901,0.0
1901-02-27,1901,0.1
1901-02-28,1901,4.8
1901-03-01,1901,0.0
1901-03-02,1901,0.0
1901-03-03,1901,0.0
1901-03-04,1901,0.0
1901-03-05,1901,0.0
1901-03-06,1901,0.0
1901-03-07,1901,0.0
1901-03-08,1901,0.0
1901-03-09,1901,0.0
1901-03-10,1901,0.0
1901-03-11,1901,0.0
1901-03-12,1901,0.0
1901-03-13,1901,1.1
1901-03-14,1901,0.4
1901-03-15,1901,0.0
1901-03-16,1901,0.0
1901-03-17,1901,8.2
1901-03-18,1901,6.4
1901-03-19,1901,0.0
1901-03-20,1901,0.0
1901-03-21,1901,0.0
1901-03-22,1901,0.0
1901-03-23,1901,6.8
1901-03-24,1901,0.0
1901-03-25,1901,0.0
1901-03-26,1901,0.0
1901-03-27,1901,0.0
1901-03-28,1901,0.6
1901-03-29,1901,8.8
1901-03-30,1901,0.1
1901-03-31,1901,0.0
1901-04-01,1901,0.0
1901-04-02,1901,0.1
1901-04-03,1901,0.0
1901-04-04,1901,0.0
1901-04-05,1901,0.0
1901-04-06,1901,14.5
1901-04-07,1901,107.5
1901-04-08,1901,16.1
1901-04-09,1901,1.3
1901-04-10,1901,17.1
1901-04-11,1901,3.5
1901-04-12,1901,35.3
1901-04-13,1901,0.1
1901-04-14,1901,0.4
1901-04-15,1901,0.1
1901-04-16,1901,0.0
1901-04-17,1901,0.3
1901-04-18,1901,0.1
1901-04-19,1901,0.0
1901-04-20,1901,0.4
1901-04-21,1901,0.0
1901-04-22,1901,0.5
1901-04-23,1901,0.0
1901-04-24,1901,0.0
1901-04-25,1901,0.1
1901-04-26,1901,29.0
1901-04-27,1901,0.0
1901-04-28,1901,2.6
1901-04-29,1901,0.3
1901-04-30,1901,0.0
1901-05-01,1901,0.0
1901-05-02,1901,0.0
1901-05-03,1901,7.1
1901-05-04,1901,11.5
1901-05-05,1901,14.2
1901-05-06,1901,17.7
1901-05-07,1901,10.0
1901-05-08,1901,102.8
1901-05-09,1901,1.3
1901-05-10,1901,4.3
1901-05-11,1901,8.9
1901-05-12,1901,41.4
1901-05-13,1901,0.0
1901-05-14,1901,0.0
1901-05-15,1901,0.7
1901-05-16,1901,0.0
1901-05-17,1901,0.0
1901-05-18,1901,0.3
1901-05-19,1901,0.0
1901-05-20,1901,0.0
1901-05-21,1901,0.0
1901-05-22,1901,0.0
1901-05-23,1901,1.4
1901-05-24,1901,0.3
1901-05-25,1901,0.0
1901-05-26,1901,4.4
1901-05-27,1901,46.1
1901-05-28,1901,0.9
1901-05-29,1901,0.8
1901-05-30,1901,0.0
1901-05-31,1901,84.2
1901-06-01,1901,5.1
1901-06-02,1901,0.0
1901-06-03,1901,0.0
1901-06-04,1901,0.3
1901-06-05,1901,3.3
1901-06-06,1901,1.7
1901-06-07,1901,1.3
1901-06-08,1901,0.0
1901-06-09,1901,0.8
1901-06-10,1901,0.0
1901-06-11,1901,0.0
1901-06-12,1901,0.0
1901-06-13,1901,0.0
1901-06-14,1901,0.0
1901-06-15,1901,12.6
1901-06-16,1901,1.5
1901-06-17,1901,3.8
1901-06-18,1901,4.9
1901-06-19,1901,0.1
1901-06-20,1901,8.5
1901-06-21,1901,0.1
1901-06-22,1901,0.6
1901-06-23,1901,1.7
1901-06-24,1901,0.0
1901-06-25,1901,0.0
1901-06-26,1901,0.0
1901-06-27,1901,4.1
1901-06-28,1901,7.9
1901-06-29,1901,1.1
1901-06-30,1901,0.3
1901-07-01,1901,0.8
1901-07-02,1901,0.1
1901-07-03,1901,26.8
1901-07-04,1901,5.5
1901-07-05,1901,0.0
1901-07-06,1901,6.9
1901-07-07,1901,4.1
1901-07-08,1901,0.6
1901-07-09,1901,0.1
1901-07-10,1901,0.0
1901-07-11,1901,18.3
1901-07-12,1901,8.2
1901-07-13,1901,8.0
1901-07-14,1901,5.7
1901-07-15,1901,9.4
1901-07-16,1901,3.4
1901-07-17,1901,3.8
1901-07-18,1901,7.0
1901-07-19,1901,2.6
1901-07-20,1901,0.0
1901-07-21,1901,0.0
1901-07-22,1901,0.0
1901-07-23,1901,0.0
1901-07-24,1901,0.4
1901-07-25,1901,4.1
1901-07-26,1901,4.1
1901-07-27,1901,8.4
1901-07-28,1901,2.9
1901-07-29,1901,6.6
1901-07-30,1901,0.0
1901-07-31,1901,4.2
1901-08-01,1901,0.0
1901-08-02,1901,0.0
1901-08-03,1901,0.5
1901-08-04,1901,53.8
1901-08-05,1901,79.1
1901-08-06,1901,0.0
1901-08-07,1901,0.0
1901-08-08,1901,0.0
1901-08-09,1901,0.0
1901-08-10,1901,1.1
1901-08-11,1901,5.0
1901-08-12,1901,21.5
1901-08-13,1901,17.1
1901-08-14,1901,37.5
1901-08-15,1901,10.2
1901-08-16,1901,19.7
1901-08-17,1901,32.2
1901-08-18,1901,31.6
1901-08-19,1901,34.0
1901-08-20,1901,4.8
1901-08-21,1901,2.7
1901-08-22,1901,4.3
1901-08-23,1901,0.0
1901-08-24,1901,0.0
1901-08-25,1901,0.0
1901-08-26,1901,0.3
1901-08-27,1901,0.0
1901-08-28,1901,0.0
1901-08-29,1901,0.6
1901-08-30,1901,0.0
1901-08-31,1901,0.0
1901-09-01,1901,12.2
1901-09-02,1901,0.5
1901-09-03,1901,0.0
1901-09-04,1901,0.0
1901-09-05,1901,0.0
1901-09-06,1901,0.0
1901-09-07,1901,0.0
1901-09-08,1901,0.0
1901-09-09,1901,3.5
1901-09-10,1901,2.4
1901-09-11,1901,0.0
1901-09-12,1901,0.0
1901-09-13,1901,0.0
1901-09-14,1901,0.0
1901-09-15,1901,0.0
1901-09-16,1901,0.0
1901-09-17,1901,0.0
1901-09-18,1901,0.0
1901-09-19,1901,0.0
1901-09-20,1901,0.0
1901-09-21,1901,1.8
1901-09-22,1901,48.3
1901-09-23,1901,0.0
1901-09-24,1901,0.0
1901-09-25,1901,0.0
1901-09-26,1901,16.0
1901-09-27,1901,11.4
1901-09-28,1901,0.3
1901-09-29,1901,2.5
1901-09-30,1901,0.0
1901-10-01,1901,0.0
1901-10-02,1901,0.0
1901-10-03,1901,0.0
1901-10-04,1901,0.0
1901-10-05,1901,0.0
1901-10-06,1901,0.0
1901-10-07,1901,4.6
1901-10-08,1901,0.0
1901-10-09,1901,7.5
1901-10-10,1901,0.5
1901-10-11,1901,0.0
1901-10-12,1901,0.0
1901-10-13,1901,0.1
1901-10-14,1901,41.8
1901-10-15,1901,8.2
1901-10-16,1901,0.3
1901-10-17,1901,0.8
1901-10-18,1901,0.0
1901-10-19,1901,0.0
1901-10-20,1901,0.0
1901-10-21,1901,0.0
1901-10-22,1901,0.0
1901-10-23,1901,0.0
1901-10-24,1901,0.0
1901-10-25,1901,0.0
1901-10-26,1901,0.0
1901-10-27,1901,0.0
1901-10-28,1901,0.0
1901-10-29,1901,0.0
1901-10-30,1901,0.0
1901-10-31,1901,0.0
1901-11-01,1901,0.0
1901-11-02,1901,0.0
1901-11-03,1901,0.0
1901-11-04,1901,0.0
1901-11-05,1901,0.0
1901-11-06,1901,0.0
1901-11-07,1901,0.0
1901-11-08,1901,0.0
1901-11-09,1901,0.0
1901-11-10,1901,0.0
1901-11-11,1901,0.0
1901-11-12,1901,6.3
1901-11-13,1901,0.0
1901-11-14,1901,0.0
1901-11-15,1901,0.0
1901-11-16,1901,0.0
1901-11-17,1901,0.0
1901-11-18,1901,0.0
1901-11-19,1901,0.0
1901-11-20,1901,0.0
1901-11-21,1901,0.0
1901-11-22,1901,0.0
1901-11-23,1901,0.0
1901-11-24,1901,0.0
1901-11-25,1901,0.0
1901-11-26,1901,0.0
1901-11-27,1901,0.0
1901-11-28,1901,0.0
1901-11-29,1901,9.3
1901-11-30,1901,4.3
1901-12-01,1901,1.7
1901-12-02,1901,0.1
1901-12-03,1901,0.0
1901-12-04,1901,0.0
1901-12-05,1901,0.0
1901-12-06,1901,0.0
1901-12-07,1901,0.0
1901-12-08,1901,0.0
1901-12-09,1901,0.0
1901-12-10,1901,0.0
1901-12-11,1901,3.2
1901-12-12,1901,1.3
1901-12-13,1901,0.0
1901-12-14,1901,0.0
1901-12-15,1901,0.0
1901-12-16,1901,0.0
1901-12-17,1901,0.0
1901-12-18,1901,0.0
1901-12-19,1901,11.7
1901-12-20,1901,3.4
1901-12-21,1901,0.0
1901-12-22,1901,0.0
1901-12-23,1901,0.0
1901-12-24,1901,0.0
1901-12-25,1901,0.0
1901-12-26,1901,0.0
1901-12-27,1901,0.0
1901-12-28,1901,0.0
1901-12-29,1901,0.0
1901-12-30,1901,0.0
1901-12-31,1901,0.0
1902-01-01,1902,0.0
1902-01-02,1902,0.0
1902-01-03,1902,0.0
1902-01-04,1902,0.0
1902-01-05,1902,0.0
1902-01-06,1902,0.0
1902-01-07,1902,0.0
1902-01-08,1902,0.0
1902-01-09,1902,0.0
1902-01-10,1902,0.0
1902-01-11,1902,0.0
1902-01-12,1902,0.0
1902-01-13,1902,0.0
1902-01-14,1902,0.0
1902-01-15,1902,0.0
1902-01-16,1902,0.0
1902-01-17,1902,0.0
1902-01-18,1902,0.0
1902-01-19,1902,0.0
1902-01-20,1902,0.0
1902-01-21,1902,0.0
1902-01-22,1902,0.0
1902-01-23,1902,0.0
1902-01-24,1902,0.0
1902-01-25,1902,0.0
1902-01-26,1902,0.0
1902-01-27,1902,0.0
1902-01-28,1902,0.0
1902-01-29,1902,0.0
1902-01-30,1902,7.2
1902-01-31,1902,0.0
1902-02-01,1902,0.1
1902-02-02,1902,0.0
1902-02-03,1902,0.0
1902-02-04,1902,0.4
1902-02-05,1902,0.0
1902-02-06,1902,0.0
1902-02-07,1902,0.0
1902-02-08,1902,0.0
1902-02-09,1902,0.0
1902-02-10,1902,0.0
1902-02-11,1902,0.0
1902-02-12,1902,0.0
1902-02-13,1902,0.0
1902-02-14,1902,0.0
1902-02-15,1902,0.0
1902-02-16,1902,0.0
1902-02-17,1902,0.0
1902-02-18,1902,0.0
1902-02-19,1902,0.0
1902-02-20,1902,0.0
1902-02-21,1902,0.0
1902-02-22,1902,0.0
1902-02-23,1902,0.0
1902-02-24,1902,0.0
1902-02-25,1902,0.0
1902-02-26,1902,0.0
1902-02-27,1902,0.0
1902-02-28,1902,0.0
1902-03-01,1902,0.0
1902-03-02,1902,0.1
1902-03-03,1902,0.0
1902-03-04,1902,0.0
1902-03-05,1902,0.0
1902-03-06,1902,0.0
1902-03-07,1902,0.0
1902-03-08,1902,0.0
1902-03-09,1902,0.6
1902-03-10,1902,0.0
1902-03-11,1902,0.0
1902-03-12,1902,0.0
1902-03-13,1902,0.0
1902-03-14,1902,0.0
1902-03-15,1902,0.0
1902-03-16,1902,0.0
1902-03-17,1902,0.0
1902-03-18,1902,0.0
1902-03-19,1902,0.0
1902-03-20,1902,0.0
1902-03-21,1902,0.0
1902-03-22,1902,0.0
1902-03-23,1902,2.2
1902-03-24,1902,1.5
1902-03-25,1902,5.2
1902-03-26,1902,0.0
1902-03-27,1902,0.0
1902-03-28,1902,0.0
1902-03-29,1902,0.0
1902-03-30,1902,0.0
1902-03-31,1902,2.5
1902-04-01,1902,0.0
1902-04-02,1902,0.0
1902-04-03,1902,0.0
1902-04-04,1902,0.0
1902-04-05,1902,0.0
1902-04-06,1902,0.0
1902-04-07,1902,0.0
1902-04-08,1902,0.0
1902-04-09,1902,0.0
1902-04-10,1902,28.4
1902-04-11,1902,7.4
1902-04-12,1902,7.6
1902-04-13,1902,0.3
1902-04-14,1902,0.0
1902-04-15,1902,0.1
1902-04-16,1902,0.0
1902-04-17,1902,0.4
1902-04-18,1902,0.0
1902-04-19,1902,0.0
1902-04-20,1902,0.1
1902-04-21,1902,0.0
1902-04-22,1902,0.0
1902-04-23,1902,0.0
1902-04-24,1902,0.0
1902-04-25,1902,0.0
1902-04-26,1902,0.0
1902-04-27,1902,0.0
1902-04-28,1902,0.0
1902-04-29,1902,0.0
1902-04-30,1902,2.3
1902-05-01,1902,6.3
1902-05-02,1902,0.0
1902-05-03,1902,2.9
1902-05-04,1902,2.5
1902-05-05,1902,0.0
1902-05-06,1902,0.0
1902-05-07,1902,0.0
1902-05-08,1902,26.5
1902-05-09,1902,23.7
1902-05-10,1902,3.0
1902-05-11,1902,34.5
1902-05-12,1902,0.4
1902-05-13,1902,171.4
1902-05-14,1902,58.9
1902-05-15,1902,6.4
1902-05-16,1902,0.1
1902-05-17,1902,2.1
1902-05-18,1902,24.3
1902-05-19,1902,0.6
1902-05-20,1902,43.5
1902-05-21,1902,0.0
1902-05-22,1902,0.9
1902-05-23,1902,0.0
1902-05-24,1902,29.3
1902-05-25,1902,25.9
1902-05-26,1902,23.1
1902-05-27,1902,29.9
1902-05-28,1902,51.9
1902-05-29,1902,55.5
1902-05-30,1902,19.5
1902-05-31,1902,35.8
1902-06-01,1902,47.8
1902-06-02,1902,0.9
1902-06-03,1902,0.0
1902-06-04,1902,0.0
1902-06-05,1902,0.0
1902-06-06,1902,0.3
1902-06-07,1902,0.1
1902-06-08,1902,0.0
1902-06-09,1902,1.1
1902-06-10,1902,5.6
1902-06-11,1902,52.0
1902-06-12,1902,143.3
1902-06-13,1902,37.4
1902-06-14,1902,2.3
1902-06-15,1902,4.3
1902-06-16,1902,0.0
1902-06-17,1902,0.0
1902-06-18,1902,0.0
1902-06-19,1902,0.0
1902-06-20,1902,0.0
1902-06-21,1902,0.1
1902-06-22,1902,0.4
1902-06-23,1902,2.4
1902-06-24,1902,1.5
1902-06-25,1902,0.8
1902-06-26,1902,2.1
1902-06-27,1902,30.6
1902-06-28,1902,10.8
1902-06-29,1902,34.1
1902-06-30,1902,14.9
1902-07-01,1902,2.7
1902-07-02,1902,10.6
1902-07-03,1902,9.8
1902-07-04,1902,11.3
1902-07-05,1902,6.4
1902-07-06,1902,47.0
1902-07-07,1902,0.6
1902-07-08,1902,6.1
1902-07-09,1902,0.0
1902-07-10,1902,5.4
1902-07-11,1902,23.5
1902-07-12,1902,22.2
1902-07-13,1902,9.4
1902-07-14,1902,0.5
1902-07-15,1902,0.0
1902-07-16,1902,1.8
1902-07-17,1902,8.5
1902-07-18,1902,93.4
1902-07-19,1902,6.3
1902-07-20,1902,0.7
1902-07-21,1902,0.1
1902-07-22,1902,0.3
1902-07-23,1902,1.8
1902-07-24,1902,0.0
1902-07-25,1902,0.0
1902-07-26,1902,0.0
1902-07-27,1902,0.0
1902-07-28,1902,100.0
1902-07-29,1902,39.0
1902-07-30,1902,6.0
1902-07-31,1902,0.0
1902-08-01,1902,0.0
1902-08-02,1902,204.7
1902-08-03,1902,106.2
1902-08-04,1902,0.6
1902-08-05,1902,0.0
1902-08-06,1902,26.9
1902-08-07,1902,0.0
1902-08-08,1902,27.6
1902-08-09,1902,6.1
1902-08-10,1902,93.8
1902-08-11,1902,6.9
1902-08-12,1902,85.7
1902-08-13,1902,22.1
1902-08-14,1902,0.0
1902-08-15,1902,0.0
1902-08-16,1902,0.0
1902-08-17,1902,0.0
1902-08-18,1902,0.0
1902-08-19,1902,0.0
1902-08-20,1902,14.0
1902-08-21,1902,3.4
1902-08-22,1902,0.0
1902-08-23,1902,0.0
1902-08-24,1902,4.4
1902-08-25,1902,47.5
1902-08-26,1902,5.3
1902-08-27,1902,0.0
1902-08-28,1902,6.1
1902-08-29,1902,0.0
1902-08-30,1902,12.0
1902-08-31,1902,0.0
1902-09-01,1902,0.0
1902-09-02,1902,0.0
1902-09-03,1902,0.0
1902-09-04,1902,0.0
1902-09-05,1902,0.0
1902-09-06,1902,0.0
1902-09-07,1902,0.0
1902-09-08,1902,0.0
1902-09-09,1902,0.8
1902-09-10,1902,1.1
1902-09-11,1902,2.2
1902-09-12,1902,0.0
1902-09-13,1902,0.5
1902-09-14,1902,0.0
1902-09-15,1902,0.0
1902-09-16,1902,0.0
1902-09-17,1902,0.0
1902-09-18,1902,0.0
1902-09-19,1902,0.0
1902-09-20,1902,0.0
1902-09-21,1902,0.0
1902-09-22,1902,0.3
1902-09-23,1902,11.4
1902-09-24,1902,0.0
1902-09-25,1902,0.0
1902-09-26,1902,0.0
1902-09-27,1902,0.0
1902-09-28,1902,0.0
1902-09-29,1902,0.0
1902-09-30,1902,0.0
1902-10-01,1902,0.0
1902-10-02,1902,0.0
1902-10-03,1902,0.0
1902-10-04,1902,0.0
1902-10-05,1902,0.0
1902-10-06,1902,0.0
1902-10-07,1902,0.0
1902-10-08,1902,0.0
1902-10-09,1902,0.0
1902-10-10,1902,0.0
1902-10-11,1902,0.0
1902-10-12,1902,0.0
1902-10-13,1902,0.0
1902-10-14,1902,0.5
1902-10-15,1902,0.0
1902-10-16,1902,2.1
1902-10-17,1902,0.0
1902-10-18,1902,0.0
1902-10-19,1902,0.0
1902-10-20,1902,0.0
1902-10-21,1902,0.0
1902-10-22,1902,0.0
1902-10-23,1902,0.0
1902-10-24,1902,0.0
1902-10-25,1902,0.0
1902-10-26,1902,0.0
1902-10-27,1902,0.0
1902-10-28,1902,0.0
1902-10-29,1902,0.0
1902-10-30,1902,13.2
1902-10-31,1902,8.1
1902-11-01,1902,0.0
1902-11-02,1902,0.0
1902-11-03,1902,0.0
1902-11-04,1902,13.2
1902-11-05,1902,0.9
1902-11-06,1902,0.0
1902-11-07,1902,0.0
1902-11-08,1902,0.0
1902-11-09,1902,0.0
1902-11-10,1902,0.5
1902-11-11,1902,0.5
1902-11-12,1902,0.0
1902-11-13,1902,2.0
1902-11-14,1902,1.5
1902-11-15,1902,59.9
1902-11-16,1902,47.9
1902-11-17,1902,0.5
1902-11-18,1902,0.0
1902-11-19,1902,0.8
1902-11-20,1902,0.6
1902-11-21,1902,0.0
1902-11-22,1902,6.3
1902-11-23,1902,2.3
1902-11-24,1902,0.0
1902-11-25,1902,0.0
1902-11-26,1902,0.0
1902-11-27,1902,0.0
1902-11-28,1902,0.0
1902-11-29,1902,0.0
1902-11-30,1902,0.0
1902-12-01,1902,0.0
1902-12-02,1902,0.0
1902-12-03,1902,0.0
1902-12-04,1902,0.0
1902-12-05,1902,0.0
1902-12-06,1902,24.1
1902-12-07,1902,0.5
1902-12-08,1902,6.9
1902-12-09,1902,5.1
1902-12-10,1902,3.7
1902-12-11,1902,0.1
1902-12-12,1902,0.3
1902-12-13,1902,0.0
1902-12-14,1902,0.0
1902-12-15,1902,0.0
1902-12-16,1902,0.0
1902-12-17,1902,0.5
1902-12-18,1902,20.0
1902-12-19,1902,0.0
1902-12-20,1902,0.0
1902-12-21,1902,0.0
1902-12-22,1902,0.6
1902-12-23,1902,0.0
1902-12-24,1902,0.0
1902-12-25,1902,4.1
1902-12-26,1902,0.0
1902-12-27,1902,0.2
1902-12-28,1902,0.0
1902-12-29,1902,8.3
1902-12-30,1902,0.9
1902-12-31,1902,0.0
1903-01-01,1903,0.0
1903-01-02,1903,0.0
1903-01-03,1903,0.0
1903-01-04,1903,0.0
1903-01-05,1903,0.0
1903-01-06,1903,0.0
1903-01-07,1903,0.0
1903-01-08,1903,0.0
1903-01-09,1903,0.0
1903-01-10,1903,3.2
1903-01-11,1903,20.6
1903-01-12,1903,6.1
1903-01-13,1903,1.7
1903-01-14,1903,1.0
1903-01-15,1903,0.0
1903-01-16,1903,0.0
1903-01-17,1903,0.0
1903-01-18,1903,0.0
1903-01-19,1903,0.0
1903-01-20,1903,0.0
1903-01-21,1903,0.0
1903-01-22,1903,0.0
1903-01-23,1903,0.0
1903-01-24,1903,0.0
1903-01-25,1903,0.3
1903-01-26,1903,0.0
1903-01-27,1903,1.1
1903-01-28,1903,0.3
1903-01-29,1903,0.0
1903-01-30,1903,0.0
1903-01-31,1903,0.1
1903-02-01,1903,3.5
1903-02-02,1903,0.8
1903-02-03,1903,0.0
1903-02-04,1903,0.0
1903-02-05,1903,0.0
1903-02-06,1903,0.0
1903-02-07,1903,0.0
1903-02-08,1903,0.0
1903-02-09,1903,0.0
1903-02-10,1903,0.0
1903-02-11,1903,0.0
1903-02-12,1903,0.0
1903-02-13,1903,0.0
1903-02-14,1903,0.0
1903-02-15,1903,0.0
1903-02-16,1903,0.0
1903-02-17,1903,0.0
1903-02-18,1903,0.0
1903-02-19,1903,0.0
1903-02-20,1903,0.0
1903-02-21,1903,0.0
1903-02-22,1903,0.0
1903-02-23,1903,0.0
1903-02-24,1903,0.0
1903-02-25,1903,0.0
1903-02-26,1903,0.0
1903-02-27,1903,0.0
1903-02-28,1903,0.9
1903-03-01,1903,0.0
1903-03-02,1903,1.7
1903-03-03,1903,16.1
1903-03-04,1903,0.3
1903-03-05,1903,0.3
1903-03-06,1903,0.7
1903-03-07,1903,0.6
1903-03-08,1903,0.0
1903-03-09,1903,0.0
1903-03-10,1903,0.0
1903-03-11,1903,17.7
1903-03-12,1903,0.2
1903-03-13,1903,0.0
1903-03-14,1903,0.0
1903-03-15,1903,3.9
1903-03-16,1903,0.1
1903-03-17,1903,0.3
1903-03-18,1903,1.0
1903-03-19,1903,1.5
1903-03-20,1903,1.3
1903-03-21,1903,0.1
1903-03-22,1903,0.0
1903-03-23,1903,0.0
1903-03-24,1903,0.0
1903-03-25,1903,0.0
1903-03-26,1903,0.0
1903-03-27,1903,0.0
1903-03-28,1903,0.0
1903-03-29,1903,0.0
1903-03-30,1903,21.2
1903-03-31,1903,0.0
1903-04-01,1903,2.3
1903-04-02,1903,2.6
1903-04-03,1903,0.0
1903-04-04,1903,0.0
1903-04-05,1903,0.0
1903-04-06,1903,0.0
1903-04-07,1903,0.0
1903-04-08,1903,0.0
1903-04-09,1903,0.0
1903-04-10,1903,0.0
1903-04-11,1903,1.5
1903-04-12,1903,0.2
1903-04-13,1903,0.0
1903-04-14,1903,0.0
1903-04-15,1903,0.0
1903-04-16,1903,0.0
1903-04-17,1903,11.4
1903-04-18,1903,0.0
1903-04-19,1903,0.1
1903-04-20,1903,0.1
1903-04-21,1903,0.0
1903-04-22,1903,1.9
1903-04-23,1903,4.9
1903-04-24,1903,0.0
1903-04-25,1903,0.0
1903-04-26,1903,1.2
1903-04-27,1903,0.0
1903-04-28,1903,81.7
1903-04-29,1903,0.0
1903-04-30,1903,11.9
1903-05-01,1903,4.7
1903-05-02,1903,0.9
1903-05-03,1903,0.0
1903-05-04,1903,0.0
1903-05-05,1903,0.0
1903-05-06,1903,0.0
1903-05-07,1903,33.3
1903-05-08,1903,0.0
1903-05-09,1903,0.0
1903-05-10,1903,0.0
1903-05-11,1903,0.2
1903-05-12,1903,4.6
1903-05-13,1903,81.5
1903-05-14,1903,0.0
1903-05-15,1903,0.0
1903-05-16,1903,19.5
1903-05-17,1903,5.7
1903-05-18,1903,48.3
1903-05-19,1903,91.3
1903-05-20,1903,0.0
1903-05-21,1903,0.0
1903-05-22,1903,5.3
1903-05-23,1903,21.8
1903-05-24,1903,30.1
1903-05-25,1903,0.2
1903-05-26,1903,7.0
1903-05-27,1903,0.1
1903-05-28,1903,0.0
1903-05-29,1903,0.3
1903-05-30,1903,0.0
1903-05-31,1903,0.0
1903-06-01,1903,0.0
1903-06-02,1903,0.0
1903-06-03,1903,0.0
1903-06-04,1903,0.0
1903-06-05,1903,4.9
1903-06-06,1903,0.0
1903-06-07,1903,0.0
1903-06-08,1903,0.0
1903-06-09,1903,0.0
1903-06-10,1903,0.0
1903-06-11,1903,0.3
1903-06-12,1903,0.0
1903-06-13,1903,0.0
1903-06-14,1903,2.1
1903-06-15,1903,2.0
1903-06-16,1903,0.3
1903-06-17,1903,32.1
1903-06-18,1903,1.5
1903-06-19,1903,38.9
1903-06-20,1903,90.4
1903-06-21,1903,0.4
1903-06-22,1903,1.1
1903-06-23,1903,0.9
1903-06-24,1903,0.0
1903-06-25,1903,72.8
1903-06-26,1903,21.8
1903-06-27,1903,153.4
1903-06-28,1903,215.9
1903-06-29,1903,0.3
1903-06-30,1903,1.5
1903-07-01,1903,1.4
1903-07-02,1903,15.0
1903-07-03,1903,1.3
1903-07-04,1903,0.0
1903-07-05,1903,0.0
1903-07-06,1903,0.0
1903-07-07,1903,0.0
1903-07-08,1903,0.0
1903-07-09,1903,39.8
1903-07-10,1903,2.1
1903-07-11,1903,12.1
1903-07-12,1903,6.3
1903-07-13,1903,25.9
1903-07-14,1903,28.3
1903-07-15,1903,1.2
1903-07-16,1903,1.3
1903-07-17,1903,2.4
1903-07-18,1903,74.2
1903-07-19,1903,8.3
1903-07-20,1903,27.7
1903-07-21,1903,1.1
1903-07-22,1903,0.6
1903-07-23,1903,6.9
1903-07-24,1903,0.5
1903-07-25,1903,0.0
1903-07-26,1903,0.0
1903-07-27,1903,14.4
1903-07-28,1903,12.9
1903-07-29,1903,0.0
1903-07-30,1903,0.0
1903-07-31,1903,0.0
1903-08-01,1903,1.0
1903-08-02,1903,2.0
1903-08-03,1903,63.9
1903-08-04,1903,13.6
1903-08-05,1903,0.0
1903-08-06,1903,0.0
1903-08-07,1903,0.0
1903-08-08,1903,5.1
1903-08-09,1903,14.2
1903-08-10,1903,1.8
1903-08-11,1903,0.5
1903-08-12,1903,0.0
1903-08-13,1903,0.0
1903-08-14,1903,5.5
1903-08-15,1903,10.7
1903-08-16,1903,38.2
1903-08-17,1903,27.3
1903-08-18,1903,35.6
1903-08-19,1903,0.0
1903-08-20,1903,19.9
1903-08-21,1903,16.6
1903-08-22,1903,1.1
1903-08-23,1903,0.0
1903-08-24,1903,0.0
1903-08-25,1903,3.1
1903-08-26,1903,4.2
1903-08-27,1903,3.6
1903-08-28,1903,24.5
1903-08-29,1903,0.0
1903-08-30,1903,0.0
1903-08-31,1903,88.1
1903-09-01,1903,22.2
1903-09-02,1903,44.9
1903-09-03,1903,5.1
1903-09-04,1903,12.0
1903-09-05,1903,4.2
1903-09-06,1903,74.0
1903-09-07,1903,20.0
1903-09-08,1903,39.1
1903-09-09,1903,84.9
1903-09-10,1903,3.6
1903-09-11,1903,11.0
1903-09-12,1903,83.9
1903-09-13,1903,4.8
1903-09-14,1903,0.0
1903-09-15,1903,0.0
1903-09-16,1903,0.0
1903-09-17,1903,0.0
1903-09-18,1903,0.0
1903-09-19,1903,0.0
1903-09-20,1903,0.0
1903-09-21,1903,9.3
1903-09-22,1903,0.0
1903-09-23,1903,0.0
1903-09-24,1903,0.0
1903-09-25,1903,0.0
1903-09-26,1903,0.0
1903-09-27,1903,1.0
1903-09-28,1903,0.0
1903-09-29,1903,0.0
1903-09-30,1903,0.0
1903-10-01,1903,0.0
1903-10-02,1903,0.0
1903-10-03,1903,0.0
1903-10-04,1903,0.0
1903-10-05,1903,0.0
1903-10-06,1903,0.0
1903-10-07,1903,0.0
1903-10-08,1903,2.0
1903-10-09,1903,11.4
1903-10-10,1903,0.0
1903-10-11,1903,0.0
1903-10-12,1903,0.0
1903-10-13,1903,0.0
1903-10-14,1903,0.0
1903-10-15,1903,0.0
1903-10-16,1903,0.0
1903-10-17,1903,0.0
1903-10-18,1903,2.3
1903-10-19,1903,0.0
1903-10-20,1903,0.0
1903-10-21,1903,0.0
1903-10-22,1903,0.0
1903-10-23,1903,0.0
1903-10-24,1903,0.0
1903-10-25,1903,0.0
1903-10-26,1903,0.0
1903-10-27,1903,26.7
1903-10-28,1903,0.0
1903-10-29,1903,0.0
1903-10-30,1903,0.0
1903-10-31,1903,0.0
1903-11-01,1903,0.0
1903-11-02,1903,0.0
1903-11-03,1903,0.0
1903-11-04,1903,0.0
1903-11-05,1903,0.0
1903-11-06,1903,0.0
1903-11-07,1903,0.0
1903-11-08,1903,0.0
1903-11-09,1903,0.0
1903-11-10,1903,0.0
1903-11-11,1903,0.0
1903-11-12,1903,0.0
1903-11-13,1903,0.0
1903-11-14,1903,0.0
1903-11-15,1903,0.0
1903-11-16,1903,0.0
1903-11-17,1903,0.0
1903-11-18,1903,0.0
1903-11-19,1903,0.1
1903-11-20,1903,0.8
1903-11-21,1903,26.2
1903-11-22,1903,0.8
1903-11-23,1903,0.0
1903-11-24,1903,0.0
1903-11-25,1903,0.0
1903-11-26,1903,0.0
1903-11-27,1903,0.0
1903-11-28,1903,0.0
1903-11-29,1903,0.0
1903-11-30,1903,0.0
1903-12-01,1903,0.0
1903-12-02,1903,0.0
1903-12-03,1903,0.0
1903-12-04,1903,0.0
1903-12-05,1903,0.0
1903-12-06,1903,0.0
1903-12-07,1903,0.0
1903-12-08,1903,0.0
1903-12-09,1903,0.0
1903-12-10,1903,0.0
1903-12-11,1903,0.0
1903-12-12,1903,0.0
1903-12-13,1903,0.0
1903-12-14,1903,0.0
1903-12-15,1903,0.0
1903-12-16,1903,1.9
1903-12-17,1903,0.0
1903-12-18,1903,0.0
1903-12-19,1903,0.0
1903-12-20,1903,0.0
1903-12-21,1903,0.0
1903-12-22,1903,0.0
1903-12-23,1903,0.0
1903-12-24,1903,0.0
1903-12-25,1903,0.0
1903-12-26,1903,0.3
1903-12-27,1903,0.0
1903-12-28,1903,0.0
1903-12-29,1903,0.0
1903-12-30,1903,0.0
1903-12-31,1903,0.0
1904-01-01,1904,0.0
1904-01-02,1904,0.0
1904-01-03,1904,0.0
1904-01-04,1904,0.0
1904-01-05,1904,0.0
1904-01-06,1904,0.0
1904-01-07,1904,0.0
1904-01-08,1904,0.0
1904-01-09,1904,0.0
1904-01-10,1904,0.0
1904-01-11,1904,0.0
1904-01-12,1904,0.0
1904-01-13,1904,2.8
1904-01-14,1904,0.3
1904-01-15,1904,0.0
1904-01-16,1904,0.0
1904-01-17,1904,0.0
1904-01-18,1904,0.0
1904-01-19,1904,0.0
1904-01-20,1904,0.0
1904-01-21,1904,0.0
1904-01-22,1904,0.0
1904-01-23,1904,0.0
1904-01-24,1904,0.0
1904-01-25,1904,0.0
1904-01-26,1904,0.0
1904-01-27,1904,0.0
1904-01-28,1904,0.0
1904-01-29,1904,0.0
1904-01-30,1904,0.0
1904-01-31,1904,0.0
1904-02-01,1904,0.0
1904-02-02,1904,0.0
1904-02-03,1904,3.8
1904-02-04,1904,0.5
1904-02-05,1904,0.0
1904-02-06,1904,0.0
1904-02-07,1904,0.0
1904-02-08,1904,0.0
1904-02-09,1904,0.0
1904-02-10,1904,0.0
1904-02-11,1904,0.0
1904-02-12,1904,0.0
1904-02-13,1904,0.0
1904-02-14,1904,0.0
1904-02-15,1904,0.0
1904-02-16,1904,0.0
1904-02-17,1904,0.0
1904-02-18,1904,0.0
1904-02-19,1904,0.0
1904-02-20,1904,0.0
1904-02-21,1904,0.0
1904-02-22,1904,0.0
1904-02-23,1904,0.0
1904-02-24,1904,0.0
1904-02-25,1904,0.0
1904-02-26,1904,0.0
1904-02-27,1904,0.0
1904-02-28,1904,0.0
1904-02-29,1904,0.8
1904-03-01,1904,0.0
1904-03-02,1904,1.0
1904-03-03,1904,0.4
1904-03-04,1904,0.0
1904-03-05,1904,0.4
1904-03-06,1904,8.8
1904-03-07,1904,1.4
1904-03-08,1904,0.0
1904-03-09,1904,11.4
1904-03-10,1904,0.0
1904-03-11,1904,0.1
1904-03-12,1904,0.4
1904-03-13,1904,0.3
1904-03-14,1904,1.4
1904-03-15,1904,12.4
1904-03-16,1904,26.2
1904-03-17,1904,0.0
1904-03-18,1904,25.4
1904-03-19,1904,0.0
1904-03-20,1904,0.0
1904-03-21,1904,0.2
1904-03-22,1904,0.0
1904-03-23,1904,0.1
1904-03-24,1904,0.0
1904-03-25,1904,0.0
1904-03-26,1904,0.0
1904-03-27,1904,0.0
1904-03-28,1904,0.0
1904-03-29,1904,3.1
1904-03-30,1904,2.0
1904-03-31,1904,0.0
1904-04-01,1904,0.0
1904-04-02,1904,0.0
1904-04-03,1904,0.1
1904-04-04,1904,5.5
1904-04-05,1904,0.0
1904-04-06,1904,15.7
1904-04-07,1904,1.4
1904-04-08,1904,0.0
1904-04-09,1904,0.0
1904-04-10,1904,0.6
1904-04-11,1904,0.0
1904-04-12,1904,0.0
1904-04-13,1904,0.0
1904-04-14,1904,0.0
1904-04-15,1904,0.4
1904-04-16,1904,0.0
1904-04-17,1904,9.5
1904-04-18,1904,0.2
1904-04-19,1904,0.5
1904-04-20,1904,4.3
1904-04-21,1904,0.0
1904-04-22,1904,0.0
1904-04-23,1904,8.8
1904-04-24,1904,0.0
1904-04-25,1904,0.0
1904-04-26,1904,0.2
1904-04-27,1904,1.1
1904-04-28,1904,0.0
1904-04-29,1904,0.0
1904-04-30,1904,0.0
1904-05-01,1904,0.0
1904-05-02,1904,0.0
1904-05-03,1904,0.0
1904-05-04,1904,0.0
1904-05-05,1904,25.3
1904-05-06,1904,0.9
1904-05-07,1904,7.3
1904-05-08,1904,2.4
1904-05-09,1904,0.0
1904-05-10,1904,1.0
1904-05-11,1904,0.0
1904-05-12,1904,62.7
1904-05-13,1904,0.3
1904-05-14,1904,0.0
1904-05-15,1904,0.0
1904-05-16,1904,0.0
1904-05-17,1904,0.0
1904-05-18,1904,5.7
1904-05-19,1904,0.0
1904-05-20,1904,0.0
1904-05-21,1904,0.0
1904-05-22,1904,0.0
1904-05-23,1904,2.2
1904-05-24,1904,1.7
1904-05-25,1904,17.8
1904-05-26,1904,7.6
1904-05-27,1904,1.6
1904-05-28,1904,2.5
1904-05-29,1904,46.9
1904-05-30,1904,10.4
1904-05-31,1904,0.0
1904-06-01,1904,0.0
1904-06-02,1904,0.0
1904-06-03,1904,0.0
1904-06-04,1904,0.0
1904-06-05,1904,3.6
1904-06-06,1904,63.9
1904-06-07,1904,5.7
1904-06-08,1904,4.5
1904-06-09,1904,41.8
1904-06-10,1904,0.0
1904-06-11,1904,0.0
1904-06-12,1904,6.0
1904-06-13,1904,0.0
1904-06-14,1904,7.7
1904-06-15,1904,4.5
1904-06-16,1904,0.0
1904-06-17,1904,5.6
1904-06-18,1904,0.0
1904-06-19,1904,0.0
1904-06-20,1904,4.1
1904-06-21,1904,6.8
1904-06-22,1904,12.4
1904-06-23,1904,0.1
1904-06-24,1904,0.0
1904-06-25,1904,0.0
1904-06-26,1904,10.1
1904-06-27,1904,44.1
1904-06-28,1904,63.7
1904-06-29,1904,131.8
1904-06-30,1904,82.8
1904-07-01,1904,25.5
1904-07-02,1904,39.3
1904-07-03,1904,0.0
1904-07-04,1904,0.0
1904-07-05,1904,0.0
1904-07-06,1904,0.0
1904-07-07,1904,0.0
1904-07-08,1904,0.9
1904-07-09,1904,0.0
1904-07-10,1904,4.3
1904-07-11,1904,14.6
1904-07-12,1904,0.7
1904-07-13,1904,0.0
1904-07-14,1904,4.5
1904-07-15,1904,1.3
1904-07-16,1904,37.5
1904-07-17,1904,21.1
1904-07-18,1904,11.3
1904-07-19,1904,5.6
1904-07-20,1904,0.1
1904-07-21,1904,7.8
1904-07-22,1904,0.0
1904-07-23,1904,1.0
1904-07-24,1904,1.2
1904-07-25,1904,0.0
1904-07-26,1904,0.0
1904-07-27,1904,0.0
1904-07-28,1904,0.4
1904-07-29,1904,0.0
1904-07-30,1904,0.1
1904-07-31,1904,6.4
1904-08-01,1904,15.3
1904-08-02,1904,39.7
1904-08-03,1904,2.0
1904-08-04,1904,0.0
1904-08-05,1904,8.7
1904-08-06,1904,0.4
1904-08-07,1904,0.0
1904-08-08,1904,5.4
1904-08-09,1904,43.3
1904-08-10,1904,28.2
1904-08-11,1904,108.8
1904-08-12,1904,0.0
1904-08-13,1904,0.0
1904-08-14,1904,0.0
1904-08-15,1904,0.0
1904-08-16,1904,0.0
1904-08-17,1904,0.0
1904-08-18,1904,0.0
1904-08-19,1904,0.0
1904-08-20,1904,0.0
1904-08-21,1904,0.3
1904-08-22,1904,0.0
1904-08-23,1904,11.4
1904-08-24,1904,118.7
1904-08-25,1904,282.5
1904-08-26,1904,28.8
1904-08-27,1904,5.0
1904-08-28,1904,0.0
1904-08-29,1904,0.0
1904-08-30,1904,0.0
1904-08-31,1904,3.6
1904-09-01,1904,23.0
1904-09-02,1904,62.9
1904-09-03,1904,0.0
1904-09-04,1904,0.0
1904-09-05,1904,0.0
1904-09-06,1904,0.0
1904-09-07,1904,0.0
1904-09-08,1904,0.0
1904-09-09,1904,0.0
1904-09-10,1904,12.5
1904-09-11,1904,27.9
1904-09-12,1904,4.9
1904-09-13,1904,11.5
1904-09-14,1904,13.1
1904-09-15,1904,3.1
1904-09-16,1904,6.4
1904-09-17,1904,15.3
1904-09-18,1904,0.4
1904-09-19,1904,18.6
1904-09-20,1904,13.8
1904-09-21,1904,0.8
1904-09-22,1904,1.0
1904-09-23,1904,1.8
1904-09-24,1904,3.2
1904-09-25,1904,3.1
1904-09-26,1904,1.3
1904-09-27,1904,1.5
1904-09-28,1904,0.0
1904-09-29,1904,19.4
1904-09-30,1904,2.6
1904-10-01,1904,25.3
1904-10-02,1904,0.8
1904-10-03,1904,4.6
1904-10-04,1904,6.4
1904-10-05,1904,0.0
1904-10-06,1904,5.4
1904-10-07,1904,4.7
1904-10-08,1904,0.0
1904-10-09,1904,0.0
1904-10-10,1904,0.0
1904-10-11,1904,0.0
1904-10-12,1904,0.0
1904-10-13,1904,0.0
1904-10-14,1904,0.0
1904-10-15,1904,0.0
1904-10-16,1904,0.0
1904-10-17,1904,0.0
1904-10-18,1904,0.0
1904-10-19,1904,0.0
1904-10-20,1904,0.0
1904-10-21,1904,0.0
1904-10-22,1904,0.0
1904-10-23,1904,0.0
1904-10-24,1904,0.0
1904-10-25,1904,0.0
1904-10-26,1904,0.0
1904-10-27,1904,0.0
1904-10-28,1904,0.0
1904-10-29,1904,0.0
1904-10-30,1904,3.3
1904-10-31,1904,0.6
1904-11-01,1904,0.0
1904-11-02,1904,0.5
1904-11-03,1904,0.0
1904-11-04,1904,0.0
1904-11-05,1904,0.1
1904-11-06,1904,0.0
1904-11-07,1904,0.0
1904-11-08,1904,0.0
1904-11-09,1904,0.0
1904-11-10,1904,0.0
1904-11-11,1904,1.8
1904-11-12,1904,0.0
1904-11-13,1904,0.3
1904-11-14,1904,0.7
1904-11-15,1904,0.0
1904-11-16,1904,0.0
1904-11-17,1904,0.0
1904-11-18,1904,0.0
1904-11-19,1904,0.0
1904-11-20,1904,0.0
1904-11-21,1904,0.0
1904-11-22,1904,0.0
1904-11-23,1904,0.0
1904-11-24,1904,0.0
1904-11-25,1904,0.0
1904-11-26,1904,0.0
1904-11-27,1904,0.0
1904-11-28,1904,2.0
1904-11-29,1904,0.0
1904-11-30,1904,0.0
1904-12-01,1904,0.0
1904-12-02,1904,0.0
1904-12-03,1904,0.0
1904-12-04,1904,0.0
1904-12-05,1904,0.0
1904-12-06,1904,0.0
1904-12-07,1904,0.0
1904-12-08,1904,0.0
1904-12-09,1904,0.0
1904-12-10,1904,0.0
1904-12-11,1904,0.0
1904-12-12,1904,0.0
1904-12-13,1904,2.9
1904-12-14,1904,0.0
1904-12-15,1904,0.0
1904-12-16,1904,0.0
1904-12-17,1904,0.0
1904-12-18,1904,0.0
1904-12-19,1904,0.0
1904-12-20,1904,0.0
1904-12-21,1904,0.0
1904-12-22,1904,0.0
1904-12-23,1904,0.0
1904-12-24,1904,1.9
1904-12-25,1904,0.9
1904-12-26,1904,0.3
1904-12-27,1904,0.0
1904-12-28,1904,0.0
1904-12-29,1904,0.0
1904-12-30,1904,0.0
1904-12-31,1904,0.0
1905-01-01,1905,0.0
1905-01-02,1905,0.0
1905-01-03,1905,0.0
1905-01-04,1905,0.0
1905-01-05,1905,0.0
1905-01-06,1905,0.0
1905-01-07,1905,0.0
1905-01-08,1905,0.0
1905-01-09,1905,0.0
1905-01-10,1905,0.0
1905-01-11,1905,0.0
1905-01-12,1905,0.0
1905-01-13,1905,0.0
1905-01-14,1905,0.0
1905-01-15,1905,0.0
1905-01-16,1905,0.0
1905-01-17,1905,0.0
1905-01-18,1905,0.0
1905-01-19,1905,0.0
1905-01-20,1905,0.0
1905-01-21,1905,0.0
1905-01-22,1905,0.0
1905-01-23,1905,0.0
1905-01-24,1905,0.0
1905-01-25,1905,0.0
1905-01-26,1905,9.2
1905-01-27,1905,2.5
1905-01-28,1905,24.6
1905-01-29,1905,9.3
1905-01-30,1905,0.0
1905-01-31,1905,0.0
1905-02-01,1905,0.4
1905-02-02,1905,0.0
1905-02-03,1905,0.0
1905-02-04,1905,0.0
1905-02-05,1905,0.0
1905-02-06,1905,0.0
1905-02-07,1905,0.4
1905-02-08,1905,0.0
1905-02-09,1905,1.8
1905-02-10,1905,0.0
1905-02-11,1905,0.0
1905-02-12,1905,1.2
1905-02-13,1905,0.0
1905-02-14,1905,0.0
1905-02-15,1905,0.0
1905-02-16,1905,0.0
1905-02-17,1905,0.0
1905-02-18,1905,0.0
1905-02-19,1905,1.0
1905-02-20,1905,0.1
1905-02-21,1905,2.0
1905-02-22,1905,1.7
1905-02-23,1905,1.1
1905-02-24,1905,0.8
1905-02-25,1905,5.6
1905-02-26,1905,0.0
1905-02-27,1905,0.0
1905-02-28,1905,11.9
1905-03-01,1905,4.0
1905-03-02,1905,0.0
1905-03-03,1905,1.5
1905-03-04,1905,0.0
1905-03-05,1905,0.6
1905-03-06,1905,3.6
1905-03-07,1905,0.5
1905-03-08,1905,0.1
1905-03-09,1905,0.0
1905-03-10,1905,0.0
1905-03-11,1905,0.0
1905-03-12,1905,0.0
1905-03-13,1905,0.0
1905-03-14,1905,0.0
1905-03-15,1905,40.8
1905-03-16,1905,22.5
1905-03-17,1905,0.0
1905-03-18,1905,21.1
1905-03-19,1905,54.6
1905-03-20,1905,23.7
1905-03-21,1905,11.3
1905-03-22,1905,0.5
1905-03-23,1905,21.1
1905-03-24,1905,30.2
1905-03-25,1905,15.5
1905-03-26,1905,4.6
1905-03-27,1905,17.1
1905-03-28,1905,6.7
1905-03-29,1905,10.5
1905-03-30,1905,1.0
1905-03-31,1905,0.0
1905-04-01,1905,0.0
1905-04-02,1905,0.0
1905-04-03,1905,0.8
1905-04-04,1905,0.5
1905-04-05,1905,1.3
1905-04-06,1905,0.0
1905-04-07,1905,0.0
1905-04-08,1905,0.0
1905-04-09,1905,3.3
1905-04-10,1905,1.8
1905-04-11,1905,5.6
1905-04-12,1905,4.6
1905-04-13,1905,2.0
1905-04-14,1905,0.1
1905-04-15,1905,0.7
1905-04-16,1905,0.0
1905-04-17,1905,0.0
1905-04-18,1905,2.2
1905-04-19,1905,0.0
1905-04-20,1905,1.8
1905-04-21,1905,6.0
1905-04-22,1905,0.0
1905-04-23,1905,0.1
1905-04-24,1905,0.6
1905-04-25,1905,0.0
1905-04-26,1905,0.0
1905-04-27,1905,0.0
1905-04-28,1905,0.0
1905-04-29,1905,0.0
1905-04-30,1905,0.0
1905-05-01,1905,0.0
1905-05-02,1905,0.0
1905-05-03,1905,2.0
1905-05-04,1905,0.0
1905-05-05,1905,0.2
1905-05-06,1905,0.0
1905-05-07,1905,0.0
1905-05-08,1905,0.0
1905-05-09,1905,0.0
1905-05-10,1905,0.0
1905-05-11,1905,0.0
1905-05-12,1905,0.3
1905-05-13,1905,0.0
1905-05-14,1905,0.0
1905-05-15,1905,0.0
1905-05-16,1905,0.6
1905-05-17,1905,0.0
1905-05-18,1905,0.0
1905-05-19,1905,0.0
1905-05-20,1905,0.0
1905-05-21,1905,0.0
1905-05-22,1905,0.0
1905-05-23,1905,19.3
1905-05-24,1905,0.3
1905-05-25,1905,10.7
1905-05-26,1905,0.0
1905-05-27,1905,0.0
1905-05-28,1905,2.7
1905-05-29,1905,3.5
1905-05-30,1905,55.9
1905-05-31,1905,78.1
1905-06-01,1905,202.0
1905-06-02,1905,0.3
1905-06-03,1905,1.9
1905-06-04,1905,0.5
1905-06-05,1905,4.7
1905-06-06,1905,55.8
1905-06-07,1905,50.2
1905-06-08,1905,3.3
1905-06-09,1905,20.9
1905-06-10,1905,10.1
1905-06-11,1905,0.0
1905-06-12,1905,1.1
1905-06-13,1905,0.0
1905-06-14,1905,5.0
1905-06-15,1905,0.0
1905-06-16,1905,1.5
1905-06-17,1905,2.6
1905-06-18,1905,0.0
1905-06-19,1905,0.0
1905-06-20,1905,0.0
1905-06-21,1905,3.6
1905-06-22,1905,52.3
1905-06-23,1905,51.4
1905-06-24,1905,32.0
1905-06-25,1905,1.0
1905-06-26,1905,0.0
1905-06-27,1905,0.0
1905-06-28,1905,0.0
1905-06-29,1905,0.0
1905-06-30,1905,0.3
1905-07-01,1905,1.8
1905-07-02,1905,0.0
1905-07-03,1905,0.0
1905-07-04,1905,21.8
1905-07-05,1905,0.0
1905-07-06,1905,9.0
1905-07-07,1905,37.6
1905-07-08,1905,18.1
1905-07-09,1905,0.0
1905-07-10,1905,0.0
1905-07-11,1905,0.0
1905-07-12,1905,0.1
1905-07-13,1905,0.1
1905-07-14,1905,0.1
1905-07-15,1905,1.8
1905-07-16,1905,0.0
1905-07-17,1905,0.0
1905-07-18,1905,0.0
1905-07-19,1905,0.0
1905-07-20,1905,0.0
1905-07-21,1905,15.9
1905-07-22,1905,0.8
1905-07-23,1905,19.3
1905-07-24,1905,11.1
1905-07-25,1905,27.7
1905-07-26,1905,13.6
1905-07-27,1905,10.9
1905-07-28,1905,27.8
1905-07-29,1905,9.1
1905-07-30,1905,1.9
1905-07-31,1905,0.0
1905-08-01,1905,62.2
1905-08-02,1905,63.9
1905-08-03,1905,2.7
1905-08-04,1905,0.0
1905-08-05,1905,0.0
1905-08-06,1905,0.0
1905-08-07,1905,0.0
1905-08-08,1905,0.0
1905-08-09,1905,0.0
1905-08-10,1905,1.7
1905-08-11,1905,8.0
1905-08-12,1905,15.3
1905-08-13,1905,0.0
1905-08-14,1905,0.0
1905-08-15,1905,0.0
1905-08-16,1905,0.0
1905-08-17,1905,2.6
1905-08-18,1905,20.5
1905-08-19,1905,4.2
1905-08-20,1905,32.5
1905-08-21,1905,0.1
1905-08-22,1905,0.0
1905-08-23,1905,6.0
1905-08-24,1905,0.6
1905-08-25,1905,0.0
1905-08-26,1905,0.0
1905-08-27,1905,0.0
1905-08-28,1905,27.8
1905-08-29,1905,0.0
1905-08-30,1905,42.8
1905-08-31,1905,17.1
1905-09-01,1905,0.2
1905-09-02,1905,0.0
1905-09-03,1905,0.0
1905-09-04,1905,0.4
1905-09-05,1905,0.7
1905-09-06,1905,1.4
1905-09-07,1905,0.5
1905-09-08,1905,4.9
1905-09-09,1905,20.2
1905-09-10,1905,0.0
1905-09-11,1905,0.0
1905-09-12,1905,0.0
1905-09-13,1905,0.0
1905-09-14,1905,0.0
1905-09-15,1905,0.0
1905-09-16,1905,5.4
1905-09-17,1905,0.3
1905-09-18,1905,0.0
1905-09-19,1905,0.0
1905-09-20,1905,25.3
1905-09-21,1905,1.2
1905-09-22,1905,0.0
1905-09-23,1905,0.0
1905-09-24,1905,0.0
1905-09-25,1905,0.0
1905-09-26,1905,0.0
1905-09-27,1905,7.2
1905-09-28,1905,10.1
1905-09-29,1905,0.4
1905-09-30,1905,2.7
1905-10-01,1905,44.1
1905-10-02,1905,1.0
1905-10-03,1905,0.0
1905-10-04,1905,0.5
1905-10-05,1905,0.0
1905-10-06,1905,0.0
1905-10-07,1905,0.0
1905-10-08,1905,0.0
1905-10-09,1905,0.0
1905-10-10,1905,0.0
1905-10-11,1905,0.0
1905-10-12,1905,0.0
1905-10-13,1905,0.0
1905-10-14,1905,0.0
1905-10-15,1905,0.0
1905-10-16,1905,0.9
1905-10-17,1905,0.1
1905-10-18,1905,0.0
1905-10-19,1905,0.0
1905-10-20,1905,0.0
1905-10-21,1905,0.0
1905-10-22,1905,0.0
1905-10-23,1905,0.0
1905-10-24,1905,0.0
1905-10-25,1905,0.0
1905-10-26,1905,0.0
1905-10-27,1905,0.0
1905-10-28,1905,0.0
1905-10-29,1905,0.0
1905-10-30,1905,0.0
1905-10-31,1905,0.0
1905-11-01,1905,0.0
1905-11-02,1905,0.0
1905-11-03,1905,0.0
1905-11-04,1905,0.0
1905-11-05,1905,0.0
1905-11-06,1905,0.0
1905-11-07,1905,0.0
1905-11-08,1905,0.0
1905-11-09,1905,0.0
1905-11-10,1905,0.0
1905-11-11,1905,0.0
1905-11-12,1905,0.0
1905-11-13,1905,0.0
1905-11-14,1905,0.0
1905-11-15,1905,0.0
1905-11-16,1905,0.0
1905-11-17,1905,0.0
1905-11-18,1905,0.0
1905-11-19,1905,0.0
1905-11-20,1905,0.3
1905-11-21,1905,1.9
1905-11-22,1905,0.4
1905-11-23,1905,0.0
1905-11-24,1905,0.4
1905-11-25,1905,2.6
1905-11-26,1905,0.0
1905-11-27,1905,0.9
1905-11-28,1905,0.6
1905-11-29,1905,0.0
1905-11-30,1905,0.2
1905-12-01,1905,0.0
1905-12-02,1905,0.0
1905-12-03,1905,0.0
1905-12-04,1905,0.0
1905-12-05,1905,0.0
1905-12-06,1905,0.0
1905-12-07,1905,0.0
1905-12-08,1905,0.0
1905-12-09,1905,0.0
1905-12-10,1905,0.0
1905-12-11,1905,0.0
1905-12-12,1905,1.5
1905-12-13,1905,0.0
1905-12-14,1905,0.0
1905-12-15,1905,6.1
1905-12-16,1905,1.5
1905-12-17,1905,0.1
1905-12-18,1905,0.0
1905-12-19,1905,0.0
1905-12-20,1905,0.0
1905-12-21,1905,0.0
1905-12-22,1905,0.0
1905-12-23,1905,0.0
1905-12-24,1905,5.9
1905-12-25,1905,26.9
1905-12-26,1905,4.9
1905-12-27,1905,0.0
1905-12-28,1905,0.3
1905-12-29,1905,12.7
1905-12-30,1905,0.1
1905-12-31,1905,0.0
1906-01-01,1906,0.0
1906-01-02,1906,0.0
1906-01-03,1906,0.0
1906-01-04,1906,0.0
1906-01-05,1906,0.0
1906-01-06,1906,0.0
1906-01-07,1906,0.0
1906-01-08,1906,0.0
1906-01-09,1906,0.0
1906-01-10,1906,0.0
1906-01-11,1906,0.3
1906-01-12,1906,0.0
1906-01-13,1906,0.0
1906-01-14,1906,1.1
1906-01-15,1906,1.1
1906-01-16,1906,3.1
1906-01-17,1906,0.5
1906-01-18,1906,0.0
1906-01-19,1906,0.0
1906-01-20,1906,0.0
1906-01-21,1906,0.0
1906-01-22,1906,0.0
1906-01-23,1906,0.0
1906-01-24,1906,0.0
1906-01-25,1906,0.0
1906-01-26,1906,0.0
1906-01-27,1906,0.5
1906-01-28,1906,11.3
1906-01-29,1906,5.3
1906-01-30,1906,2.2
1906-01-31,1906,25.2
1906-02-01,1906,2.7
1906-02-02,1906,0.0
1906-02-03,1906,0.9
1906-02-04,1906,2.5
1906-02-05,1906,0.0
1906-02-06,1906,0.5
1906-02-07,1906,0.7
1906-02-08,1906,9.5
1906-02-09,1906,0.0
1906-02-10,1906,3.2
1906-02-11,1906,22.6
1906-02-12,1906,0.0
1906-02-13,1906,6.1
1906-02-14,1906,4.0
1906-02-15,1906,1.3
1906-02-16,1906,0.0
1906-02-17,1906,0.1
1906-02-18,1906,0.4
1906-02-19,1906,0.0
1906-02-20,1906,0.0
1906-02-21,1906,0.0
1906-02-22,1906,0.0
1906-02-23,1906,0.2
1906-02-24,1906,0.8
1906-02-25,1906,1.4
1906-02-26,1906,0.0
1906-02-27,1906,0.0
1906-02-28,1906,0.0
1906-03-01,1906,1.1
1906-03-02,1906,0.5
1906-03-03,1906,0.5
1906-03-04,1906,0.0
1906-03-05,1906,0.0
1906-03-06,1906,0.0
1906-03-07,1906,0.0
1906-03-08,1906,0.0
1906-03-09,1906,0.0
1906-03-10,1906,0.4
1906-03-11,1906,0.0
1906-03-12,1906,5.0
1906-03-13,1906,11.3
1906-03-14,1906,0.1
1906-03-15,1906,0.0
1906-03-16,1906,13.2
1906-03-17,1906,4.2
1906-03-18,1906,0.0
1906-03-19,1906,0.5
1906-03-20,1906,0.0
1906-03-21,1906,0.0
1906-03-22,1906,0.0
1906-03-23,1906,0.0
1906-03-24,1906,0.0
1906-03-25,1906,1.4
1906-03-26,1906,0.6
1906-03-27,1906,0.0
1906-03-28,1906,0.2
1906-03-29,1906,8.5
1906-03-30,1906,18.1
1906-03-31,1906,1.0
1906-04-01,1906,0.5
1906-04-02,1906,10.4
1906-04-03,1906,15.9
1906-04-04,1906,8.1
1906-04-05,1906,0.0
1906-04-06,1906,0.1
1906-04-07,1906,0.0
1906-04-08,1906,33.0
1906-04-09,1906,0.0
1906-04-10,1906,7.9
1906-04-11,1906,9.1
1906-04-12,1906,0.0
1906-04-13,1906,29.8
1906-04-14,1906,0.4
1906-04-15,1906,56.5
1906-04-16,1906,0.4
1906-04-17,1906,57.8
1906-04-18,1906,0.8
1906-04-19,1906,4.6
1906-04-20,1906,3.3
1906-04-21,1906,4.8
1906-04-22,1906,0.8
1906-04-23,1906,3.9
1906-04-24,1906,0.0
1906-04-25,1906,0.0
1906-04-26,1906,0.0
1906-04-27,1906,0.0
1906-04-28,1906,0.0
1906-04-29,1906,0.4
1906-04-30,1906,0.1
1906-05-01,1906,9.5
1906-05-02,1906,21.2
1906-05-03,1906,1.2
1906-05-04,1906,15.3
1906-05-05,1906,11.9
1906-05-06,1906,36.3
1906-05-07,1906,12.4
1906-05-08,1906,0.0
1906-05-09,1906,0.0
1906-05-10,1906,0.0
1906-05-11,1906,0.3
1906-05-12,1906,0.0
1906-05-13,1906,0.0
1906-05-14,1906,0.0
1906-05-15,1906,0.0
1906-05-16,1906,0.0
1906-05-17,1906,0.0
1906-05-18,1906,2.7
1906-05-19,1906,0.0
1906-05-20,1906,0.0
1906-05-21,1906,0.0
1906-05-22,1906,0.0
1906-05-23,1906,2.1
1906-05-24,1906,8.2
1906-05-25,1906,95.5
1906-05-26,1906,22.0
1906-05-27,1906,7.8
1906-05-28,1906,32.7
1906-05-29,1906,15.1
1906-05-30,1906,0.1
1906-05-31,1906,0.0
1906-06-01,1906,0.0
1906-06-02,1906,0.0
1906-06-03,1906,0.0
1906-06-04,1906,0.0
1906-06-05,1906,4.4
1906-06-06,1906,2.0
1906-06-07,1906,0.0
1906-06-08,1906,0.3
1906-06-09,1906,0.0
1906-06-10,1906,0.0
1906-06-11,1906,0.0
1906-06-12,1906,0.8
1906-06-13,1906,10.9
1906-06-14,1906,0.9
1906-06-15,1906,0.0
1906-06-16,1906,0.0
1906-06-17,1906,0.0
1906-06-18,1906,0.0
1906-06-19,1906,0.0
1906-06-20,1906,0.8
1906-06-21,1906,39.0
1906-06-22,1906,4.4
1906-06-23,1906,5.1
1906-06-24,1906,4.3
1906-06-25,1906,40.2
1906-06-26,1906,33.0
1906-06-27,1906,0.6
1906-06-28,1906,0.0
1906-06-29,1906,1.7
1906-06-30,1906,1.3
1906-07-01,1906,3.2
1906-07-02,1906,14.1
1906-07-03,1906,0.1
1906-07-04,1906,4.3
1906-07-05,1906,10.2
1906-07-06,1906,15.6
1906-07-07,1906,0.4
1906-07-08,1906,9.8
1906-07-09,1906,0.6
1906-07-10,1906,0.2
1906-07-11,1906,0.0
1906-07-12,1906,0.0
1906-07-13,1906,0.0
1906-07-14,1906,0.0
1906-07-15,1906,0.0
1906-07-16,1906,0.0
1906-07-17,1906,0.0
1906-07-18,1906,1.6
1906-07-19,1906,0.0
1906-07-20,1906,4.5
1906-07-21,1906,0.0
1906-07-22,1906,21.3
1906-07-23,1906,22.0
1906-07-24,1906,6.4
1906-07-25,1906,10.7
1906-07-26,1906,50.8
1906-07-27,1906,0.0
1906-07-28,1906,0.0
1906-07-29,1906,1.1
1906-07-30,1906,0.0
1906-07-31,1906,0.0
1906-08-01,1906,0.0
1906-08-02,1906,4.8
1906-08-03,1906,1.1
1906-08-04,1906,0.9
1906-08-05,1906,1.7
1906-08-06,1906,0.0
1906-08-07,1906,0.0
1906-08-08,1906,0.3
1906-08-09,1906,0.0
1906-08-10,1906,0.0
1906-08-11,1906,0.0
1906-08-12,1906,0.0
1906-08-13,1906,0.0
1906-08-14,1906,0.0
1906-08-15,1906,0.0
1906-08-16,1906,0.0
1906-08-17,1906,0.0
1906-08-18,1906,0.0
1906-08-19,1906,6.4
1906-08-20,1906,0.0
1906-08-21,1906,0.0
1906-08-22,1906,0.0
1906-08-23,1906,0.0
1906-08-24,1906,25.1
1906-08-25,1906,0.0
1906-08-26,1906,10.3
1906-08-27,1906,0.0
1906-08-28,1906,0.0
1906-08-29,1906,19.8
1906-08-30,1906,30.7
1906-08-31,1906,0.0
1906-09-01,1906,41.7
1906-09-02,1906,10.4
1906-09-03,1906,0.0
1906-09-04,1906,94.2
1906-09-05,1906,22.6
1906-09-06,1906,0.1
1906-09-07,1906,26.7
1906-09-08,1906,0.0
1906-09-09,1906,1.3
1906-09-10,1906,0.0
1906-09-11,1906,0.0
1906-09-12,1906,72.6
1906-09-13,1906,0.6
1906-09-14,1906,0.0
1906-09-15,1906,56.0
1906-09-16,1906,0.0
1906-09-17,1906,1.8
1906-09-18,1906,116.0
1906-09-19,1906,5.8
1906-09-20,1906,39.8
1906-09-21,1906,1.3
1906-09-22,1906,0.0
1906-09-23,1906,0.5
1906-09-24,1906,6.5
1906-09-25,1906,0.0
1906-09-26,1906,89.6
1906-09-27,1906,37.0
1906-09-28,1906,12.8
1906-09-29,1906,133.7
1906-09-30,1906,6.9
1906-10-01,1906,0.0
1906-10-02,1906,0.0
1906-10-03,1906,2.0
1906-10-04,1906,0.0
1906-10-05,1906,0.0
1906-10-06,1906,0.0
1906-10-07,1906,0.0
1906-10-08,1906,0.0
1906-10-09,1906,0.0
1906-10-10,1906,0.0
1906-10-11,1906,0.0
1906-10-12,1906,0.0
1906-10-13,1906,0.0
1906-10-14,1906,0.0
1906-10-15,1906,0.0
1906-10-16,1906,0.0
1906-10-17,1906,0.0
1906-10-18,1906,0.0
1906-10-19,1906,0.0
1906-10-20,1906,0.0
1906-10-21,1906,0.0
1906-10-22,1906,0.0
1906-10-23,1906,0.0
1906-10-24,1906,0.0
1906-10-25,1906,0.0
1906-10-26,1906,0.0
1906-10-27,1906,0.0
1906-10-28,1906,0.0
1906-10-29,1906,4.5
1906-10-30,1906,26.9
1906-10-31,1906,0.1
1906-11-01,1906,0.1
1906-11-02,1906,2.1
1906-11-03,1906,0.0
1906-11-04,1906,0.0
1906-11-05,1906,0.0
1906-11-06,1906,0.0
1906-11-07,1906,0.0
1906-11-08,1906,1.3
1906-11-09,1906,0.4
1906-11-10,1906,0.0
1906-11-11,1906,0.0
1906-11-12,1906,0.0
1906-11-13,1906,0.0
1906-11-14,1906,0.0
1906-11-15,1906,0.0
1906-11-16,1906,0.0
1906-11-17,1906,0.0
1906-11-18,1906,0.0
1906-11-19,1906,0.0
1906-11-20,1906,0.0
1906-11-21,1906,0.0
1906-11-22,1906,0.0
1906-11-23,1906,0.0
1906-11-24,1906,0.0
1906-11-25,1906,0.0
1906-11-26,1906,0.0
1906-11-27,1906,0.0
1906-11-28,1906,0.0
1906-11-29,1906,0.4
1906-11-30,1906,0.0
1906-12-01,1906,0.0
1906-12-02,1906,0.0
1906-12-03,1906,0.0
1906-12-04,1906,0.0
1906-12-05,1906,0.0
1906-12-06,1906,0.0
1906-12-07,1906,0.0
1906-12-08,1906,0.0
1906-12-09,1906,0.0
1906-12-10,1906,0.0
1906-12-11,1906,0.0
1906-12-12,1906,0.0
1906-12-13,1906,0.0
1906-12-14,1906,0.0
1906-12-15,1906,0.0
1906-12-16,1906,0.0
1906-12-17,1906,0.0
1906-12-18,1906,0.0
1906-12-19,1906,0.8
1906-12-20,1906,0.0
1906-12-21,1906,0.0
1906-12-22,1906,4.1
1906-12-23,1906,9.9
1906-12-24,1906,2.1
1906-12-25,1906,0.0
1906-12-26,1906,0.0
1906-12-27,1906,0.0
1906-12-28,1906,0.0
1906-12-29,1906,0.0
1906-12-30,1906,0.0
1906-12-31,1906,0.0
1907-01-01,1907,0.0
1907-01-02,1907,0.0
1907-01-03,1907,0.0
1907-01-04,1907,0.0
1907-01-05,1907,0.0
1907-01-06,1907,0.0
1907-01-07,1907,0.0
1907-01-08,1907,0.0
1907-01-09,1907,0.0
1907-01-10,1907,0.0
1907-01-11,1907,0.0
1907-01-12,1907,0.0
1907-01-13,1907,0.0
1907-01-14,1907,0.0
1907-01-15,1907,0.0
1907-01-16,1907,0.0
1907-01-17,1907,0.0
1907-01-18,1907,0.0
1907-01-19,1907,0.0
1907-01-20,1907,5.6
1907-01-21,1907,0.9
1907-01-22,1907,8.5
1907-01-23,1907,0.8
1907-01-24,1907,0.0
1907-01-25,1907,0.0
1907-01-26,1907,0.0
1907-01-27,1907,0.9
1907-01-28,1907,32.8
1907-01-29,1907,38.4
1907-01-30,1907,0.0
1907-01-31,1907,0.0
1907-02-01,1907,0.0
1907-02-02,1907,0.0
1907-02-03,1907,0.0
1907-02-04,1907,0.0
1907-02-05,1907,0.0
1907-02-06,1907,0.0
1907-02-07,1907,0.0
1907-02-08,1907,0.0
1907-02-09,1907,0.0
1907-02-10,1907,3.5
1907-02-11,1907,0.0
1907-02-12,1907,0.0
1907-02-13,1907,0.0
1907-02-14,1907,0.0
1907-02-15,1907,0.0
1907-02-16,1907,0.0
1907-02-17,1907,0.5
1907-02-18,1907,0.0
1907-02-19,1907,0.1
1907-02-20,1907,0.0
1907-02-21,1907,0.0
1907-02-22,1907,0.0
1907-02-23,1907,0.0
1907-02-24,1907,0.0
1907-02-25,1907,0.0
1907-02-26,1907,0.0
1907-02-27,1907,0.0
1907-02-28,1907,0.0
1907-03-01,1907,2.2
1907-03-02,1907,0.0
1907-03-03,1907,0.0
1907-03-04,1907,2.7
1907-03-05,1907,0.0
1907-03-06,1907,0.0
1907-03-07,1907,0.0
1907-03-08,1907,0.0
1907-03-09,1907,0.0
1907-03-10,1907,0.1
1907-03-11,1907,0.0
1907-03-12,1907,0.0
1907-03-13,1907,0.0
1907-03-14,1907,0.0
1907-03-15,1907,0.8
1907-03-16,1907,0.0
1907-03-17,1907,0.3
1907-03-18,1907,0.0
1907-03-19,1907,0.0
1907-03-20,1907,0.0
1907-03-21,1907,0.0
1907-03-22,1907,1.0
1907-03-23,1907,0.0
1907-03-24,1907,0.0
1907-03-25,1907,0.0
1907-03-26,1907,0.0
1907-03-27,1907,0.0
1907-03-28,1907,0.5
1907-03-29,1907,0.0
1907-03-30,1907,0.9
1907-03-31,1907,0.0
1907-04-01,1907,0.0
1907-04-02,1907,0.0
1907-04-03,1907,0.0
1907-04-04,1907,0.0
1907-04-05,1907,19.8
1907-04-06,1907,0.1
1907-04-07,1907,16.0
1907-04-08,1907,0.0
1907-04-09,1907,0.0
1907-04-10,1907,0.0
1907-04-11,1907,0.0
1907-04-12,1907,0.0
1907-04-13,1907,17.4
1907-04-14,1907,0.0
1907-04-15,1907,9.0
1907-04-16,1907,13.6
1907-04-17,1907,70.4
1907-04-18,1907,35.6
1907-04-19,1907,23.5
1907-04-20,1907,1.3
1907-04-21,1907,22.7
1907-04-22,1907,2.3
1907-04-23,1907,0.8
1907-04-24,1907,0.0
1907-04-25,1907,0.0
1907-04-26,1907,43.3
1907-04-27,1907,1.0
1907-04-28,1907,0.0
1907-04-29,1907,3.6
1907-04-30,1907,18.0
1907-05-01,1907,0.0
1907-05-02,1907,10.1
1907-05-03,1907,9.8
1907-05-04,1907,0.0
1907-05-05,1907,0.0
1907-05-06,1907,1.4
1907-05-07,1907,88.8
1907-05-08,1907,1.5
1907-05-09,1907,36.0
1907-05-10,1907,26.3
1907-05-11,1907,0.0
1907-05-12,1907,0.0
1907-05-13,1907,1.5
1907-05-14,1907,0.0
1907-05-15,1907,42.9
1907-05-16,1907,5.5
1907-05-17,1907,0.0
1907-05-18,1907,0.0
1907-05-19,1907,0.0
1907-05-20,1907,0.9
1907-05-21,1907,0.0
1907-05-22,1907,0.0
1907-05-23,1907,19.8
1907-05-24,1907,25.4
1907-05-25,1907,16.5
1907-05-26,1907,0.0
1907-05-27,1907,0.0
1907-05-28,1907,0.0
1907-05-29,1907,0.0
1907-05-30,1907,0.0
1907-05-31,1907,0.0
1907-06-01,1907,19.7
1907-06-02,1907,34.9
1907-06-03,1907,0.4
1907-06-04,1907,0.6
1907-06-05,1907,15.0
1907-06-06,1907,0.0
1907-06-07,1907,0.0
1907-06-08,1907,5.1
1907-06-09,1907,19.3
1907-06-10,1907,0.3
1907-06-11,1907,0.0
1907-06-12,1907,0.0
1907-06-13,1907,0.0
1907-06-14,1907,0.0
1907-06-15,1907,0.0
1907-06-16,1907,1.5
1907-06-17,1907,2.3
1907-06-18,1907,0.0
1907-06-19,1907,0.0
1907-06-20,1907,5.5
1907-06-21,1907,14.2
1907-06-22,1907,133.8
1907-06-23,1907,16.9
1907-06-24,1907,0.0
1907-06-25,1907,56.0
1907-06-26,1907,0.5
1907-06-27,1907,0.0
1907-06-28,1907,0.0
1907-06-29,1907,0.0
1907-06-30,1907,8.5
1907-07-01,1907,9.4
1907-07-02,1907,1.8
1907-07-03,1907,1.3
1907-07-04,1907,1.4
1907-07-05,1907,1.1
1907-07-06,1907,2.6
1907-07-07,1907,0.7
1907-07-08,1907,0.0
1907-07-09,1907,0.1
1907-07-10,1907,0.0
1907-07-11,1907,0.0
1907-07-12,1907,0.0
1907-07-13,1907,3.8
1907-07-14,1907,0.0
1907-07-15,1907,0.0
1907-07-16,1907,0.0
1907-07-17,1907,40.7
1907-07-18,1907,0.0
1907-07-19,1907,50.2
1907-07-20,1907,3.8
1907-07-21,1907,0.0
1907-07-22,1907,0.1
1907-07-23,1907,0.0
1907-07-24,1907,59.3
1907-07-25,1907,6.3
1907-07-26,1907,2.2
1907-07-27,1907,0.0
1907-07-28,1907,0.0
1907-07-29,1907,0.0
1907-07-30,1907,2.5
1907-07-31,1907,0.1
1907-08-01,1907,6.4
1907-08-02,1907,47.3
1907-08-03,1907,54.4
1907-08-04,1907,10.4
1907-08-05,1907,11.5
1907-08-06,1907,0.8
1907-08-07,1907,0.0
1907-08-08,1907,42.1
1907-08-09,1907,41.2
1907-08-10,1907,49.2
1907-08-11,1907,29.6
1907-08-12,1907,19.8
1907-08-13,1907,1.3
1907-08-14,1907,0.0
1907-08-15,1907,30.8
1907-08-16,1907,14.1
1907-08-17,1907,0.0
1907-08-18,1907,0.0
1907-08-19,1907,0.0
1907-08-20,1907,0.0
1907-08-21,1907,0.1
1907-08-22,1907,0.0
1907-08-23,1907,6.4
1907-08-24,1907,0.0
1907-08-25,1907,0.0
1907-08-26,1907,0.0
1907-08-27,1907,0.0
1907-08-28,1907,0.9
1907-08-29,1907,0.0
1907-08-30,1907,11.5
1907-08-31,1907,0.1
1907-09-01,1907,54.7
1907-09-02,1907,9.0
1907-09-03,1907,39.8
1907-09-04,1907,0.1
1907-09-05,1907,0.0
1907-09-06,1907,0.0
1907-09-07,1907,0.0
1907-09-08,1907,0.0
1907-09-09,1907,5.0
1907-09-10,1907,0.0
1907-09-11,1907,3.4
1907-09-12,1907,31.1
1907-09-13,1907,43.9
1907-09-14,1907,100.9
1907-09-15,1907,140.5
1907-09-16,1907,3.8
1907-09-17,1907,0.0
1907-09-18,1907,28.0
1907-09-19,1907,0.0
1907-09-20,1907,0.4
1907-09-21,1907,0.0
1907-09-22,1907,0.4
1907-09-23,1907,2.7
1907-09-24,1907,5.3
1907-09-25,1907,0.0
1907-09-26,1907,3.1
1907-09-27,1907,7.7
1907-09-28,1907,0.0
1907-09-29,1907,15.1
1907-09-30,1907,0.0
1907-10-01,1907,1.9
1907-10-02,1907,0.0
1907-10-03,1907,0.0
1907-10-04,1907,0.0
1907-10-05,1907,0.0
1907-10-06,1907,0.0
1907-10-07,1907,15.9
1907-10-08,1907,12.5
1907-10-09,1907,75.9
1907-10-10,1907,4.6
1907-10-11,1907,0.8
1907-10-12,1907,0.5
1907-10-13,1907,1.1
1907-10-14,1907,4.3
1907-10-15,1907,0.0
1907-10-16,1907,0.0
1907-10-17,1907,0.0
1907-10-18,1907,0.3
1907-10-19,1907,0.0
1907-10-20,1907,3.5
1907-10-21,1907,0.0
1907-10-22,1907,0.0
1907-10-23,1907,2.0
1907-10-24,1907,0.5
1907-10-25,1907,0.0
1907-10-26,1907,0.0
1907-10-27,1907,5.0
1907-10-28,1907,14.2
1907-10-29,1907,54.6
1907-10-30,1907,30.5
1907-10-31,1907,0.0
1907-11-01,1907,0.0
1907-11-02,1907,1.0
1907-11-03,1907,0.0
1907-11-04,1907,0.6
1907-11-05,1907,0.0
1907-11-06,1907,0.0
1907-11-07,1907,0.0
1907-11-08,1907,0.0
1907-11-09,1907,0.0
1907-11-10,1907,0.5
1907-11-11,1907,1.1
1907-11-12,1907,3.9
1907-11-13,1907,17.3
1907-11-14,1907,0.3
1907-11-15,1907,0.0
1907-11-16,1907,0.0
1907-11-17,1907,0.5
1907-11-18,1907,0.1
1907-11-19,1907,0.1
1907-11-20,1907,0.0
1907-11-21,1907,0.2
1907-11-22,1907,6.7
1907-11-23,1907,0.0
1907-11-24,1907,0.0
1907-11-25,1907,0.0
1907-11-26,1907,0.0
1907-11-27,1907,0.0
1907-11-28,1907,0.0
1907-11-29,1907,0.0
1907-11-30,1907,0.0
1907-12-01,1907,0.0
1907-12-02,1907,0.0
1907-12-03,1907,0.0
1907-12-04,1907,0.0
1907-12-05,1907,5.0
1907-12-06,1907,4.7
1907-12-07,1907,1.6
1907-12-08,1907,0.0
1907-12-09,1907,0.0
1907-12-10,1907,0.0
1907-12-11,1907,0.0
1907-12-12,1907,0.0
1907-12-13,1907,0.0
1907-12-14,1907,0.0
1907-12-15,1907,4.6
1907-12-16,1907,0.0
1907-12-17,1907,0.0
1907-12-18,1907,0.0
1907-12-19,1907,0.0
1907-12-20,1907,0.0
1907-12-21,1907,0.0
1907-12-22,1907,0.0
1907-12-23,1907,0.0
1907-12-24,1907,0.7
1907-12-25,1907,3.8
1907-12-26,1907,0.6
1907-12-27,1907,14.5
1907-12-28,1907,1.5
1907-12-29,1907,0.0
1907-12-30,1907,0.0
1907-12-31,1907,0.3
1908-01-01,1908,0.0
1908-01-02,1908,0.0
1908-01-03,1908,0.0
1908-01-04,1908,0.0
1908-01-05,1908,0.0
1908-01-06,1908,1.1
1908-01-07,1908,0.0
1908-01-08,1908,0.0
1908-01-09,1908,0.0
1908-01-10,1908,1.0
1908-01-11,1908,0.0
1908-01-12,1908,0.0
1908-01-13,1908,0.0
1908-01-14,1908,0.0
1908-01-15,1908,0.0
1908-01-16,1908,0.0
1908-01-17,1908,0.0
1908-01-18,1908,0.0
1908-01-19,1908,0.0
1908-01-20,1908,0.0
1908-01-21,1908,0.0
1908-01-22,1908,0.5
1908-01-23,1908,5.6
1908-01-24,1908,18.5
1908-01-25,1908,0.0
1908-01-26,1908,0.0
1908-01-27,1908,0.0
1908-01-28,1908,0.0
1908-01-29,1908,2.3
1908-01-30,1908,38.4
1908-01-31,1908,0.0
1908-02-01,1908,16.0
1908-02-02,1908,0.8
1908-02-03,1908,0.5
1908-02-04,1908,1.1
1908-02-05,1908,0.0
1908-02-06,1908,0.0
1908-02-07,1908,0.0
1908-02-08,1908,0.0
1908-02-09,1908,0.0
1908-02-10,1908,0.0
1908-02-11,1908,1.2
1908-02-12,1908,0.0
1908-02-13,1908,0.0
1908-02-14,1908,0.0
1908-02-15,1908,2.8
1908-02-16,1908,40.5
1908-02-17,1908,0.8
1908-02-18,1908,0.0
1908-02-19,1908,0.0
1908-02-20,1908,0.4
1908-02-21,1908,0.0
1908-02-22,1908,5.5
1908-02-23,1908,0.0
1908-02-24,1908,0.0
1908-02-25,1908,0.0
1908-02-26,1908,0.0
1908-02-27,1908,1.0
1908-02-28,1908,1.6
1908-02-29,1908,0.0
1908-03-01,1908,0.0
1908-03-02,1908,0.1
1908-03-03,1908,0.1
1908-03-04,1908,10.3
1908-03-05,1908,4.5
1908-03-06,1908,1.3
1908-03-07,1908,0.0
1908-03-08,1908,0.0
1908-03-09,1908,2.4
1908-03-10,1908,0.3
1908-03-11,1908,0.0
1908-03-12,1908,0.0
1908-03-13,1908,0.0
1908-03-14,1908,0.0
1908-03-15,1908,0.0
1908-03-16,1908,0.0
1908-03-17,1908,0.0
1908-03-18,1908,0.0
1908-03-19,1908,0.0
1908-03-20,1908,0.0
1908-03-21,1908,0.0
1908-03-22,1908,0.0
1908-03-23,1908,0.0
1908-03-24,1908,0.0
1908-03-25,1908,0.0
1908-03-26,1908,0.0
1908-03-27,1908,0.0
1908-03-28,1908,0.0
1908-03-29,1908,0.0
1908-03-30,1908,0.0
1908-03-31,1908,0.2
1908-04-01,1908,0.7
1908-04-02,1908,0.0
1908-04-03,1908,0.0
1908-04-04,1908,0.0
1908-04-05,1908,30.8
1908-04-06,1908,3.8
1908-04-07,1908,0.1
1908-04-08,1908,1.5
1908-04-09,1908,1.0
1908-04-10,1908,0.0
1908-04-11,1908,0.0
1908-04-12,1908,0.0
1908-04-13,1908,0.0
1908-04-14,1908,0.0
1908-04-15,1908,1.6
1908-04-16,1908,15.0
1908-04-17,1908,21.8
1908-04-18,1908,1.1
1908-04-19,1908,5.2
1908-04-20,1908,0.0
1908-04-21,1908,0.0
1908-04-22,1908,0.0
1908-04-23,1908,0.0
1908-04-24,1908,0.0
1908-04-25,1908,7.2
1908-04-26,1908,158.0
1908-04-27,1908,14.5
1908-04-28,1908,16.2
1908-04-29,1908,5.0
1908-04-30,1908,0.0
1908-05-01,1908,0.2
1908-05-02,1908,0.0
1908-05-03,1908,0.0
1908-05-04,1908,0.0
1908-05-05,1908,0.0
1908-05-06,1908,0.0
1908-05-07,1908,0.0
1908-05-08,1908,0.0
1908-05-09,1908,0.0
1908-05-10,1908,1.5
1908-05-11,1908,0.0
1908-05-12,1908,12.5
1908-05-13,1908,2.2
1908-05-14,1908,0.4
1908-05-15,1908,0.8
1908-05-16,1908,0.0
1908-05-17,1908,7.8
1908-05-18,1908,4.1
1908-05-19,1908,2.3
1908-05-20,1908,0.0
1908-05-21,1908,0.0
1908-05-22,1908,0.0
1908-05-23,1908,0.0
1908-05-24,1908,0.0
1908-05-25,1908,0.0
1908-05-26,1908,0.0
1908-05-27,1908,1.8
1908-05-28,1908,0.0
1908-05-29,1908,0.0
1908-05-30,1908,0.0
1908-05-31,1908,0.0
1908-06-01,1908,0.0
1908-06-02,1908,0.0
1908-06-03,1908,22.2
1908-06-04,1908,36.5
1908-06-05,1908,4.9
1908-06-06,1908,13.6
1908-06-07,1908,0.1
1908-06-08,1908,44.6
1908-06-09,1908,23.9
1908-06-10,1908,0.2
1908-06-11,1908,3.5
1908-06-12,1908,90.3
1908-06-13,1908,22.8
1908-06-14,1908,34.3
1908-06-15,1908,0.0
1908-06-16,1908,1.1
1908-06-17,1908,7.0
1908-06-18,1908,21.8
1908-06-19,1908,0.0
1908-06-20,1908,2.6
1908-06-21,1908,4.8
1908-06-22,1908,15.0
1908-06-23,1908,0.1
1908-06-24,1908,5.5
1908-06-25,1908,1.1
1908-06-26,1908,7.9
1908-06-27,1908,0.9
1908-06-28,1908,8.8
1908-06-29,1908,6.2
1908-06-30,1908,7.8
1908-07-01,1908,8.3
1908-07-02,1908,9.5
1908-07-03,1908,37.2
1908-07-04,1908,9.0
1908-07-05,1908,1.3
1908-07-06,1908,6.2
1908-07-07,1908,0.0
1908-07-08,1908,0.0
1908-07-09,1908,0.0
1908-07-10,1908,0.0
1908-07-11,1908,0.0
1908-07-12,1908,0.0
1908-07-13,1908,0.0
1908-07-14,1908,0.0
1908-07-15,1908,0.0
1908-07-16,1908,0.0
1908-07-17,1908,7.7
1908-07-18,1908,67.6
1908-07-19,1908,34.4
1908-07-20,1908,12.3
1908-07-21,1908,7.0
1908-07-22,1908,45.9
1908-07-23,1908,177.8
1908-07-24,1908,58.2
1908-07-25,1908,0.7
1908-07-26,1908,0.0
1908-07-27,1908,21.8
1908-07-28,1908,60.6
1908-07-29,1908,0.0
1908-07-30,1908,0.0
1908-07-31,1908,0.0
1908-08-01,1908,0.0
1908-08-02,1908,14.3
1908-08-03,1908,0.0
1908-08-04,1908,0.0
1908-08-05,1908,0.0
1908-08-06,1908,0.0
1908-08-07,1908,0.0
1908-08-08,1908,0.0
1908-08-09,1908,0.3
1908-08-10,1908,0.0
1908-08-11,1908,15.1
1908-08-12,1908,1.2
1908-08-13,1908,1.8
1908-08-14,1908,0.0
1908-08-15,1908,0.0
1908-08-16,1908,2.1
1908-08-17,1908,9.5
1908-08-18,1908,5.1
1908-08-19,1908,15.9
1908-08-20,1908,51.2
1908-08-21,1908,93.7
1908-08-22,1908,0.0
1908-08-23,1908,0.0
1908-08-24,1908,1.9
1908-08-25,1908,0.0
1908-08-26,1908,29.3
1908-08-27,1908,9.8
1908-08-28,1908,14.8
1908-08-29,1908,29.2
1908-08-30,1908,11.9
1908-08-31,1908,0.0
1908-09-01,1908,5.2
1908-09-02,1908,0.0
1908-09-03,1908,0.0
1908-09-04,1908,0.0
1908-09-05,1908,0.0
1908-09-06,1908,0.0
1908-09-07,1908,34.5
1908-09-08,1908,0.0
1908-09-09,1908,0.0
1908-09-10,1908,0.0
1908-09-11,1908,0.0
1908-09-12,1908,0.0
1908-09-13,1908,0.0
1908-09-14,1908,7.3
1908-09-15,1908,8.1
1908-09-16,1908,47.4
1908-09-17,1908,0.6
1908-09-18,1908,0.0
1908-09-19,1908,17.1
1908-09-20,1908,6.6
1908-09-21,1908,4.3
1908-09-22,1908,3.8
1908-09-23,1908,0.1
1908-09-24,1908,0.0
1908-09-25,1908,0.0
1908-09-26,1908,23.1
1908-09-27,1908,36.3
1908-09-28,1908,37.6
1908-09-29,1908,5.1
1908-09-30,1908,111.5
1908-10-01,1908,4.9
1908-10-02,1908,0.0
1908-10-03,1908,16.6
1908-10-04,1908,2.8
1908-10-05,1908,5.1
1908-10-06,1908,24.2
1908-10-07,1908,0.5
1908-10-08,1908,0.1
1908-10-09,1908,1.8
1908-10-10,1908,14.7
1908-10-11,1908,55.5
1908-10-12,1908,2.2
1908-10-13,1908,0.0
1908-10-14,1908,2.5
1908-10-15,1908,0.0
1908-10-16,1908,0.0
1908-10-17,1908,0.1
1908-10-18,1908,2.6
1908-10-19,1908,1.0
1908-10-20,1908,0.0
1908-10-21,1908,0.0
1908-10-22,1908,0.0
1908-10-23,1908,0.0
1908-10-24,1908,0.0
1908-10-25,1908,0.0
1908-10-26,1908,0.0
1908-10-27,1908,0.0
1908-10-28,1908,1.3
1908-10-29,1908,2.1
1908-10-30,1908,0.5
1908-10-31,1908,0.0
1908-11-01,1908,0.0
1908-11-02,1908,0.0
1908-11-03,1908,0.0
1908-11-04,1908,0.0
1908-11-05,1908,0.0
1908-11-06,1908,0.0
1908-11-07,1908,0.6
1908-11-08,1908,0.9
1908-11-09,1908,0.0
1908-11-10,1908,0.0
1908-11-11,1908,0.0
1908-11-12,1908,0.0
1908-11-13,1908,0.0
1908-11-14,1908,0.0
1908-11-15,1908,0.0
1908-11-16,1908,0.0
1908-11-17,1908,0.0
1908-11-18,1908,0.0
1908-11-19,1908,0.0
1908-11-20,1908,0.0
1908-11-21,1908,1.3
1908-11-22,1908,0.0
1908-11-23,1908,0.0
1908-11-24,1908,0.5
1908-11-25,1908,0.0
1908-11-26,1908,0.0
1908-11-27,1908,0.0
1908-11-28,1908,0.0
1908-11-29,1908,0.0
1908-11-30,1908,0.6
1908-12-01,1908,8.9
1908-12-02,1908,6.6
1908-12-03,1908,0.2
1908-12-04,1908,0.1
1908-12-05,1908,0.0
1908-12-06,1908,0.0
1908-12-07,1908,0.0
1908-12-08,1908,29.0
1908-12-09,1908,32.9
1908-12-10,1908,0.1
1908-12-11,1908,0.0
1908-12-12,1908,0.0
1908-12-13,1908,0.0
1908-12-14,1908,0.0
1908-12-15,1908,0.1
1908-12-16,1908,0.0
1908-12-17,1908,0.9
1908-12-18,1908,6.4
1908-12-19,1908,13.1
1908-12-20,1908,10.6
1908-12-21,1908,0.0
1908-12-22,1908,0.0
1908-12-23,1908,0.0
1908-12-24,1908,0.0
1908-12-25,1908,0.0
1908-12-26,1908,0.0
1908-12-27,1908,0.0
1908-12-28,1908,0.0
1908-12-29,1908,0.0
1908-12-30,1908,0.0
1908-12-31,1908,0.0
1909-01-01,1909,0.0
1909-01-02,1909,0.4
1909-01-03,1909,0.0
1909-01-04,1909,0.9
1909-01-05,1909,4.0
1909-01-06,1909,0.0
1909-01-07,1909,1.8
1909-01-08,1909,29.5
1909-01-09,1909,0.0
1909-01-10,1909,0.1
1909-01-11,1909,0.0
1909-01-12,1909,0.0
1909-01-13,1909,0.0
1909-01-14,1909,0.0
1909-01-15,1909,0.0
1909-01-16,1909,0.0
1909-01-17,1909,0.0
1909-01-18,1909,0.0
1909-01-19,1909,0.0
1909-01-20,1909,0.0
1909-01-21,1909,0.0
1909-01-22,1909,0.0
1909-01-23,1909,0.0
1909-01-24,1909,0.0
1909-01-25,1909,0.0
1909-01-26,1909,0.0
1909-01-27,1909,0.0
1909-01-28,1909,0.0
1909-01-29,1909,0.3
1909-01-30,1909,0.0
1909-01-31,1909,0.0
1909-02-01,1909,0.0
1909-02-02,1909,0.0
1909-02-03,1909,0.0
1909-02-04,1909,0.0
1909-02-05,1909,0.0
1909-02-06,1909,0.0
1909-02-07,1909,0.0
1909-02-08,1909,5.2
1909-02-09,1909,11.6
1909-02-10,1909,2.0
1909-02-11,1909,0.0
1909-02-12,1909,0.0
1909-02-13,1909,0.0
1909-02-14,1909,0.0
1909-02-15,1909,0.0
1909-02-16,1909,0.0
1909-02-17,1909,0.0
1909-02-18,1909,0.0
1909-02-19,1909,0.0
1909-02-20,1909,0.0
1909-02-21,1909,0.1
1909-02-22,1909,0.2
1909-02-23,1909,0.1
1909-02-24,1909,1.6
1909-02-25,1909,2.2
1909-02-26,1909,6.0
1909-02-27,1909,8.9
1909-02-28,1909,4.6
1909-03-01,1909,0.5
1909-03-02,1909,0.0
1909-03-03,1909,17.1
1909-03-04,1909,0.0
1909-03-05,1909,0.5
1909-03-06,1909,25.4
1909-03-07,1909,0.1
1909-03-08,1909,0.4
1909-03-09,1909,0.0
1909-03-10,1909,2.0
1909-03-11,1909,2.2
1909-03-12,1909,0.0
1909-03-13,1909,3.0
1909-03-14,1909,3.7
1909-03-15,1909,0.0
1909-03-16,1909,0.0
1909-03-17,1909,4.4
1909-03-18,1909,0.0
1909-03-19,1909,0.0
1909-03-20,1909,0.0
1909-03-21,1909,0.0
1909-03-22,1909,0.0
1909-03-23,1909,0.0
1909-03-24,1909,0.0
1909-03-25,1909,0.0
1909-03-26,1909,0.0
1909-03-27,1909,0.0
1909-03-28,1909,0.0
1909-03-29,1909,0.0
1909-03-30,1909,0.0
1909-03-31,1909,0.0
1909-04-01,1909,1.4
1909-04-02,1909,0.0
1909-04-03,1909,0.0
1909-04-04,1909,0.0
1909-04-05,1909,0.0
1909-04-06,1909,17.5
1909-04-07,1909,0.0
1909-04-08,1909,0.0
1909-04-09,1909,0.0
1909-04-10,1909,0.0
1909-04-11,1909,0.0
1909-04-12,1909,0.0
1909-04-13,1909,0.0
1909-04-14,1909,0.0
1909-04-15,1909,0.7
1909-04-16,1909,0.0
1909-04-17,1909,0.0
1909-04-18,1909,0.0
1909-04-19,1909,1.0
1909-04-20,1909,0.0
1909-04-21,1909,0.3
1909-04-22,1909,17.2
1909-04-23,1909,2.4
1909-04-24,1909,0.1
1909-04-25,1909,0.2
1909-04-26,1909,0.0
1909-04-27,1909,0.0
1909-04-28,1909,20.0
1909-04-29,1909,1.3
1909-04-30,1909,0.0
1909-05-01,1909,3.6
1909-05-02,1909,0.1
1909-05-03,1909,0.0
1909-05-04,1909,0.0
1909-05-05,1909,0.0
1909-05-06,1909,1.1
1909-05-07,1909,0.0
1909-05-08,1909,16.5
1909-05-09,1909,0.0
1909-05-10,1909,0.0
1909-05-11,1909,0.0
1909-05-12,1909,1.1
1909-05-13,1909,0.0
1909-05-14,1909,2.0
1909-05-15,1909,2.3
1909-05-16,1909,0.0
1909-05-17,1909,3.0
1909-05-18,1909,17.3
1909-05-19,1909,0.0
1909-05-20,1909,13.7
1909-05-21,1909,27.6
1909-05-22,1909,57.3
1909-05-23,1909,8.1
1909-05-24,1909,3.2
1909-05-25,1909,5.6
1909-05-26,1909,7.5
1909-05-27,1909,0.0
1909-05-28,1909,0.0
1909-05-29,1909,0.0
1909-05-30,1909,0.0
1909-05-31,1909,0.5
1909-06-01,1909,1.3
1909-06-02,1909,0.0
1909-06-03,1909,0.0
1909-06-04,1909,0.0
1909-06-05,1909,24.8
1909-06-06,1909,17.2
1909-06-07,1909,0.0
1909-06-08,1909,0.0
1909-06-09,1909,0.0
1909-06-10,1909,0.0
1909-06-11,1909,0.0
1909-06-12,1909,0.0
1909-06-13,1909,1.4
1909-06-14,1909,0.5
1909-06-15,1909,1.9
1909-06-16,1909,0.5
1909-06-17,1909,1.4
1909-06-18,1909,0.3
1909-06-19,1909,2.3
1909-06-20,1909,0.0
1909-06-21,1909,1.9
1909-06-22,1909,1.2
1909-06-23,1909,66.5
1909-06-24,1909,26.6
1909-06-25,1909,31.9
1909-06-26,1909,0.4
1909-06-27,1909,0.0
1909-06-28,1909,0.0
1909-06-29,1909,3.4
1909-06-30,1909,4.5
1909-07-01,1909,6.1
1909-07-02,1909,3.9
1909-07-03,1909,1.7
1909-07-04,1909,0.0
1909-07-05,1909,0.0
1909-07-06,1909,1.7
1909-07-07,1909,1.3
1909-07-08,1909,19.2
1909-07-09,1909,16.1
1909-07-10,1909,22.8
1909-07-11,1909,9.6
1909-07-12,1909,14.5
1909-07-13,1909,21.3
1909-07-14,1909,19.7
1909-07-15,1909,71.7
1909-07-16,1909,47.3
1909-07-17,1909,0.3
1909-07-18,1909,0.0
1909-07-19,1909,13.4
1909-07-20,1909,19.5
1909-07-21,1909,8.7
1909-07-22,1909,0.0
1909-07-23,1909,9.7
1909-07-24,1909,11.4
1909-07-25,1909,0.0
1909-07-26,1909,0.0
1909-07-27,1909,0.4
1909-07-28,1909,0.0
1909-07-29,1909,0.0
1909-07-30,1909,6.5
1909-07-31,1909,0.0
1909-08-01,1909,0.0
1909-08-02,1909,15.3
1909-08-03,1909,3.2
1909-08-04,1909,0.0
1909-08-05,1909,8.8
1909-08-06,1909,26.9
1909-08-07,1909,2.0
1909-08-08,1909,17.6
1909-08-09,1909,16.9
1909-08-10,1909,10.3
1909-08-11,1909,15.3
1909-08-12,1909,43.7
1909-08-13,1909,20.1
1909-08-14,1909,4.6
1909-08-15,1909,1.1
1909-08-16,1909,0.0
1909-08-17,1909,0.0
1909-08-18,1909,0.0
1909-08-19,1909,0.0
1909-08-20,1909,0.0
1909-08-21,1909,0.1
1909-08-22,1909,0.7
1909-08-23,1909,18.5
1909-08-24,1909,6.4
1909-08-25,1909,0.0
1909-08-26,1909,0.0
1909-08-27,1909,0.0
1909-08-28,1909,0.0
1909-08-29,1909,0.8
1909-08-30,1909,0.0
1909-08-31,1909,0.0
1909-09-01,1909,0.0
1909-09-02,1909,0.0
1909-09-03,1909,0.0
1909-09-04,1909,0.0
1909-09-05,1909,0.0
1909-09-06,1909,0.0
1909-09-07,1909,0.0
1909-09-08,1909,0.0
1909-09-09,1909,2.5
1909-09-10,1909,36.3
1909-09-11,1909,0.4
1909-09-12,1909,28.4
1909-09-13,1909,0.0
1909-09-14,1909,4.8
1909-09-15,1909,0.0
1909-09-16,1909,14.9
1909-09-17,1909,8.0
1909-09-18,1909,1.7
1909-09-19,1909,0.1
1909-09-20,1909,0.0
1909-09-21,1909,68.1
1909-09-22,1909,5.0
1909-09-23,1909,0.0
1909-09-24,1909,4.8
1909-09-25,1909,12.2
1909-09-26,1909,1.3
1909-09-27,1909,2.1
1909-09-28,1909,6.6
1909-09-29,1909,18.4
1909-09-30,1909,0.8
1909-10-01,1909,0.0
1909-10-02,1909,2.3
1909-10-03,1909,0.1
1909-10-04,1909,60.2
1909-10-05,1909,6.6
1909-10-06,1909,0.8
1909-10-07,1909,0.0
1909-10-08,1909,0.0
1909-10-09,1909,5.0
1909-10-10,1909,8.0
1909-10-11,1909,5.8
1909-10-12,1909,0.0
1909-10-13,1909,0.0
1909-10-14,1909,2.5
1909-10-15,1909,28.4
1909-10-16,1909,0.0
1909-10-17,1909,0.0
1909-10-18,1909,0.0
1909-10-19,1909,162.0
1909-10-20,1909,159.0
1909-10-21,1909,2.5
1909-10-22,1909,0.0
1909-10-23,1909,1.1
1909-10-24,1909,0.0
1909-10-25,1909,54.4
1909-10-26,1909,20.9
1909-10-27,1909,3.0
1909-10-28,1909,87.1
1909-10-29,1909,0.0
1909-10-30,1909,0.0
1909-10-31,1909,0.0
1909-11-01,1909,0.8
1909-11-02,1909,0.0
1909-11-03,1909,0.0
1909-11-04,1909,0.3
1909-11-05,1909,0.0
1909-11-06,1909,0.0
1909-11-07,1909,0.0
1909-11-08,1909,0.0
1909-11-09,1909,0.0
1909-11-10,1909,0.0
1909-11-11,1909,0.1
1909-11-12,1909,0.4
1909-11-13,1909,0.0
1909-11-14,1909,0.0
1909-11-15,1909,0.0
1909-11-16,1909,0.0
1909-11-17,1909,0.0
1909-11-18,1909,0.0
1909-11-19,1909,0.0
1909-11-20,1909,0.0
1909-11-21,1909,0.0
1909-11-22,1909,0.0
1909-11-23,1909,0.0
1909-11-24,1909,0.0
1909-11-25,1909,0.0
1909-11-26,1909,0.0
1909-11-27,1909,0.0
1909-11-28,1909,0.0
1909-11-29,1909,0.0
1909-11-30,1909,0.0
1909-12-01,1909,0.0
1909-12-02,1909,0.0
1909-12-03,1909,0.0
1909-12-04,1909,0.0
1909-12-05,1909,0.0
1909-12-06,1909,0.0
1909-12-07,1909,0.0
1909-12-08,1909,0.0
1909-12-09,1909,0.0
1909-12-10,1909,0.0
1909-12-11,1909,0.0
1909-12-12,1909,0.0
1909-12-13,1909,0.0
1909-12-14,1909,0.0
1909-12-15,1909,0.0
1909-12-16,1909,0.0
1909-12-17,1909,0.0
1909-12-18,1909,0.0
1909-12-19,1909,0.0
1909-12-20,1909,0.0
1909-12-21,1909,0.0
1909-12-22,1909,0.0
1909-12-23,1909,0.0
1909-12-24,1909,0.0
1909-12-25,1909,0.0
1909-12-26,1909,0.0
1909-12-27,1909,0.0
1909-12-28,1909,0.0
1909-12-29,1909,0.0
1909-12-30,1909,0.0
1909-12-31,1909,0.0
1910-01-01,1910,0.0
1910-01-02,1910,0.0
1910-01-03,1910,0.0
1910-01-04,1910,0.0
1910-01-05,1910,0.0
1910-01-06,1910,0.0
1910-01-07,1910,0.0
1910-01-08,1910,0.0
1910-01-09,1910,0.0
1910-01-10,1910,0.0
1910-01-11,1910,0.0
1910-01-12,1910,0.3
1910-01-13,1910,0.0
1910-01-14,1910,0.0
1910-01-15,1910,0.0
1910-01-16,1910,0.0
1910-01-17,1910,3.8
1910-01-18,1910,0.0
1910-01-19,1910,0.0
1910-01-20,1910,3.0
1910-01-21,1910,1.6
1910-01-22,1910,1.8
1910-01-23,1910,6.9
1910-01-24,1910,5.3
1910-01-25,1910,0.0
1910-01-26,1910,0.0
1910-01-27,1910,0.0
1910-01-28,1910,0.0
1910-01-29,1910,0.0
1910-01-30,1910,0.0
1910-01-31,1910,0.0
1910-02-01,1910,0.0
1910-02-02,1910,0.0
1910-02-03,1910,0.0
1910-02-04,1910,0.0
1910-02-05,1910,0.0
1910-02-06,1910,0.0
1910-02-07,1910,0.0
1910-02-08,1910,0.0
1910-02-09,1910,0.0
1910-02-10,1910,0.0
1910-02-11,1910,0.0
1910-02-12,1910,0.0
1910-02-13,1910,0.0
1910-02-14,1910,0.0
1910-02-15,1910,0.6
1910-02-16,1910,0.0
1910-02-17,1910,0.1
1910-02-18,1910,0.0
1910-02-19,1910,0.0
1910-02-20,1910,0.0
1910-02-21,1910,0.8
1910-02-22,1910,5.0
1910-02-23,1910,0.0
1910-02-24,1910,0.4
1910-02-25,1910,1.6
1910-02-26,1910,2.0
1910-02-27,1910,0.0
1910-02-28,1910,0.0
1910-03-01,1910,0.0
1910-03-02,1910,0.8
1910-03-03,1910,0.3
1910-03-04,1910,0.0
1910-03-05,1910,0.1
1910-03-06,1910,0.0
1910-03-07,1910,0.7
1910-03-08,1910,0.0
1910-03-09,1910,6.3
1910-03-10,1910,2.3
1910-03-11,1910,1.8
1910-03-12,1910,1.0
1910-03-13,1910,0.0
1910-03-14,1910,0.0
1910-03-15,1910,0.1
1910-03-16,1910,0.3
1910-03-17,1910,0.0
1910-03-18,1910,0.0
1910-03-19,1910,0.0
1910-03-20,1910,0.0
1910-03-21,1910,0.0
1910-03-22,1910,0.0
1910-03-23,1910,0.0
1910-03-24,1910,0.0
1910-03-25,1910,0.0
1910-03-26,1910,1.0
1910-03-27,1910,0.0
1910-03-28,1910,0.0
1910-03-29,1910,0.0
1910-03-30,1910,0.0
1910-03-31,1910,0.0
1910-04-01,1910,1.6
1910-04-02,1910,0.0
1910-04-03,1910,0.0
1910-04-04,1910,0.0
1910-04-05,1910,0.0
1910-04-06,1910,0.0
1910-04-07,1910,0.0
1910-04-08,1910,0.0
1910-04-09,1910,0.0
1910-04-10,1910,23.0
1910-04-11,1910,13.5
1910-04-12,1910,0.3
1910-04-13,1910,1.7
1910-04-14,1910,0.0
1910-04-15,1910,0.0
1910-04-16,1910,0.0
1910-04-17,1910,0.0
1910-04-18,1910,0.0
1910-04-19,1910,5.4
1910-04-20,1910,46.9
1910-04-21,1910,0.0
1910-04-22,1910,0.0
1910-04-23,1910,0.1
1910-04-24,1910,0.1
1910-04-25,1910,0.0
1910-04-26,1910,0.0
1910-04-27,1910,0.0
1910-04-28,1910,0.0
1910-04-29,1910,0.0
1910-04-30,1910,1.7
1910-05-01,1910,0.0
1910-05-02,1910,0.0
1910-05-03,1910,0.0
1910-05-04,1910,7.2
1910-05-05,1910,0.0
1910-05-06,1910,0.0
1910-05-07,1910,0.0
1910-05-08,1910,0.0
1910-05-09,1910,0.0
1910-05-10,1910,0.0
1910-05-11,1910,0.0
1910-05-12,1910,0.0
1910-05-13,1910,0.0
1910-05-14,1910,22.6
1910-05-15,1910,0.0
1910-05-16,1910,0.0
1910-05-17,1910,16.1
1910-05-18,1910,0.0
1910-05-19,1910,2.6
1910-05-20,1910,0.1
1910-05-21,1910,0.1
1910-05-22,1910,0.0
1910-05-23,1910,0.0
1910-05-24,1910,0.0
1910-05-25,1910,0.0
1910-05-26,1910,0.0
1910-05-27,1910,0.8
1910-05-28,1910,0.0
1910-05-29,1910,0.0
1910-05-30,1910,0.0
1910-05-31,1910,0.0
1910-06-01,1910,0.0
1910-06-02,1910,166.3
1910-06-03,1910,75.5
1910-06-04,1910,19.3
1910-06-05,1910,0.0
1910-06-06,1910,1.1
1910-06-07,1910,0.0
1910-06-08,1910,0.0
1910-06-09,1910,0.0
1910-06-10,1910,0.1
1910-06-11,1910,0.0
1910-06-12,1910,0.0
1910-06-13,1910,2.1
1910-06-14,1910,0.0
1910-06-15,1910,0.3
1910-06-16,1910,0.0
1910-06-17,1910,0.0
1910-06-18,1910,0.0
1910-06-19,1910,0.0
1910-06-20,1910,0.0
1910-06-21,1910,1.6
1910-06-22,1910,1.9
1910-06-23,1910,7.0
1910-06-24,1910,0.0
1910-06-25,1910,0.0
1910-06-26,1910,0.0
1910-06-27,1910,0.0
1910-06-28,1910,2.4
1910-06-29,1910,117.5
1910-06-30,1910,67.0
1910-07-01,1910,206.0
1910-07-02,1910,6.3
1910-07-03,1910,20.0
1910-07-04,1910,1.4
1910-07-05,1910,49.8
1910-07-06,1910,31.9
1910-07-07,1910,0.6
1910-07-08,1910,0.0
1910-07-09,1910,0.3
1910-07-10,1910,0.0
1910-07-11,1910,0.0
1910-07-12,1910,0.1
1910-07-13,1910,0.0
1910-07-14,1910,0.0
1910-07-15,1910,0.0
1910-07-16,1910,0.0
1910-07-17,1910,14.9
1910-07-18,1910,14.9
1910-07-19,1910,1.1
1910-07-20,1910,5.0
1910-07-21,1910,0.0
1910-07-22,1910,0.0
1910-07-23,1910,0.8
1910-07-24,1910,0.0
1910-07-25,1910,0.0
1910-07-26,1910,0.0
1910-07-27,1910,0.0
1910-07-28,1910,0.0
1910-07-29,1910,0.0
1910-07-30,1910,0.0
1910-07-31,1910,0.0
1910-08-01,1910,0.0
1910-08-02,1910,34.2
1910-08-03,1910,44.6
1910-08-04,1910,25.6
1910-08-05,1910,7.5
1910-08-06,1910,8.4
1910-08-07,1910,8.8
1910-08-08,1910,0.0
1910-08-09,1910,1.5
1910-08-10,1910,6.3
1910-08-11,1910,9.4
1910-08-12,1910,79.0
1910-08-13,1910,13.7
1910-08-14,1910,2.6
1910-08-15,1910,24.2
1910-08-16,1910,0.0
1910-08-17,1910,0.0
1910-08-18,1910,0.0
1910-08-19,1910,0.0
1910-08-20,1910,0.3
1910-08-21,1910,2.3
1910-08-22,1910,0.0
1910-08-23,1910,0.0
1910-08-24,1910,0.0
1910-08-25,1910,0.0
1910-08-26,1910,0.0
1910-08-27,1910,0.0
1910-08-28,1910,0.0
1910-08-29,1910,0.0
1910-08-30,1910,7.1
1910-08-31,1910,8.1
1910-09-01,1910,10.3
1910-09-02,1910,0.0
1910-09-03,1910,143.3
1910-09-04,1910,16.5
1910-09-05,1910,0.0
1910-09-06,1910,0.1
1910-09-07,1910,0.5
1910-09-08,1910,0.0
1910-09-09,1910,11.7
1910-09-10,1910,29.2
1910-09-11,1910,12.5
1910-09-12,1910,23.1
1910-09-13,1910,21.5
1910-09-14,1910,0.0
1910-09-15,1910,0.0
1910-09-16,1910,0.4
1910-09-17,1910,30.5
1910-09-18,1910,37.1
1910-09-19,1910,6.9
1910-09-20,1910,0.0
1910-09-21,1910,1.5
1910-09-22,1910,1.3
1910-09-23,1910,3.6
1910-09-24,1910,20.5
1910-09-25,1910,0.0
1910-09-26,1910,32.2
1910-09-27,1910,0.0
1910-09-28,1910,0.0
1910-09-29,1910,0.0
1910-09-30,1910,2.7
1910-10-01,1910,0.1
1910-10-02,1910,0.7
1910-10-03,1910,0.0
1910-10-04,1910,0.0
1910-10-05,1910,0.0
1910-10-06,1910,0.0
1910-10-07,1910,0.0
1910-10-08,1910,0.0
1910-10-09,1910,0.0
1910-10-10,1910,0.0
1910-10-11,1910,0.0
1910-10-12,1910,0.0
1910-10-13,1910,0.0
1910-10-14,1910,0.0
1910-10-15,1910,0.0
1910-10-16,1910,0.0
1910-10-17,1910,0.0
1910-10-18,1910,0.0
1910-10-19,1910,0.0
1910-10-20,1910,0.0
1910-10-21,1910,0.0
1910-10-22,1910,0.0
1910-10-23,1910,0.0
1910-10-24,1910,0.0
1910-10-25,1910,0.0
1910-10-26,1910,0.0
1910-10-27,1910,0.0
1910-10-28,1910,0.4
1910-10-29,1910,0.0
1910-10-30,1910,0.0
1910-10-31,1910,0.0
1910-11-01,1910,0.0
1910-11-02,1910,0.0
1910-11-03,1910,0.0
1910-11-04,1910,17.3
1910-11-05,1910,20.5
1910-11-06,1910,4.7
1910-11-07,1910,0.0
1910-11-08,1910,0.0
1910-11-09,1910,14.8
1910-11-10,1910,0.0
1910-11-11,1910,0.0
1910-11-12,1910,0.0
1910-11-13,1910,0.0
1910-11-14,1910,0.0
1910-11-15,1910,0.0
1910-11-16,1910,5.8
1910-11-17,1910,1.9
1910-11-18,1910,0.0
1910-11-19,1910,0.0
1910-11-20,1910,0.0
1910-11-21,1910,0.0
1910-11-22,1910,0.0
1910-11-23,1910,0.0
1910-11-24,1910,0.0
1910-11-25,1910,0.0
1910-11-26,1910,0.0
1910-11-27,1910,0.0
1910-11-28,1910,0.0
1910-11-29,1910,0.0
1910-11-30,1910,0.0
1910-12-01,1910,1.1
1910-12-02,1910,4.1
1910-12-03,1910,0.0
1910-12-04,1910,0.0
1910-12-05,1910,1.4
1910-12-06,1910,0.0
1910-12-07,1910,1.5
1910-12-08,1910,2.2
1910-12-09,1910,0.0
1910-12-10,1910,0.0
1910-12-11,1910,0.0
1910-12-12,1910,0.0
1910-12-13,1910,0.0
1910-12-14,1910,0.0
1910-12-15,1910,0.0
1910-12-16,1910,0.0
1910-12-17,1910,0.0
1910-12-18,1910,2.4
1910-12-19,1910,7.4
1910-12-20,1910,0.1
1910-12-21,1910,0.0
1910-12-22,1910,0.0
1910-12-23,1910,0.0
1910-12-24,1910,0.0
1910-12-25,1910,0.0
1910-12-26,1910,0.0
1910-12-27,1910,0.0
1910-12-28,1910,0.0
1910-12-29,1910,0.0
1910-12-30,1910,0.0
1910-12-31,1910,0.0
1911-01-01,1911,0.0
1911-01-02,1911,0.0
1911-01-03,1911,0.0
1911-01-04,1911,0.0
1911-01-05,1911,0.0
1911-01-06,1911,0.0
1911-01-07,1911,0.0
1911-01-08,1911,0.0
1911-01-09,1911,0.0
1911-01-10,1911,0.0
1911-01-11,1911,0.6
1911-01-12,1911,0.0
1911-01-13,1911,0.0
1911-01-14,1911,0.0
1911-01-15,1911,0.0
1911-01-16,1911,0.0
1911-01-17,1911,0.8
1911-01-18,1911,0.0
1911-01-19,1911,0.1
1911-01-20,1911,0.0
1911-01-21,1911,0.4
1911-01-22,1911,0.0
1911-01-23,1911,0.0
1911-01-24,1911,0.0
1911-01-25,1911,0.0
1911-01-26,1911,0.0
1911-01-27,1911,0.0
1911-01-28,1911,0.0
1911-01-29,1911,0.2
1911-01-30,1911,15.8
1911-01-31,1911,0.8
1911-02-01,1911,0.0
1911-02-02,1911,0.0
1911-02-03,1911,0.0
1911-02-04,1911,0.0
1911-02-05,1911,0.0
1911-02-06,1911,0.0
1911-02-07,1911,0.0
1911-02-08,1911,0.0
1911-02-09,1911,0.0
1911-02-10,1911,0.0
1911-02-11,1911,0.0
1911-02-12,1911,0.0
1911-02-13,1911,0.0
1911-02-14,1911,0.0
1911-02-15,1911,0.0
1911-02-16,1911,0.0
1911-02-17,1911,0.0
1911-02-18,1911,0.0
1911-02-19,1911,0.0
1911-02-20,1911,0.0
1911-02-21,1911,0.0
1911-02-22,1911,0.0
1911-02-23,1911,0.0
1911-02-24,1911,0.0
1911-02-25,1911,0.0
1911-02-26,1911,0.0
1911-02-27,1911,0.0
1911-02-28,1911,0.0
1911-03-01,1911,0.0
1911-03-02,1911,0.0
1911-03-03,1911,0.0
1911-03-04,1911,0.0
1911-03-05,1911,0.0
1911-03-06,1911,0.0
1911-03-07,1911,2.8
1911-03-08,1911,0.0
1911-03-09,1911,0.0
1911-03-10,1911,26.4
1911-03-11,1911,3.2
1911-03-12,1911,0.3
1911-03-13,1911,0.0
1911-03-14,1911,0.1
1911-03-15,1911,0.0
1911-03-16,1911,0.0
1911-03-17,1911,15.5
1911-03-18,1911,0.0
1911-03-19,1911,0.4
1911-03-20,1911,11.3
1911-03-21,1911,15.3
1911-03-22,1911,13.7
1911-03-23,1911,0.4
1911-03-24,1911,0.0
1911-03-25,1911,7.1
1911-03-26,1911,0.0
1911-03-27,1911,0.0
1911-03-28,1911,0.0
1911-03-29,1911,0.0
1911-03-30,1911,0.0
1911-03-31,1911,0.9
1911-04-01,1911,0.8
1911-04-02,1911,0.0
1911-04-03,1911,0.0
1911-04-04,1911,0.0
1911-04-05,1911,0.0
1911-04-06,1911,0.5
1911-04-07,1911,0.0
1911-04-08,1911,0.0
1911-04-09,1911,0.1
1911-04-10,1911,30.9
1911-04-11,1911,0.0
1911-04-12,1911,54.9
1911-04-13,1911,5.3
1911-04-14,1911,7.1
1911-04-15,1911,0.0
1911-04-16,1911,0.0
1911-04-17,1911,2.3
1911-04-18,1911,0.0
1911-04-19,1911,0.4
1911-04-20,1911,0.0
1911-04-21,1911,0.0
1911-04-22,1911,0.0
1911-04-23,1911,0.7
1911-04-24,1911,0.0
1911-04-25,1911,0.0
1911-04-26,1911,0.0
1911-04-27,1911,9.4
1911-04-28,1911,1.1
1911-04-29,1911,5.6
1911-04-30,1911,31.4
1911-05-01,1911,56.3
1911-05-02,1911,23.1
1911-05-03,1911,2.1
1911-05-04,1911,0.0
1911-05-05,1911,0.0
1911-05-06,1911,0.0
1911-05-07,1911,1.7
1911-05-08,1911,25.6
1911-05-09,1911,1.7
1911-05-10,1911,32.7
1911-05-11,1911,51.0
1911-05-12,1911,28.2
1911-05-13,1911,0.6
1911-05-14,1911,5.4
1911-05-15,1911,20.2
1911-05-16,1911,29.3
1911-05-17,1911,0.4
1911-05-18,1911,0.2
1911-05-19,1911,1.9
1911-05-20,1911,69.7
1911-05-21,1911,0.4
1911-05-22,1911,30.3
1911-05-23,1911,0.0
1911-05-24,1911,33.8
1911-05-25,1911,12.7
1911-05-26,1911,37.6
1911-05-27,1911,62.2
1911-05-28,1911,0.0
1911-05-29,1911,5.2
1911-05-30,1911,1.4
1911-05-31,1911,29.9
1911-06-01,1911,3.3
1911-06-02,1911,0.0
1911-06-03,1911,0.1
1911-06-04,1911,2.9
1911-06-05,1911,0.9
1911-06-06,1911,5.5
1911-06-07,1911,0.8
1911-06-08,1911,0.7
1911-06-09,1911,4.5
1911-06-10,1911,0.0
1911-06-11,1911,0.0
1911-06-12,1911,0.0
1911-06-13,1911,0.0
1911-06-14,1911,17.2
1911-06-15,1911,0.1
1911-06-16,1911,1.8
1911-06-17,1911,4.4
1911-06-18,1911,4.2
1911-06-19,1911,0.9
1911-06-20,1911,28.4
1911-06-21,1911,38.5
1911-06-22,1911,6.6
1911-06-23,1911,0.0
1911-06-24,1911,0.0
1911-06-25,1911,1.5
1911-06-26,1911,0.2
1911-06-27,1911,0.3
1911-06-28,1911,6.1
1911-06-29,1911,0.0
1911-06-30,1911,0.1
1911-07-01,1911,0.0
1911-07-02,1911,0.0
1911-07-03,1911,34.5
1911-07-04,1911,40.5
1911-07-05,1911,5.1
1911-07-06,1911,5.1
1911-07-07,1911,0.3
1911-07-08,1911,0.0
1911-07-09,1911,0.0
1911-07-10,1911,0.0
1911-07-11,1911,0.0
1911-07-12,1911,1.0
1911-07-13,1911,3.5
1911-07-14,1911,0.9
1911-07-15,1911,0.0
1911-07-16,1911,0.0
1911-07-17,1911,0.0
1911-07-18,1911,0.0
1911-07-19,1911,34.2
1911-07-20,1911,12.0
1911-07-21,1911,24.2
1911-07-22,1911,4.3
1911-07-23,1911,0.0
1911-07-24,1911,0.0
1911-07-25,1911,0.0
1911-07-26,1911,1.8
1911-07-27,1911,36.6
1911-07-28,1911,1.1
1911-07-29,1911,0.0
1911-07-30,1911,0.0
1911-07-31,1911,0.0
1911-08-01,1911,0.0
1911-08-02,1911,3.6
1911-08-03,1911,4.7
1911-08-04,1911,46.0
1911-08-05,1911,218.6
1911-08-06,1911,168.2
1911-08-07,1911,0.0
1911-08-08,1911,0.0
1911-08-09,1911,0.0
1911-08-10,1911,0.0
1911-08-11,1911,0.0
1911-08-12,1911,0.6
1911-08-13,1911,3.3
1911-08-14,1911,23.2
1911-08-15,1911,5.9
1911-08-16,1911,65.1
1911-08-17,1911,75.1
1911-08-18,1911,75.6
1911-08-19,1911,41.3
1911-08-20,1911,30.3
1911-08-21,1911,0.0
1911-08-22,1911,0.3
1911-08-23,1911,0.1
1911-08-24,1911,0.0
1911-08-25,1911,0.0
1911-08-26,1911,0.0
1911-08-27,1911,0.0
1911-08-28,1911,0.0
1911-08-29,1911,0.0
1911-08-30,1911,1.5
1911-08-31,1911,0.0
1911-09-01,1911,0.0
1911-09-02,1911,0.0
1911-09-03,1911,67.2
1911-09-04,1911,34.8
1911-09-05,1911,1.6
1911-09-06,1911,14.6
1911-09-07,1911,0.0
1911-09-08,1911,0.0
1911-09-09,1911,0.0
1911-09-10,1911,0.0
1911-09-11,1911,1.8
1911-09-12,1911,0.0
1911-09-13,1911,0.0
1911-09-14,1911,0.0
1911-09-15,1911,0.0
1911-09-16,1911,0.0
1911-09-17,1911,0.0
1911-09-18,1911,0.6
1911-09-19,1911,24.9
1911-09-20,1911,4.5
1911-09-21,1911,0.0
1911-09-22,1911,0.0
1911-09-23,1911,0.1
1911-09-24,1911,0.0
1911-09-25,1911,0.0
1911-09-26,1911,0.0
1911-09-27,1911,0.0
1911-09-28,1911,0.0
1911-09-29,1911,1.0
1911-09-30,1911,7.1
1911-10-01,1911,5.5
1911-10-02,1911,84.7
1911-10-03,1911,0.6
1911-10-04,1911,7.3
1911-10-05,1911,3.0
1911-10-06,1911,0.0
1911-10-07,1911,0.0
1911-10-08,1911,0.0
1911-10-09,1911,5.9
1911-10-10,1911,32.1
1911-10-11,1911,0.0
1911-10-12,1911,0.0
1911-10-13,1911,1.1
1911-10-14,1911,0.2
1911-10-15,1911,0.0
1911-10-16,1911,0.0
1911-10-17,1911,0.0
1911-10-18,1911,0.0
1911-10-19,1911,0.0
1911-10-20,1911,0.0
1911-10-21,1911,0.0
1911-10-22,1911,0.0
1911-10-23,1911,0.0
1911-10-24,1911,0.0
1911-10-25,1911,3.1
1911-10-26,1911,0.0
1911-10-27,1911,1.0
1911-10-28,1911,0.0
1911-10-29,1911,0.0
1911-10-30,1911,0.0
1911-10-31,1911,0.0
1911-11-01,1911,19.9
1911-11-02,1911,0.0
1911-11-03,1911,0.4
1911-11-04,1911,0.0
1911-11-05,1911,0.0
1911-11-06,1911,0.0
1911-11-07,1911,0.0
1911-11-08,1911,0.0
1911-11-09,1911,0.0
1911-11-10,1911,0.0
1911-11-11,1911,0.0
1911-11-12,1911,0.0
1911-11-13,1911,4.5
1911-11-14,1911,3.7
1911-11-15,1911,4.2
1911-11-16,1911,0.0
1911-11-17,1911,0.3
1911-11-18,1911,0.0
1911-11-19,1911,0.0
1911-11-20,1911,0.0
1911-11-21,1911,0.0
1911-11-22,1911,0.0
1911-11-23,1911,0.0
1911-11-24,1911,0.0
1911-11-25,1911,11.2
1911-11-26,1911,6.3
1911-11-27,1911,16.7
1911-11-28,1911,0.7
1911-11-29,1911,0.7
1911-11-30,1911,0.6
1911-12-01,1911,0.0
1911-12-02,1911,0.0
1911-12-03,1911,0.0
1911-12-04,1911,0.0
1911-12-05,1911,0.0
1911-12-06,1911,0.0
1911-12-07,1911,0.1
1911-12-08,1911,0.0
1911-12-09,1911,0.0
1911-12-10,1911,0.0
1911-12-11,1911,0.0
1911-12-12,1911,0.0
1911-12-13,1911,0.0
1911-12-14,1911,0.0
1911-12-15,1911,0.0
1911-12-16,1911,0.0
1911-12-17,1911,0.0
1911-12-18,1911,0.0
1911-12-19,1911,0.0
1911-12-20,1911,0.7
1911-12-21,1911,0.3
1911-12-22,1911,0.1
1911-12-23,1911,0.0
1911-12-24,1911,0.6
1911-12-25,1911,0.0
1911-12-26,1911,0.0
1911-12-27,1911,0.4
1911-12-28,1911,0.3
1911-12-29,1911,0.0
1911-12-30,1911,0.0
1911-12-31,1911,0.0
1912-01-01,1912,0.0
1912-01-02,1912,0.0
1912-01-03,1912,0.0
1912-01-04,1912,0.0
1912-01-05,1912,0.0
1912-01-06,1912,0.0
1912-01-07,1912,0.1
1912-01-08,1912,21.9
1912-01-09,1912,1.9
1912-01-10,1912,0.0
1912-01-11,1912,0.0
1912-01-12,1912,0.4
1912-01-13,1912,3.0
1912-01-14,1912,0.5
1912-01-15,1912,0.5
1912-01-16,1912,2.9
1912-01-17,1912,0.0
1912-01-18,1912,9.3
1912-01-19,1912,0.0
1912-01-20,1912,0.0
1912-01-21,1912,5.0
1912-01-22,1912,0.0
1912-01-23,1912,0.0
1912-01-24,1912,0.1
1912-01-25,1912,15.8
1912-01-26,1912,6.1
1912-01-27,1912,0.0
1912-01-28,1912,0.3
1912-01-29,1912,0.4
1912-01-30,1912,0.1
1912-01-31,1912,0.1
1912-02-01,1912,0.1
1912-02-02,1912,0.0
1912-02-03,1912,0.0
1912-02-04,1912,0.0
1912-02-05,1912,0.0
1912-02-06,1912,0.0
1912-02-07,1912,0.0
1912-02-08,1912,0.0
1912-02-09,1912,0.0
1912-02-10,1912,0.0
1912-02-11,1912,0.0
1912-02-12,1912,0.0
1912-02-13,1912,14.4
1912-02-14,1912,0.3
1912-02-15,1912,3.5
1912-02-16,1912,19.9
1912-02-17,1912,0.6
1912-02-18,1912,1.1
1912-02-19,1912,0.2
1912-02-20,1912,0.0
1912-02-21,1912,14.3
1912-02-22,1912,1.8
1912-02-23,1912,0.0
1912-02-24,1912,0.0
1912-02-25,1912,0.0
1912-02-26,1912,0.0
1912-02-27,1912,1.9
1912-02-28,1912,0.0
1912-02-29,1912,4.2
1912-03-01,1912,20.3
1912-03-02,1912,0.0
1912-03-03,1912,0.0
1912-03-04,1912,0.0
1912-03-05,1912,0.0
1912-03-06,1912,0.0
1912-03-07,1912,0.0
1912-03-08,1912,0.0
1912-03-09,1912,0.0
1912-03-10,1912,0.0
1912-03-11,1912,0.0
1912-03-12,1912,0.0
1912-03-13,1912,1.1
1912-03-14,1912,0.4
1912-03-15,1912,0.3
1912-03-16,1912,0.3
1912-03-17,1912,0.0
1912-03-18,1912,0.0
1912-03-19,1912,0.0
1912-03-20,1912,0.0
1912-03-21,1912,0.0
1912-03-22,1912,26.0
1912-03-23,1912,1.4
1912-03-24,1912,22.3
1912-03-25,1912,0.0
1912-03-26,1912,25.0
1912-03-27,1912,0.0
1912-03-28,1912,0.0
1912-03-29,1912,0.0
1912-03-30,1912,12.0
1912-03-31,1912,1.3
1912-04-01,1912,0.0
1912-04-02,1912,0.0
1912-04-03,1912,0.0
1912-04-04,1912,19.6
1912-04-05,1912,1.5
1912-04-06,1912,0.0
1912-04-07,1912,0.0
1912-04-08,1912,3.3
1912-04-09,1912,0.0
1912-04-10,1912,0.1
1912-04-11,1912,9.9
1912-04-12,1912,0.5
1912-04-13,1912,0.0
1912-04-14,1912,0.0
1912-04-15,1912,0.0
1912-04-16,1912,0.0
1912-04-17,1912,0.0
1912-04-18,1912,0.0
1912-04-19,1912,0.0
1912-04-20,1912,0.0
1912-04-21,1912,0.0
1912-04-22,1912,0.0
1912-04-23,1912,0.0
1912-04-24,1912,0.0
1912-04-25,1912,4.7
1912-04-26,1912,0.0
1912-04-27,1912,0.0
1912-04-28,1912,0.0
1912-04-29,1912,0.0
1912-04-30,1912,61.6
1912-05-01,1912,4.1
1912-05-02,1912,0.1
1912-05-03,1912,0.3
1912-05-04,1912,0.7
1912-05-05,1912,26.3
1912-05-06,1912,3.7
1912-05-07,1912,13.7
1912-05-08,1912,0.0
1912-05-09,1912,0.0
1912-05-10,1912,0.0
1912-05-11,1912,0.0
1912-05-12,1912,0.6
1912-05-13,1912,0.3
1912-05-14,1912,0.4
1912-05-15,1912,0.6
1912-05-16,1912,1.4
1912-05-17,1912,0.0
1912-05-18,1912,0.0
1912-05-19,1912,0.0
1912-05-20,1912,0.0
1912-05-21,1912,6.9
1912-05-22,1912,0.5
1912-05-23,1912,0.4
1912-05-24,1912,0.0
1912-05-25,1912,0.0
1912-05-26,1912,0.0
1912-05-27,1912,0.8
1912-05-28,1912,14.5
1912-05-29,1912,12.2
1912-05-30,1912,0.1
1912-05-31,1912,12.7
1912-06-01,1912,23.1
1912-06-02,1912,30.0
1912-06-03,1912,42.5
1912-06-04,1912,1.5
1912-06-05,1912,68.3
1912-06-06,1912,24.2
1912-06-07,1912,46.0
1912-06-08,1912,1.1
1912-06-09,1912,0.5
1912-06-10,1912,0.6
1912-06-11,1912,4.7
1912-06-12,1912,6.0
1912-06-13,1912,23.1
1912-06-14,1912,9.0
1912-06-15,1912,0.7
1912-06-16,1912,2.5
1912-06-17,1912,5.2
1912-06-18,1912,3.6
1912-06-19,1912,4.6
1912-06-20,1912,0.0
1912-06-21,1912,51.1
1912-06-22,1912,2.6
1912-06-23,1912,0.7
1912-06-24,1912,0.0
1912-06-25,1912,1.4
1912-06-26,1912,0.1
1912-06-27,1912,0.9
1912-06-28,1912,0.5
1912-06-29,1912,3.3
1912-06-30,1912,2.1
1912-07-01,1912,0.0
1912-07-02,1912,1.0
1912-07-03,1912,1.3
1912-07-04,1912,0.1
1912-07-05,1912,6.1
1912-07-06,1912,0.1
1912-07-07,1912,1.4
1912-07-08,1912,0.6
1912-07-09,1912,0.0
1912-07-10,1912,0.4
1912-07-11,1912,2.3
1912-07-12,1912,4.7
1912-07-13,1912,12.1
1912-07-14,1912,3.9
1912-07-15,1912,0.6
1912-07-16,1912,0.6
1912-07-17,1912,9.1
1912-07-18,1912,0.0
1912-07-19,1912,0.0
1912-07-20,1912,0.0
1912-07-21,1912,0.0
1912-07-22,1912,0.0
1912-07-23,1912,32.7
1912-07-24,1912,37.4
1912-07-25,1912,57.7
1912-07-26,1912,12.3
1912-07-27,1912,6.3
1912-07-28,1912,1.1
1912-07-29,1912,0.0
1912-07-30,1912,0.0
1912-07-31,1912,0.0
1912-08-01,1912,0.0
1912-08-02,1912,2.5
1912-08-03,1912,8.3
1912-08-04,1912,26.1
1912-08-05,1912,8.7
1912-08-06,1912,0.0
1912-08-07,1912,0.0
1912-08-08,1912,5.9
1912-08-09,1912,3.4
1912-08-10,1912,0.2
1912-08-11,1912,0.0
1912-08-12,1912,1.7
1912-08-13,1912,8.3
1912-08-14,1912,36.6
1912-08-15,1912,155.7
1912-08-16,1912,0.4
1912-08-17,1912,0.0
1912-08-18,1912,0.0
1912-08-19,1912,0.0
1912-08-20,1912,11.3
1912-08-21,1912,46.3
1912-08-22,1912,13.2
1912-08-23,1912,0.0
1912-08-24,1912,39.6
1912-08-25,1912,9.2
1912-08-26,1912,14.8
1912-08-27,1912,0.0
1912-08-28,1912,0.0
1912-08-29,1912,0.0
1912-08-30,1912,0.0
1912-08-31,1912,7.4
1912-09-01,1912,2.9
1912-09-02,1912,0.0
1912-09-03,1912,0.0
1912-09-04,1912,0.0
1912-09-05,1912,3.3
1912-09-06,1912,1.9
1912-09-07,1912,0.4
1912-09-08,1912,0.0
1912-09-09,1912,0.0
1912-09-10,1912,0.0
1912-09-11,1912,0.0
1912-09-12,1912,0.0
1912-09-13,1912,0.0
1912-09-14,1912,0.0
1912-09-15,1912,0.0
1912-09-16,1912,0.0
1912-09-17,1912,0.4
1912-09-18,1912,0.0
1912-09-19,1912,5.7
1912-09-20,1912,74.6
1912-09-21,1912,2.5
1912-09-22,1912,0.5
1912-09-23,1912,3.6
1912-09-24,1912,0.0
1912-09-25,1912,2.7
1912-09-26,1912,0.0
1912-09-27,1912,0.0
1912-09-28,1912,0.0
1912-09-29,1912,0.0
1912-09-30,1912,0.0
1912-10-01,1912,0.0
1912-10-02,1912,0.0
1912-10-03,1912,0.0
1912-10-04,1912,0.0
1912-10-05,1912,0.0
1912-10-06,1912,0.0
1912-10-07,1912,0.3
1912-10-08,1912,0.0
1912-10-09,1912,0.0
1912-10-10,1912,0.0
1912-10-11,1912,0.0
1912-10-12,1912,0.0
1912-10-13,1912,0.0
1912-10-14,1912,0.0
1912-10-15,1912,0.0
1912-10-16,1912,0.0
1912-10-17,1912,0.0
1912-10-18,1912,0.0
1912-10-19,1912,0.0
1912-10-20,1912,0.0
1912-10-21,1912,0.0
1912-10-22,1912,0.0
1912-10-23,1912,0.0
1912-10-24,1912,0.0
1912-10-25,1912,0.0
1912-10-26,1912,0.1
1912-10-27,1912,0.0
1912-10-28,1912,0.0
1912-10-29,1912,0.0
1912-10-30,1912,0.0
1912-10-31,1912,0.0
1912-11-01,1912,0.0
1912-11-02,1912,0.0
1912-11-03,1912,0.0
1912-11-04,1912,0.0
1912-11-05,1912,0.0
1912-11-06,1912,0.0
1912-11-07,1912,0.0
1912-11-08,1912,0.0
1912-11-09,1912,0.0
1912-11-10,1912,0.0
1912-11-11,1912,0.0
1912-11-12,1912,0.0
1912-11-13,1912,0.0
1912-11-14,1912,0.0
1912-11-15,1912,0.1
1912-11-16,1912,0.0
1912-11-17,1912,0.0
1912-11-18,1912,0.0
1912-11-19,1912,0.0
1912-11-20,1912,0.0
1912-11-21,1912,0.0
1912-11-22,1912,0.0
1912-11-23,1912,0.0
1912-11-24,1912,0.0
1912-11-25,1912,0.0
1912-11-26,1912,0.0
1912-11-27,1912,3.8
1912-11-28,1912,3.4
1912-11-29,1912,0.0
1912-11-30,1912,0.1
1912-12-01,1912,20.8
1912-12-02,1912,39.4
1912-12-03,1912,14.7
1912-12-04,1912,6.5
1912-12-05,1912,0.0
1912-12-06,1912,0.0
1912-12-07,1912,0.0
1912-12-08,1912,0.0
1912-12-09,1912,0.0
1912-12-10,1912,0.0
1912-12-11,1912,0.0
1912-12-12,1912,0.0
1912-12-13,1912,0.0
1912-12-14,1912,0.0
1912-12-15,1912,0.0
1912-12-16,1912,0.0
1912-12-17,1912,2.6
1912-12-18,1912,0.0
1912-12-19,1912,0.0
1912-12-20,1912,0.0
1912-12-21,1912,1.8
1912-12-22,1912,0.0
1912-12-23,1912,3.9
1912-12-24,1912,0.0
1912-12-25,1912,0.0
1912-12-26,1912,0.0
1912-12-27,1912,35.3
1912-12-28,1912,0.0
1912-12-29,1912,0.0
1912-12-30,1912,0.0
1912-12-31,1912,0.0
1913-01-01,1913,0.0
1913-01-02,1913,0.0
1913-01-03,1913,0.0
1913-01-04,1913,0.0
1913-01-05,1913,0.0
1913-01-06,1913,0.0
1913-01-07,1913,0.0
1913-01-08,1913,0.0
1913-01-09,1913,0.0
1913-01-10,1913,0.0
1913-01-11,1913,0.0
1913-01-12,1913,0.0
1913-01-13,1913,0.0
1913-01-14,1913,0.0
1913-01-15,1913,0.0
1913-01-16,1913,0.1
1913-01-17,1913,1.0
1913-01-18,1913,0.0
1913-01-19,1913,0.0
1913-01-20,1913,14.4
1913-01-21,1913,0.8
1913-01-22,1913,2.3
1913-01-23,1913,7.5
1913-01-24,1913,0.0
1913-01-25,1913,0.0
1913-01-26,1913,0.0
1913-01-27,1913,0.0
1913-01-28,1913,0.0
1913-01-29,1913,0.0
1913-01-30,1913,0.0
1913-01-31,1913,0.0
1913-02-01,1913,0.0
1913-02-02,1913,0.0
1913-02-03,1913,0.0
1913-02-04,1913,0.0
1913-02-05,1913,0.0
1913-02-06,1913,0.0
1913-02-07,1913,0.0
1913-02-08,1913,0.0
1913-02-09,1913,0.0
1913-02-10,1913,0.0
1913-02-11,1913,0.0
1913-02-12,1913,0.0
1913-02-13,1913,0.0
1913-02-14,1913,0.0
1913-02-15,1913,0.0
1913-02-16,1913,0.0
1913-02-17,1913,0.0
1913-02-18,1913,0.0
1913-02-19,1913,0.0
1913-02-20,1913,0.6
1913-02-21,1913,0.0
1913-02-22,1913,3.1
1913-02-23,1913,39.0
1913-02-24,1913,10.2
1913-02-25,1913,6.6
1913-02-26,1913,0.1
1913-02-27,1913,0.0
1913-02-28,1913,1.1
1913-03-01,1913,1.3
1913-03-02,1913,0.0
1913-03-03,1913,2.5
1913-03-04,1913,0.0
1913-03-05,1913,0.0
1913-03-06,1913,0.0
1913-03-07,1913,0.0
1913-03-08,1913,0.3
1913-03-09,1913,0.9
1913-03-10,1913,0.0
1913-03-11,1913,14.7
1913-03-12,1913,0.4
1913-03-13,1913,7.3
1913-03-14,1913,4.0
1913-03-15,1913,28.9
1913-03-16,1913,2.4
1913-03-17,1913,96.3
1913-03-18,1913,3.9
1913-03-19,1913,1.4
1913-03-20,1913,0.1
1913-03-21,1913,11.1
1913-03-22,1913,1.2
1913-03-23,1913,0.1
1913-03-24,1913,0.7
1913-03-25,1913,0.0
1913-03-26,1913,0.0
1913-03-27,1913,0.0
1913-03-28,1913,0.0
1913-03-29,1913,0.0
1913-03-30,1913,0.0
1913-03-31,1913,0.0
1913-04-01,1913,0.0
1913-04-02,1913,0.0
1913-04-03,1913,0.0
1913-04-04,1913,0.0
1913-04-05,1913,0.0
1913-04-06,1913,0.0
1913-04-07,1913,0.0
1913-04-08,1913,0.1
1913-04-09,1913,13.2
1913-04-10,1913,2.5
1913-04-11,1913,0.0
1913-04-12,1913,0.0
1913-04-13,1913,0.0
1913-04-14,1913,0.0
1913-04-15,1913,0.0
1913-04-16,1913,2.4
1913-04-17,1913,35.1
1913-04-18,1913,0.0
1913-04-19,1913,1.7
1913-04-20,1913,0.0
1913-04-21,1913,0.0
1913-04-22,1913,0.0
1913-04-23,1913,0.0
1913-04-24,1913,0.0
1913-04-25,1913,0.0
1913-04-26,1913,0.0
1913-04-27,1913,0.0
1913-04-28,1913,0.0
1913-04-29,1913,0.0
1913-04-30,1913,0.0
1913-05-01,1913,0.0
1913-05-02,1913,47.9
1913-05-03,1913,0.0
1913-05-04,1913,0.0
1913-05-05,1913,0.0
1913-05-06,1913,0.0
1913-05-07,1913,0.0
1913-05-08,1913,0.0
1913-05-09,1913,0.0
1913-05-10,1913,0.0
1913-05-11,1913,4.4
1913-05-12,1913,33.5
1913-05-13,1913,0.5
1913-05-14,1913,0.6
1913-05-15,1913,30.0
1913-05-16,1913,0.3
1913-05-17,1913,18.1
1913-05-18,1913,0.4
1913-05-19,1913,11.3
1913-05-20,1913,37.0
1913-05-21,1913,3.8
1913-05-22,1913,2.1
1913-05-23,1913,0.3
1913-05-24,1913,0.0
1913-05-25,1913,0.0
1913-05-26,1913,0.0
1913-05-27,1913,0.0
1913-05-28,1913,4.8
1913-05-29,1913,14.9
1913-05-30,1913,27.1
1913-05-31,1913,0.0
1913-06-01,1913,0.0
1913-06-02,1913,0.0
1913-06-03,1913,0.0
1913-06-04,1913,1.3
1913-06-05,1913,11.5
1913-06-06,1913,0.0
1913-06-07,1913,42.4
1913-06-08,1913,45.8
1913-06-09,1913,31.4
1913-06-10,1913,21.0
1913-06-11,1913,20.5
1913-06-12,1913,67.6
1913-06-13,1913,40.1
1913-06-14,1913,1.5
1913-06-15,1913,16.5
1913-06-16,1913,3.5
1913-06-17,1913,7.1
1913-06-18,1913,2.2
1913-06-19,1913,0.6
1913-06-20,1913,8.5
1913-06-21,1913,1.5
1913-06-22,1913,2.0
1913-06-23,1913,38.2
1913-06-24,1913,24.3
1913-06-25,1913,0.0
1913-06-26,1913,0.0
1913-06-27,1913,11.5
1913-06-28,1913,1.1
1913-06-29,1913,0.0
1913-06-30,1913,7.1
1913-07-01,1913,4.9
1913-07-02,1913,4.3
1913-07-03,1913,0.0
1913-07-04,1913,2.8
1913-07-05,1913,0.0
1913-07-06,1913,0.0
1913-07-07,1913,0.0
1913-07-08,1913,0.0
1913-07-09,1913,0.0
1913-07-10,1913,4.5
1913-07-11,1913,46.5
1913-07-12,1913,19.6
1913-07-13,1913,2.7
1913-07-14,1913,9.5
1913-07-15,1913,0.8
1913-07-16,1913,0.0
1913-07-17,1913,16.7
1913-07-18,1913,0.1
1913-07-19,1913,0.0
1913-07-20,1913,0.0
1913-07-21,1913,5.9
1913-07-22,1913,0.0
1913-07-23,1913,1.4
1913-07-24,1913,32.0
1913-07-25,1913,28.9
1913-07-26,1913,69.3
1913-07-27,1913,30.4
1913-07-28,1913,7.6
1913-07-29,1913,0.4
1913-07-30,1913,26.8
1913-07-31,1913,67.1
1913-08-01,1913,25.2
1913-08-02,1913,7.7
1913-08-03,1913,6.9
1913-08-04,1913,4.2
1913-08-05,1913,0.0
1913-08-06,1913,5.8
1913-08-07,1913,14.6
1913-08-08,1913,7.0
1913-08-09,1913,21.4
1913-08-10,1913,13.7
1913-08-11,1913,7.3
1913-08-12,1913,11.6
1913-08-13,1913,24.4
1913-08-14,1913,0.0
1913-08-15,1913,0.0
1913-08-16,1913,8.5
1913-08-17,1913,101.0
1913-08-18,1913,9.3
1913-08-19,1913,0.0
1913-08-20,1913,0.0
1913-08-21,1913,0.0
1913-08-22,1913,0.0
1913-08-23,1913,0.0
1913-08-24,1913,0.0
1913-08-25,1913,0.0
1913-08-26,1913,0.0
1913-08-27,1913,0.0
1913-08-28,1913,0.0
1913-08-29,1913,0.0
1913-08-30,1913,0.0
1913-08-31,1913,0.0
1913-09-01,1913,13.5
1913-09-02,1913,2.0
1913-09-03,1913,25.5
1913-09-04,1913,0.0
1913-09-05,1913,0.2
1913-09-06,1913,0.5
1913-09-07,1913,0.7
1913-09-08,1913,0.0
1913-09-09,1913,4.2
1913-09-10,1913,12.6
1913-09-11,1913,4.3
1913-09-12,1913,66.5
1913-09-13,1913,28.1
1913-09-14,1913,21.5
1913-09-15,1913,0.1
1913-09-16,1913,1.4
1913-09-17,1913,11.1
1913-09-18,1913,39.5
1913-09-19,1913,103.2
1913-09-20,1913,35.1
1913-09-21,1913,0.0
1913-09-22,1913,0.0
1913-09-23,1913,0.0
1913-09-24,1913,0.0
1913-09-25,1913,0.0
1913-09-26,1913,0.0
1913-09-27,1913,0.0
1913-09-28,1913,0.0
1913-09-29,1913,0.4
1913-09-30,1913,0.0
1913-10-01,1913,0.0
1913-10-02,1913,34.1
1913-10-03,1913,17.8
1913-10-04,1913,0.1
1913-10-05,1913,0.0
1913-10-06,1913,0.0
1913-10-07,1913,0.0
1913-10-08,1913,27.7
1913-10-09,1913,0.8
1913-10-10,1913,3.2
1913-10-11,1913,6.5
1913-10-12,1913,0.0
1913-10-13,1913,0.0
1913-10-14,1913,0.0
1913-10-15,1913,0.0
1913-10-16,1913,0.0
1913-10-17,1913,0.0
1913-10-18,1913,0.0
1913-10-19,1913,0.0
1913-10-20,1913,0.0
1913-10-21,1913,0.0
1913-10-22,1913,0.0
1913-10-23,1913,0.0
1913-10-24,1913,0.0
1913-10-25,1913,0.0
1913-10-26,1913,0.0
1913-10-27,1913,0.0
1913-10-28,1913,0.0
1913-10-29,1913,0.0
1913-10-30,1913,0.0
1913-10-31,1913,0.0
1913-11-01,1913,0.0
1913-11-02,1913,0.0
1913-11-03,1913,0.0
1913-11-04,1913,0.0
1913-11-05,1913,0.0
1913-11-06,1913,0.0
1913-11-07,1913,0.0
1913-11-08,1913,0.7
1913-11-09,1913,0.0
1913-11-10,1913,0.0
1913-11-11,1913,0.0
1913-11-12,1913,0.0
1913-11-13,1913,1.5
1913-11-14,1913,14.5
1913-11-15,1913,2.0
1913-11-16,1913,0.0
1913-11-17,1913,0.0
1913-11-18,1913,0.0
1913-11-19,1913,0.0
1913-11-20,1913,0.0
1913-11-21,1913,0.0
1913-11-22,1913,0.0
1913-11-23,1913,0.0
1913-11-24,1913,0.0
1913-11-25,1913,0.0
1913-11-26,1913,0.0
1913-11-27,1913,0.0
1913-11-28,1913,0.0
1913-11-29,1913,0.0
1913-11-30,1913,0.0
1913-12-01,1913,0.0
1913-12-02,1913,0.0
1913-12-03,1913,0.0
1913-12-04,1913,0.0
1913-12-05,1913,0.0
1913-12-06,1913,0.0
1913-12-07,1913,0.0
1913-12-08,1913,0.0
1913-12-09,1913,10.4
1913-12-10,1913,0.0
1913-12-11,1913,2.4
1913-12-12,1913,1.8
1913-12-13,1913,0.0
1913-12-14,1913,0.0
1913-12-15,1913,0.3
1913-12-16,1913,0.0
1913-12-17,1913,0.0
1913-12-18,1913,0.1
1913-12-19,1913,0.2
1913-12-20,1913,5.0
1913-12-21,1913,3.0
1913-12-22,1913,3.4
1913-12-23,1913,0.0
1913-12-24,1913,0.0
1913-12-25,1913,8.9
1913-12-26,1913,0.0
1913-12-27,1913,0.0
1913-12-28,1913,0.0
1913-12-29,1913,0.0
1913-12-30,1913,0.0
1913-12-31,1913,0.0
1914-01-01,1914,0.0
1914-01-02,1914,0.0
1914-01-03,1914,0.0
1914-01-04,1914,0.0
1914-01-05,1914,0.0
1914-01-06,1914,0.0
1914-01-07,1914,0.0
1914-01-08,1914,0.0
1914-01-09,1914,0.0
1914-01-10,1914,0.0
1914-01-11,1914,0.0
1914-01-12,1914,0.0
1914-01-13,1914,0.0
1914-01-14,1914,0.0
1914-01-15,1914,0.0
1914-01-16,1914,0.0
1914-01-17,1914,0.0
1914-01-18,1914,0.0
1914-01-19,1914,0.0
1914-01-20,1914,0.0
1914-01-21,1914,0.0
1914-01-22,1914,0.0
1914-01-23,1914,0.0
1914-01-24,1914,0.0
1914-01-25,1914,0.0
1914-01-26,1914,0.0
1914-01-27,1914,0.0
1914-01-28,1914,0.0
1914-01-29,1914,0.0
1914-01-30,1914,0.0
1914-01-31,1914,0.0
1914-02-01,1914,0.0
1914-02-02,1914,0.0
1914-02-03,1914,0.1
1914-02-04,1914,0.2
1914-02-05,1914,0.0
1914-02-06,1914,0.0
1914-02-07,1914,48.6
1914-02-08,1914,3.5
1914-02-09,1914,0.0
1914-02-10,1914,0.7
1914-02-11,1914,0.0
1914-02-12,1914,0.0
1914-02-13,1914,0.0
1914-02-14,1914,0.0
1914-02-15,1914,0.0
1914-02-16,1914,0.0
1914-02-17,1914,0.0
1914-02-18,1914,0.0
1914-02-19,1914,0.0
1914-02-20,1914,0.0
1914-02-21,1914,0.0
1914-02-22,1914,10.9
1914-02-23,1914,0.0
1914-02-24,1914,0.0
1914-02-25,1914,0.0
1914-02-26,1914,1.1
1914-02-27,1914,13.1
1914-02-28,1914,4.2
1914-03-01,1914,0.0
1914-03-02,1914,0.0
1914-03-03,1914,0.0
1914-03-04,1914,0.0
1914-03-05,1914,0.0
1914-03-06,1914,0.0
1914-03-07,1914,0.0
1914-03-08,1914,0.0
1914-03-09,1914,0.9
1914-03-10,1914,0.6
1914-03-11,1914,0.0
1914-03-12,1914,2.9
1914-03-13,1914,2.3
1914-03-14,1914,0.0
1914-03-15,1914,0.0
1914-03-16,1914,22.6
1914-03-17,1914,0.1
1914-03-18,1914,0.0
1914-03-19,1914,0.0
1914-03-20,1914,0.0
1914-03-21,1914,0.0
1914-03-22,1914,0.0
1914-03-23,1914,0.0
1914-03-24,1914,0.0
1914-03-25,1914,0.0
1914-03-26,1914,0.5
1914-03-27,1914,0.0
1914-03-28,1914,0.0
1914-03-29,1914,0.0
1914-03-30,1914,0.0
1914-03-31,1914,0.0
1914-04-01,1914,0.0
1914-04-02,1914,0.0
1914-04-03,1914,0.0
1914-04-04,1914,5.4
1914-04-05,1914,0.0
1914-04-06,1914,0.1
1914-04-07,1914,2.2
1914-04-08,1914,0.0
1914-04-09,1914,0.5
1914-04-10,1914,0.0
1914-04-11,1914,0.0
1914-04-12,1914,0.0
1914-04-13,1914,15.1
1914-04-14,1914,1.5
1914-04-15,1914,4.9
1914-04-16,1914,32.0
1914-04-17,1914,8.6
1914-04-18,1914,8.7
1914-04-19,1914,16.2
1914-04-20,1914,0.0
1914-04-21,1914,0.0
1914-04-22,1914,0.0
1914-04-23,1914,0.0
1914-04-24,1914,0.0
1914-04-25,1914,0.5
1914-04-26,1914,0.0
1914-04-27,1914,14.6
1914-04-28,1914,0.5
1914-04-29,1914,2.2
1914-04-30,1914,0.6
1914-05-01,1914,21.9
1914-05-02,1914,0.5
1914-05-03,1914,0.0
1914-05-04,1914,0.0
1914-05-05,1914,0.4
1914-05-06,1914,0.0
1914-05-07,1914,0.0
1914-05-08,1914,0.0
1914-05-09,1914,14.3
1914-05-10,1914,39.1
1914-05-11,1914,0.0
1914-05-12,1914,57.4
1914-05-13,1914,0.1
1914-05-14,1914,0.0
1914-05-15,1914,0.0
1914-05-16,1914,64.2
1914-05-17,1914,48.2
1914-05-18,1914,3.6
1914-05-19,1914,2.0
1914-05-20,1914,0.4
1914-05-21,1914,14.3
1914-05-22,1914,1.8
1914-05-23,1914,0.0
1914-05-24,1914,38.9
1914-05-25,1914,0.1
1914-05-26,1914,0.0
1914-05-27,1914,0.0
1914-05-28,1914,0.0
1914-05-29,1914,0.3
1914-05-30,1914,12.8
1914-05-31,1914,0.0
1914-06-01,1914,0.0
1914-06-02,1914,0.0
1914-06-03,1914,0.0
1914-06-04,1914,0.0
1914-06-05,1914,0.0
1914-06-06,1914,2.9
1914-06-07,1914,33.9
1914-06-08,1914,37.8
1914-06-09,1914,3.1
1914-06-10,1914,0.0
1914-06-11,1914,0.0
1914-06-12,1914,0.0
1914-06-13,1914,0.0
1914-06-14,1914,0.6
1914-06-15,1914,0.0
1914-06-16,1914,8.0
1914-06-17,1914,5.2
1914-06-18,1914,9.2
1914-06-19,1914,19.6
1914-06-20,1914,0.0
1914-06-21,1914,2.0
1914-06-22,1914,133.5
1914-06-23,1914,12.8
1914-06-24,1914,26.8
1914-06-25,1914,12.4
1914-06-26,1914,0.0
1914-06-27,1914,0.4
1914-06-28,1914,2.1
1914-06-29,1914,0.4
1914-06-30,1914,0.0
1914-07-01,1914,0.0
1914-07-02,1914,9.0
1914-07-03,1914,29.9
1914-07-04,1914,20.4
1914-07-05,1914,40.7
1914-07-06,1914,0.0
1914-07-07,1914,0.0
1914-07-08,1914,88.0
1914-07-09,1914,41.0
1914-07-10,1914,21.1
1914-07-11,1914,0.0
1914-07-12,1914,1.5
1914-07-13,1914,0.0
1914-07-14,1914,0.0
1914-07-15,1914,39.0
1914-07-16,1914,64.8
1914-07-17,1914,56.8
1914-07-18,1914,64.9
1914-07-19,1914,3.5
1914-07-20,1914,0.0
1914-07-21,1914,0.0
1914-07-22,1914,0.0
1914-07-23,1914,0.0
1914-07-24,1914,0.0
1914-07-25,1914,0.0
1914-07-26,1914,0.0
1914-07-27,1914,0.0
1914-07-28,1914,10.4
1914-07-29,1914,63.3
1914-07-30,1914,64.1
1914-07-31,1914,50.2
1914-08-01,1914,6.3
1914-08-02,1914,2.1
1914-08-03,1914,0.0
1914-08-04,1914,0.0
1914-08-05,1914,0.0
1914-08-06,1914,5.5
1914-08-07,1914,0.0
1914-08-08,1914,0.0
1914-08-09,1914,0.0
1914-08-10,1914,0.0
1914-08-11,1914,0.0
1914-08-12,1914,3.4
1914-08-13,1914,0.0
1914-08-14,1914,1.8
1914-08-15,1914,41.3
1914-08-16,1914,2.0
1914-08-17,1914,1.2
1914-08-18,1914,1.5
1914-08-19,1914,4.7
1914-08-20,1914,0.0
1914-08-21,1914,0.0
1914-08-22,1914,0.0
1914-08-23,1914,0.0
1914-08-24,1914,3.0
1914-08-25,1914,10.8
1914-08-26,1914,17.9
1914-08-27,1914,2.4
1914-08-28,1914,2.0
1914-08-29,1914,0.1
1914-08-30,1914,0.0
1914-08-31,1914,0.5
1914-09-01,1914,26.2
1914-09-02,1914,10.2
1914-09-03,1914,78.2
1914-09-04,1914,37.7
1914-09-05,1914,0.0
1914-09-06,1914,0.0
1914-09-07,1914,0.0
1914-09-08,1914,0.0
1914-09-09,1914,0.0
1914-09-10,1914,0.0
1914-09-11,1914,0.0
1914-09-12,1914,4.0
1914-09-13,1914,49.2
1914-09-14,1914,6.3
1914-09-15,1914,0.0
1914-09-16,1914,0.0
1914-09-17,1914,0.0
1914-09-18,1914,0.0
1914-09-19,1914,0.0
1914-09-20,1914,0.0
1914-09-21,1914,117.0
1914-09-22,1914,58.9
1914-09-23,1914,0.9
1914-09-24,1914,0.0
1914-09-25,1914,0.0
1914-09-26,1914,18.6
1914-09-27,1914,0.0
1914-09-28,1914,98.2
1914-09-29,1914,0.0
1914-09-30,1914,2.1
1914-10-01,1914,1.3
1914-10-02,1914,2.9
1914-10-03,1914,0.0
1914-10-04,1914,0.6
1914-10-05,1914,0.0
1914-10-06,1914,14.8
1914-10-07,1914,0.0
1914-10-08,1914,0.0
1914-10-09,1914,0.0
1914-10-10,1914,0.0
1914-10-11,1914,0.0
1914-10-12,1914,1.0
1914-10-13,1914,0.2
1914-10-14,1914,16.0
1914-10-15,1914,3.7
1914-10-16,1914,2.1
1914-10-17,1914,0.0
1914-10-18,1914,1.4
1914-10-19,1914,0.0
1914-10-20,1914,0.0
1914-10-21,1914,0.0
1914-10-22,1914,0.0
1914-10-23,1914,0.0
1914-10-24,1914,0.6
1914-10-25,1914,5.9
1914-10-26,1914,5.5
1914-10-27,1914,5.6
1914-10-28,1914,84.0
1914-10-29,1914,0.0
1914-10-30,1914,11.7
1914-10-31,1914,6.5
1914-11-01,1914,20.2
1914-11-02,1914,24.8
1914-11-03,1914,26.1
1914-11-04,1914,1.4
1914-11-05,1914,0.0
1914-11-06,1914,6.1
1914-11-07,1914,1.7
1914-11-08,1914,5.1
1914-11-09,1914,0.0
1914-11-10,1914,0.0
1914-11-11,1914,0.0
1914-11-12,1914,0.8
1914-11-13,1914,65.8
1914-11-14,1914,0.0
1914-11-15,1914,0.0
1914-11-16,1914,0.1
1914-11-17,1914,0.0
1914-11-18,1914,0.0
1914-11-19,1914,0.0
1914-11-20,1914,6.0
1914-11-21,1914,0.0
1914-11-22,1914,51.4
1914-11-23,1914,6.9
1914-11-24,1914,2.5
1914-11-25,1914,1.1
1914-11-26,1914,3.2
1914-11-27,1914,1.0
1914-11-28,1914,0.0
1914-11-29,1914,0.0
1914-11-30,1914,0.0
1914-12-01,1914,0.0
1914-12-02,1914,0.0
1914-12-03,1914,0.1
1914-12-04,1914,0.0
1914-12-05,1914,0.0
1914-12-06,1914,0.0
1914-12-07,1914,0.0
1914-12-08,1914,0.0
1914-12-09,1914,0.0
1914-12-10,1914,0.0
1914-12-11,1914,0.0
1914-12-12,1914,0.0
1914-12-13,1914,0.0
1914-12-14,1914,0.0
1914-12-15,1914,0.0
1914-12-16,1914,0.0
1914-12-17,1914,0.0
1914-12-18,1914,0.0
1914-12-19,1914,0.0
1914-12-20,1914,0.0
1914-12-21,1914,0.8
1914-12-22,1914,0.0
1914-12-23,1914,5.1
1914-12-24,1914,3.4
1914-12-25,1914,3.4
1914-12-26,1914,0.0
1914-12-27,1914,5.5
1914-12-28,1914,0.0
1914-12-29,1914,0.0
1914-12-30,1914,0.0
1914-12-31,1914,0.0
1915-01-01,1915,0.0
1915-01-02,1915,0.0
1915-01-03,1915,0.0
1915-01-04,1915,2.1
1915-01-05,1915,1.3
1915-01-06,1915,0.0
1915-01-07,1915,0.0
1915-01-08,1915,0.0
1915-01-09,1915,2.0
1915-01-10,1915,1.6
1915-01-11,1915,0.0
1915-01-12,1915,0.0
1915-01-13,1915,0.0
1915-01-14,1915,0.0
1915-01-15,1915,0.2
1915-01-16,1915,1.6
1915-01-17,1915,0.0
1915-01-18,1915,0.0
1915-01-19,1915,0.0
1915-01-20,1915,0.0
1915-01-21,1915,0.0
1915-01-22,1915,0.0
1915-01-23,1915,0.0
1915-01-24,1915,0.0
1915-01-25,1915,0.0
1915-01-26,1915,0.0
1915-01-27,1915,0.0
1915-01-28,1915,0.0
1915-01-29,1915,0.0
1915-01-30,1915,0.0
1915-01-31,1915,0.0
1915-02-01,1915,0.1
1915-02-02,1915,3.7
1915-02-03,1915,0.0
1915-02-04,1915,0.0
1915-02-05,1915,1.1
1915-02-06,1915,0.0
1915-02-07,1915,1.6
1915-02-08,1915,0.0
1915-02-09,1915,0.0
1915-02-10,1915,0.0
1915-02-11,1915,1.3
1915-02-12,1915,1.3
1915-02-13,1915,0.0
1915-02-14,1915,0.0
1915-02-15,1915,0.0
1915-02-16,1915,0.0
1915-02-17,1915,3.6
1915-02-18,1915,0.1
1915-02-19,1915,0.1
1915-02-20,1915,0.0
1915-02-21,1915,0.0
1915-02-22,1915,0.0
1915-02-23,1915,0.0
1915-02-24,1915,0.0
1915-02-25,1915,0.0
1915-02-26,1915,0.0
1915-02-27,1915,0.0
1915-02-28,1915,0.0
1915-03-01,1915,0.0
1915-03-02,1915,0.0
1915-03-03,1915,0.0
1915-03-04,1915,0.0
1915-03-05,1915,0.0
1915-03-06,1915,0.0
1915-03-07,1915,0.1
1915-03-08,1915,0.0
1915-03-09,1915,0.0
1915-03-10,1915,0.6
1915-03-11,1915,0.0
1915-03-12,1915,22.3
1915-03-13,1915,0.4
1915-03-14,1915,0.0
1915-03-15,1915,1.6
1915-03-16,1915,8.4
1915-03-17,1915,0.8
1915-03-18,1915,0.0
1915-03-19,1915,0.0
1915-03-20,1915,0.0
1915-03-21,1915,0.0
1915-03-22,1915,0.0
1915-03-23,1915,9.0
1915-03-24,1915,17.6
1915-03-25,1915,0.0
1915-03-26,1915,0.0
1915-03-27,1915,0.0
1915-03-28,1915,3.0
1915-03-29,1915,1.0
1915-03-30,1915,0.0
1915-03-31,1915,1.9
1915-04-01,1915,3.9
1915-04-02,1915,0.0
1915-04-03,1915,0.4
1915-04-04,1915,0.0
1915-04-05,1915,0.0
1915-04-06,1915,5.9
1915-04-07,1915,0.0
1915-04-08,1915,0.0
1915-04-09,1915,2.5
1915-04-10,1915,0.0
1915-04-11,1915,0.0
1915-04-12,1915,0.0
1915-04-13,1915,0.0
1915-04-14,1915,0.0
1915-04-15,1915,0.0
1915-04-16,1915,4.4
1915-04-17,1915,26.6
1915-04-18,1915,0.4
1915-04-19,1915,0.4
1915-04-20,1915,0.1
1915-04-21,1915,0.1
1915-04-22,1915,0.5
1915-04-23,1915,0.4
1915-04-24,1915,0.0
1915-04-25,1915,0.0
1915-04-26,1915,0.0
1915-04-27,1915,0.2
1915-04-28,1915,0.0
1915-04-29,1915,0.0
1915-04-30,1915,0.0
1915-05-01,1915,36.7
1915-05-02,1915,6.7
1915-05-03,1915,0.0
1915-05-04,1915,0.0
1915-05-05,1915,0.0
1915-05-06,1915,0.0
1915-05-07,1915,23.8
1915-05-08,1915,15.1
1915-05-09,1915,26.7
1915-05-10,1915,1.4
1915-05-11,1915,1.0
1915-05-12,1915,62.5
1915-05-13,1915,64.8
1915-05-14,1915,15.6
1915-05-15,1915,0.0
1915-05-16,1915,0.0
1915-05-17,1915,0.5
1915-05-18,1915,11.1
1915-05-19,1915,0.0
1915-05-20,1915,1.9
1915-05-21,1915,1.4
1915-05-22,1915,21.2
1915-05-23,1915,0.8
1915-05-24,1915,0.9
1915-05-25,1915,11.2
1915-05-26,1915,6.6
1915-05-27,1915,0.7
1915-05-28,1915,0.0
1915-05-29,1915,5.5
1915-05-30,1915,8.3
1915-05-31,1915,0.0
1915-06-01,1915,0.1
1915-06-02,1915,2.8
1915-06-03,1915,0.2
1915-06-04,1915,0.0
1915-06-05,1915,0.0
1915-06-06,1915,0.0
1915-06-07,1915,0.0
1915-06-08,1915,0.0
1915-06-09,1915,2.7
1915-06-10,1915,79.1
1915-06-11,1915,5.6
1915-06-12,1915,22.8
1915-06-13,1915,59.5
1915-06-14,1915,28.6
1915-06-15,1915,3.1
1915-06-16,1915,0.9
1915-06-17,1915,5.1
1915-06-18,1915,49.7
1915-06-19,1915,4.5
1915-06-20,1915,0.0
1915-06-21,1915,0.1
1915-06-22,1915,3.8
1915-06-23,1915,0.0
1915-06-24,1915,5.7
1915-06-25,1915,5.4
1915-06-26,1915,0.6
1915-06-27,1915,0.0
1915-06-28,1915,0.0
1915-06-29,1915,6.4
1915-06-30,1915,17.0
1915-07-01,1915,1.2
1915-07-02,1915,28.0
1915-07-03,1915,104.8
1915-07-04,1915,61.8
1915-07-05,1915,1.3
1915-07-06,1915,32.2
1915-07-07,1915,12.0
1915-07-08,1915,0.5
1915-07-09,1915,0.0
1915-07-10,1915,0.1
1915-07-11,1915,0.6
1915-07-12,1915,0.0
1915-07-13,1915,0.4
1915-07-14,1915,0.0
1915-07-15,1915,1.9
1915-07-16,1915,43.2
1915-07-17,1915,59.1
1915-07-18,1915,1.6
1915-07-19,1915,0.0
1915-07-20,1915,0.0
1915-07-21,1915,0.0
1915-07-22,1915,0.0
1915-07-23,1915,0.0
1915-07-24,1915,0.0
1915-07-25,1915,1.0
1915-07-26,1915,0.0
1915-07-27,1915,0.8
1915-07-28,1915,0.0
1915-07-29,1915,0.0
1915-07-30,1915,35.5
1915-07-31,1915,5.1
1915-08-01,1915,18.5
1915-08-02,1915,31.9
1915-08-03,1915,0.0
1915-08-04,1915,0.0
1915-08-05,1915,0.0
1915-08-06,1915,0.0
1915-08-07,1915,0.0
1915-08-08,1915,0.0
1915-08-09,1915,0.0
1915-08-10,1915,11.5
1915-08-11,1915,0.5
1915-08-12,1915,1.0
1915-08-13,1915,1.4
1915-08-14,1915,32.2
1915-08-15,1915,4.9
1915-08-16,1915,0.0
1915-08-17,1915,1.4
1915-08-18,1915,0.0
1915-08-19,1915,0.0
1915-08-20,1915,0.0
1915-08-21,1915,0.3
1915-08-22,1915,4.8
1915-08-23,1915,6.6
1915-08-24,1915,0.0
1915-08-25,1915,0.0
1915-08-26,1915,0.0
1915-08-27,1915,60.7
1915-08-28,1915,76.4
1915-08-29,1915,4.2
1915-08-30,1915,7.5
1915-08-31,1915,3.2
1915-09-01,1915,1.0
1915-09-02,1915,0.0
1915-09-03,1915,22.0
1915-09-04,1915,0.0
1915-09-05,1915,0.0
1915-09-06,1915,0.1
1915-09-07,1915,0.0
1915-09-08,1915,0.0
1915-09-09,1915,0.0
1915-09-10,1915,0.0
1915-09-11,1915,0.0
1915-09-12,1915,0.0
1915-09-13,1915,0.6
1915-09-14,1915,0.0
1915-09-15,1915,0.0
1915-09-16,1915,2.1
1915-09-17,1915,73.2
1915-09-18,1915,4.9
1915-09-19,1915,0.0
1915-09-20,1915,0.0
1915-09-21,1915,0.0
1915-09-22,1915,27.0
1915-09-23,1915,2.7
1915-09-24,1915,0.0
1915-09-25,1915,0.0
1915-09-26,1915,4.7
1915-09-27,1915,0.0
1915-09-28,1915,0.0
1915-09-29,1915,0.0
1915-09-30,1915,7.0
1915-10-01,1915,43.0
1915-10-02,1915,0.0
1915-10-03,1915,0.0
1915-10-04,1915,0.0
1915-10-05,1915,0.0
1915-10-06,1915,0.0
1915-10-07,1915,0.0
1915-10-08,1915,0.0
1915-10-09,1915,0.0
1915-10-10,1915,0.0
1915-10-11,1915,2.5
1915-10-12,1915,0.0
1915-10-13,1915,1.2
1915-10-14,1915,0.1
1915-10-15,1915,0.0
1915-10-16,1915,2.9
1915-10-17,1915,46.1
1915-10-18,1915,69.0
1915-10-19,1915,124.1
1915-10-20,1915,0.1
1915-10-21,1915,3.9
1915-10-22,1915,0.0
1915-10-23,1915,0.6
1915-10-24,1915,0.0
1915-10-25,1915,0.0
1915-10-26,1915,0.1
1915-10-27,1915,0.0
1915-10-28,1915,0.0
1915-10-29,1915,0.0
1915-10-30,1915,0.0
1915-10-31,1915,3.4
1915-11-01,1915,1.8
1915-11-02,1915,1.5
1915-11-03,1915,0.7
1915-11-04,1915,9.8
1915-11-05,1915,19.2
1915-11-06,1915,7.7
1915-11-07,1915,0.0
1915-11-08,1915,0.2
1915-11-09,1915,1.4
1915-11-10,1915,0.0
1915-11-11,1915,0.0
1915-11-12,1915,1.0
1915-11-13,1915,2.8
1915-11-14,1915,1.1
1915-11-15,1915,0.2
1915-11-16,1915,0.1
1915-11-17,1915,0.1
1915-11-18,1915,0.0
1915-11-19,1915,0.5
1915-11-20,1915,0.1
1915-11-21,1915,0.0
1915-11-22,1915,0.0
1915-11-23,1915,0.0
1915-11-24,1915,0.0
1915-11-25,1915,0.0
1915-11-26,1915,0.0
1915-11-27,1915,0.0
1915-11-28,1915,0.0
1915-11-29,1915,0.0
1915-11-30,1915,0.0
1915-12-01,1915,0.0
1915-12-02,1915,0.0
1915-12-03,1915,0.0
1915-12-04,1915,0.0
1915-12-05,1915,0.0
1915-12-06,1915,0.0
1915-12-07,1915,0.0
1915-12-08,1915,0.0
1915-12-09,1915,2.6
1915-12-10,1915,15.2
1915-12-11,1915,1.7
1915-12-12,1915,0.1
1915-12-13,1915,0.0
1915-12-14,1915,0.0
1915-12-15,1915,0.0
1915-12-16,1915,0.0
1915-12-17,1915,0.0
1915-12-18,1915,0.0
1915-12-19,1915,0.0
1915-12-20,1915,0.0
1915-12-21,1915,0.0
1915-12-22,1915,0.0
1915-12-23,1915,0.0
1915-12-24,1915,0.0
1915-12-25,1915,0.0
1915-12-26,1915,0.0
1915-12-27,1915,0.0
1915-12-28,1915,0.0
1915-12-29,1915,0.0
1915-12-30,1915,0.0
1915-12-31,1915,0.0
1916-01-01,1916,2.5
1916-01-02,1916,0.0
1916-01-03,1916,0.0
1916-01-04,1916,0.5
1916-01-05,1916,54.4
1916-01-06,1916,40.7
1916-01-07,1916,0.3
1916-01-08,1916,0.1
1916-01-09,1916,4.1
1916-01-10,1916,0.0
1916-01-11,1916,0.0
1916-01-12,1916,0.0
1916-01-13,1916,0.0
1916-01-14,1916,0.0
1916-01-15,1916,0.0
1916-01-16,1916,0.0
1916-01-17,1916,0.0
1916-01-18,1916,0.0
1916-01-19,1916,0.0
1916-01-20,1916,0.0
1916-01-21,1916,0.0
1916-01-22,1916,0.0
1916-01-23,1916,0.0
1916-01-24,1916,0.0
1916-01-25,1916,0.0
1916-01-26,1916,0.0
1916-01-27,1916,0.0
1916-01-28,1916,0.0
1916-01-29,1916,0.0
1916-01-30,1916,0.6
1916-01-31,1916,0.1
1916-02-01,1916,0.0
1916-02-02,1916,0.0
1916-02-03,1916,0.0
1916-02-04,1916,1.8
1916-02-05,1916,13.4
1916-02-06,1916,0.8
1916-02-07,1916,0.0
1916-02-08,1916,0.0
1916-02-09,1916,0.9
1916-02-10,1916,0.0
1916-02-11,1916,0.0
1916-02-12,1916,0.0
1916-02-13,1916,0.0
1916-02-14,1916,0.0
1916-02-15,1916,0.0
1916-02-16,1916,0.0
1916-02-17,1916,0.0
1916-02-18,1916,0.0
1916-02-19,1916,0.0
1916-02-20,1916,0.0
1916-02-21,1916,0.1
1916-02-22,1916,0.0
1916-02-23,1916,0.0
1916-02-24,1916,0.0
1916-02-25,1916,1.0
1916-02-26,1916,0.0
1916-02-27,1916,0.1
1916-02-28,1916,15.2
1916-02-29,1916,0.0
1916-03-01,1916,0.0
1916-03-02,1916,0.5
1916-03-03,1916,0.0
1916-03-04,1916,0.0
1916-03-05,1916,0.0
1916-03-06,1916,0.0
1916-03-07,1916,0.0
1916-03-08,1916,0.8
1916-03-09,1916,0.0
1916-03-10,1916,3.1
1916-03-11,1916,0.2
1916-03-12,1916,0.0
1916-03-13,1916,0.0
1916-03-14,1916,0.0
1916-03-15,1916,0.0
1916-03-16,1916,0.0
1916-03-17,1916,0.0
1916-03-18,1916,0.8
1916-03-19,1916,0.0
1916-03-20,1916,0.0
1916-03-21,1916,1.9
1916-03-22,1916,0.4
1916-03-23,1916,0.0
1916-03-24,1916,0.7
1916-03-25,1916,0.0
1916-03-26,1916,0.0
1916-03-27,1916,0.0
1916-03-28,1916,0.0
1916-03-29,1916,0.5
1916-03-30,1916,0.0
1916-03-31,1916,0.0
1916-04-01,1916,29.8
1916-04-02,1916,14.1
1916-04-03,1916,18.5
1916-04-04,1916,0.6
1916-04-05,1916,0.4
1916-04-06,1916,0.0
1916-04-07,1916,0.0
1916-04-08,1916,0.0
1916-04-09,1916,0.0
1916-04-10,1916,43.9
1916-04-11,1916,0.6
1916-04-12,1916,0.0
1916-04-13,1916,0.0
1916-04-14,1916,0.0
1916-04-15,1916,0.0
1916-04-16,1916,0.0
1916-04-17,1916,0.0
1916-04-18,1916,0.0
1916-04-19,1916,1.0
1916-04-20,1916,0.0
1916-04-21,1916,0.0
1916-04-22,1916,0.0
1916-04-23,1916,0.1
1916-04-24,1916,0.0
1916-04-25,1916,0.0
1916-04-26,1916,0.0
1916-04-27,1916,0.0
1916-04-28,1916,0.0
1916-04-29,1916,0.0
1916-04-30,1916,0.0
1916-05-01,1916,17.6
1916-05-02,1916,0.0
1916-05-03,1916,0.0
1916-05-04,1916,0.0
1916-05-05,1916,0.0
1916-05-06,1916,0.0
1916-05-07,1916,0.0
1916-05-08,1916,0.0
1916-05-09,1916,0.0
1916-05-10,1916,0.0
1916-05-11,1916,0.0
1916-05-12,1916,0.0
1916-05-13,1916,0.0
1916-05-14,1916,0.5
1916-05-15,1916,8.7
1916-05-16,1916,14.5
1916-05-17,1916,2.7
1916-05-18,1916,1.4
1916-05-19,1916,77.5
1916-05-20,1916,0.5
1916-05-21,1916,73.8
1916-05-22,1916,31.5
1916-05-23,1916,3.1
1916-05-24,1916,1.1
1916-05-25,1916,0.0
1916-05-26,1916,0.0
1916-05-27,1916,0.0
1916-05-28,1916,0.0
1916-05-29,1916,0.0
1916-05-30,1916,1.4
1916-05-31,1916,93.5
1916-06-01,1916,231.7
1916-06-02,1916,212.7
1916-06-03,1916,50.0
1916-06-04,1916,27.9
1916-06-05,1916,31.7
1916-06-06,1916,7.8
1916-06-07,1916,35.2
1916-06-08,1916,11.9
1916-06-09,1916,38.2
1916-06-10,1916,11.7
1916-06-11,1916,4.4
1916-06-12,1916,17.0
1916-06-13,1916,5.0
1916-06-14,1916,0.0
1916-06-15,1916,0.7
1916-06-16,1916,17.0
1916-06-17,1916,7.9
1916-06-18,1916,6.5
1916-06-19,1916,0.0
1916-06-20,1916,0.0
1916-06-21,1916,3.7
1916-06-22,1916,5.3
1916-06-23,1916,45.5
1916-06-24,1916,37.1
1916-06-25,1916,5.3
1916-06-26,1916,1.7
1916-06-27,1916,0.4
1916-06-28,1916,0.5
1916-06-29,1916,0.0
1916-06-30,1916,0.0
1916-07-01,1916,0.0
1916-07-02,1916,0.0
1916-07-03,1916,0.0
1916-07-04,1916,3.0
1916-07-05,1916,0.8
1916-07-06,1916,22.9
1916-07-07,1916,27.6
1916-07-08,1916,68.2
1916-07-09,1916,60.6
1916-07-10,1916,1.4
1916-07-11,1916,0.0
1916-07-12,1916,0.0
1916-07-13,1916,0.0
1916-07-14,1916,0.0
1916-07-15,1916,0.0
1916-07-16,1916,0.0
1916-07-17,1916,0.0
1916-07-18,1916,0.3
1916-07-19,1916,2.8
1916-07-20,1916,3.7
1916-07-21,1916,0.0
1916-07-22,1916,0.0
1916-07-23,1916,0.0
1916-07-24,1916,0.0
1916-07-25,1916,0.4
1916-07-26,1916,0.0
1916-07-27,1916,0.0
1916-07-28,1916,5.1
1916-07-29,1916,14.2
1916-07-30,1916,0.0
1916-07-31,1916,0.0
1916-08-01,1916,7.6
1916-08-02,1916,0.0
1916-08-03,1916,0.0
1916-08-04,1916,3.0
1916-08-05,1916,0.0
1916-08-06,1916,0.0
1916-08-07,1916,18.1
1916-08-08,1916,1.0
1916-08-09,1916,2.7
1916-08-10,1916,7.1
1916-08-11,1916,0.0
1916-08-12,1916,0.0
1916-08-13,1916,1.5
1916-08-14,1916,0.9
1916-08-15,1916,0.0
1916-08-16,1916,6.1
1916-08-17,1916,9.1
1916-08-18,1916,0.0
1916-08-19,1916,2.8
1916-08-20,1916,52.6
1916-08-21,1916,1.3
1916-08-22,1916,11.5
1916-08-23,1916,0.9
1916-08-24,1916,0.0
1916-08-25,1916,0.0
1916-08-26,1916,0.0
1916-08-27,1916,0.0
1916-08-28,1916,0.0
1916-08-29,1916,0.0
1916-08-30,1916,1.8
1916-08-31,1916,0.0
1916-09-01,1916,0.0
1916-09-02,1916,0.0
1916-09-03,1916,4.3
1916-09-04,1916,0.0
1916-09-05,1916,3.0
1916-09-06,1916,17.8
1916-09-07,1916,21.2
1916-09-08,1916,0.9
1916-09-09,1916,0.0
1916-09-10,1916,0.0
1916-09-11,1916,0.0
1916-09-12,1916,0.7
1916-09-13,1916,31.9
1916-09-14,1916,0.0
1916-09-15,1916,0.0
1916-09-16,1916,0.0
1916-09-17,1916,18.6
1916-09-18,1916,7.5
1916-09-19,1916,17.7
1916-09-20,1916,22.0
1916-09-21,1916,14.6
1916-09-22,1916,0.0
1916-09-23,1916,0.0
1916-09-24,1916,0.0
1916-09-25,1916,0.0
1916-09-26,1916,28.5
1916-09-27,1916,69.9
1916-09-28,1916,8.5
1916-09-29,1916,0.0
1916-09-30,1916,0.1
1916-10-01,1916,0.3
1916-10-02,1916,2.8
1916-10-03,1916,0.4
1916-10-04,1916,0.0
1916-10-05,1916,0.0
1916-10-06,1916,0.0
1916-10-07,1916,0.0
1916-10-08,1916,0.0
1916-10-09,1916,0.0
1916-10-10,1916,0.0
1916-10-11,1916,0.0
1916-10-12,1916,0.0
1916-10-13,1916,0.0
1916-10-14,1916,0.0
1916-10-15,1916,0.0
1916-10-16,1916,0.0
1916-10-17,1916,0.0
1916-10-18,1916,0.0
1916-10-19,1916,0.0
1916-10-20,1916,2.3
1916-10-21,1916,8.2
1916-10-22,1916,0.0
1916-10-23,1916,0.0
1916-10-24,1916,4.6
1916-10-25,1916,0.0
1916-10-26,1916,0.0
1916-10-27,1916,0.0
1916-10-28,1916,0.0
1916-10-29,1916,0.0
1916-10-30,1916,0.0
1916-10-31,1916,0.0
1916-11-01,1916,0.0
1916-11-02,1916,0.0
1916-11-03,1916,0.0
1916-11-04,1916,0.0
1916-11-05,1916,0.0
1916-11-06,1916,0.0
1916-11-07,1916,0.0
1916-11-08,1916,0.0
1916-11-09,1916,0.0
1916-11-10,1916,0.0
1916-11-11,1916,0.0
1916-11-12,1916,0.0
1916-11-13,1916,1.9
1916-11-14,1916,0.0
1916-11-15,1916,0.0
1916-11-16,1916,0.0
1916-11-17,1916,0.0
1916-11-18,1916,0.0
1916-11-19,1916,0.0
1916-11-20,1916,0.0
1916-11-21,1916,0.0
1916-11-22,1916,0.0
1916-11-23,1916,0.0
1916-11-24,1916,0.0
1916-11-25,1916,0.0
1916-11-26,1916,0.0
1916-11-27,1916,0.0
1916-11-28,1916,0.0
1916-11-29,1916,0.0
1916-11-30,1916,0.0
1916-12-01,1916,0.0
1916-12-02,1916,0.0
1916-12-03,1916,0.0
1916-12-04,1916,0.0
1916-12-05,1916,0.0
1916-12-06,1916,0.0
1916-12-07,1916,0.0
1916-12-08,1916,0.0
1916-12-09,1916,0.0
1916-12-10,1916,0.0
1916-12-11,1916,0.0
1916-12-12,1916,0.0
1916-12-13,1916,0.0
1916-12-14,1916,0.0
1916-12-15,1916,0.0
1916-12-16,1916,0.0
1916-12-17,1916,0.0
1916-12-18,1916,0.0
1916-12-19,1916,0.0
1916-12-20,1916,0.0
1916-12-21,1916,0.0
1916-12-22,1916,0.0
1916-12-23,1916,1.3
1916-12-24,1916,0.0
1916-12-25,1916,0.0
1916-12-26,1916,0.0
1916-12-27,1916,0.0
1916-12-28,1916,0.0
1916-12-29,1916,0.0
1916-12-30,1916,0.0
1916-12-31,1916,0.0
1917-01-01,1917,0.1
1917-01-02,1917,0.2
1917-01-03,1917,0.0
1917-01-04,1917,0.0
1917-01-05,1917,1.2
1917-01-06,1917,3.6
1917-01-07,1917,3.3
1917-01-08,1917,0.2
1917-01-09,1917,0.0
1917-01-10,1917,0.0
1917-01-11,1917,0.0
1917-01-12,1917,0.0
1917-01-13,1917,0.0
1917-01-14,1917,0.0
1917-01-15,1917,0.0
1917-01-16,1917,0.0
1917-01-17,1917,0.0
1917-01-18,1917,0.0
1917-01-19,1917,0.0
1917-01-20,1917,0.0
1917-01-21,1917,0.0
1917-01-22,1917,0.0
1917-01-23,1917,0.0
1917-01-24,1917,0.0
1917-01-25,1917,0.0
1917-01-26,1917,0.0
1917-01-27,1917,0.0
1917-01-28,1917,0.0
1917-01-29,1917,0.0
1917-01-30,1917,0.0
1917-01-31,1917,0.0
1917-02-01,1917,0.0
1917-02-02,1917,0.0
1917-02-03,1917,0.0
1917-02-04,1917,0.0
1917-02-05,1917,0.0
1917-02-06,1917,1.1
1917-02-07,1917,1.2
1917-02-08,1917,1.5
1917-02-09,1917,0.0
1917-02-10,1917,0.0
1917-02-11,1917,0.9
1917-02-12,1917,2.5
1917-02-13,1917,0.0
1917-02-14,1917,0.0
1917-02-15,1917,0.0
1917-02-16,1917,0.0
1917-02-17,1917,0.0
1917-02-18,1917,0.0
1917-02-19,1917,0.0
1917-02-20,1917,1.8
1917-02-21,1917,0.0
1917-02-22,1917,0.0
1917-02-23,1917,0.0
1917-02-24,1917,0.0
1917-02-25,1917,0.3
1917-02-26,1917,0.0
1917-02-27,1917,0.0
1917-02-28,1917,1.0
1917-03-01,1917,23.3
1917-03-02,1917,3.8
1917-03-03,1917,0.3
1917-03-04,1917,0.4
1917-03-05,1917,0.4
1917-03-06,1917,0.4
1917-03-07,1917,0.0
1917-03-08,1917,0.0
1917-03-09,1917,0.0
1917-03-10,1917,0.0
1917-03-11,1917,0.0
1917-03-12,1917,0.0
1917-03-13,1917,0.0
1917-03-14,1917,0.0
1917-03-15,1917,0.0
1917-03-16,1917,0.0
1917-03-17,1917,0.0
1917-03-18,1917,0.0
1917-03-19,1917,0.0
1917-03-20,1917,0.0
1917-03-21,1917,0.0
1917-03-22,1917,0.0
1917-03-23,1917,0.0
1917-03-24,1917,0.5
1917-03-25,1917,0.2
1917-03-26,1917,38.1
1917-03-27,1917,0.0
1917-03-28,1917,0.0
1917-03-29,1917,0.0
1917-03-30,1917,0.0
1917-03-31,1917,0.0
1917-04-01,1917,0.0
1917-04-02,1917,0.0
1917-04-03,1917,0.0
1917-04-04,1917,0.0
1917-04-05,1917,0.0
1917-04-06,1917,0.0
1917-04-07,1917,0.0
1917-04-08,1917,10.3
1917-04-09,1917,0.4
1917-04-10,1917,0.0
1917-04-11,1917,0.0
1917-04-12,1917,66.9
1917-04-13,1917,2.6
1917-04-14,1917,3.3
1917-04-15,1917,6.9
1917-04-16,1917,0.0
1917-04-17,1917,3.6
1917-04-18,1917,2.2
1917-04-19,1917,2.9
1917-04-20,1917,6.2
1917-04-21,1917,6.6
1917-04-22,1917,1.1
1917-04-23,1917,0.0
1917-04-25,1917,0.0
1917-04-26,1917,0.1
1917-04-27,1917,0.4
1917-04-28,1917,7.1
1917-04-29,1917,5.4
1917-04-30,1917,7.2
1917-05-01,1917,0.0
1917-05-02,1917,0.0
1917-05-03,1917,0.0
1917-05-04,1917,0.0
1917-05-05,1917,15.7
1917-05-06,1917,0.3
1917-05-07,1917,0.0
1917-05-08,1917,0.3
1917-05-11,1917,0.1
1917-05-12,1917,0.0
1917-05-13,1917,0.0
1917-05-14,1917,0.0
1917-05-15,1917,9.1
1917-05-16,1917,92.2
1917-05-17,1917,51.5
1917-05-18,1917,0.5
1917-05-19,1917,0.0
1917-05-20,1917,0.0
1917-05-21,1917,0.0
1917-05-22,1917,0.0
1917-05-23,1917,0.0
1917-05-24,1917,47.2
1917-05-25,1917,9.3
1917-05-26,1917,5.3
1917-05-27,1917,6.1
1917-05-28,1917,2.3
1917-05-29,1917,5.6
1917-05-30,1917,0.8
1917-05-31,1917,0.0
1917-06-01,1917,2.7
1917-06-02,1917,2.9
1917-06-03,1917,11.5
1917-06-04,1917,4.0
1917-06-05,1917,1.8
1917-06-06,1917,0.9
1917-06-07,1917,35.6
1917-06-08,1917,30.5
1917-06-09,1917,0.0
1917-06-10,1917,9.4
1917-06-11,1917,0.3
1917-06-12,1917,0.6
1917-06-13,1917,2.8
1917-06-14,1917,0.3
1917-06-15,1917,5.1
1917-06-16,1917,0.1
1917-06-17,1917,5.1
1917-06-18,1917,5.3
1917-06-19,1917,28.0
1917-06-20,1917,6.5
1917-06-21,1917,0.5
1917-06-22,1917,10.7
1917-06-23,1917,7.3
1917-06-24,1917,24.8
1917-06-25,1917,24.2
1917-06-26,1917,1.4
1917-06-27,1917,3.4
1917-06-28,1917,4.5
1917-06-29,1917,0.6
1917-06-30,1917,61.7
1917-07-02,1917,0.1
1917-07-03,1917,0.0
1917-07-04,1917,0.0
1917-07-05,1917,0.0
1917-07-06,1917,0.0
1917-07-07,1917,0.0
1917-07-08,1917,0.0
1917-07-09,1917,0.1
1917-07-10,1917,22.7
1917-07-11,1917,0.0
1917-07-12,1917,0.0
1917-07-13,1917,16.6
1917-07-14,1917,10.9
1917-07-15,1917,205.8
1917-07-16,1917,98.8
1917-07-17,1917,17.3
1917-07-18,1917,0.0
1917-07-19,1917,0.0
1917-07-20,1917,1.9
1917-07-21,1917,0.9
1917-07-22,1917,0.0
1917-07-23,1917,37.8
1917-07-24,1917,58.8
1917-07-25,1917,104.4
1917-07-26,1917,9.6
1917-07-27,1917,58.0
1917-07-28,1917,84.5
1917-07-29,1917,35.6
1917-07-30,1917,0.0
1917-08-01,1917,14.7
1917-08-02,1917,11.5
1917-08-04,1917,0.0
1917-08-05,1917,3.7
1917-08-06,1917,22.1
1917-08-07,1917,20.0
1917-08-08,1917,1.5
1917-08-09,1917,8.6
1917-08-10,1917,0.0
1917-08-11,1917,0.0
1917-08-12,1917,35.6
1917-08-13,1917,109.5
1917-08-14,1917,15.2
1917-08-15,1917,0.0
1917-08-16,1917,0.0
1917-08-17,1917,0.0
1917-08-18,1917,0.0
1917-08-19,1917,0.0
1917-08-20,1917,7.6
1917-08-21,1917,9.0
1917-08-22,1917,36.2
1917-08-23,1917,8.3
1917-08-24,1917,0.0
1917-08-25,1917,0.0
1917-08-26,1917,0.0
1917-08-27,1917,0.0
1917-08-28,1917,0.0
1917-08-29,1917,0.0
1917-08-30,1917,0.0
1917-08-31,1917,0.0
1917-09-01,1917,0.0
1917-09-03,1917,10.5
1917-09-04,1917,8.7
1917-09-05,1917,4.5
1917-09-06,1917,1.6
1917-09-07,1917,0.0
1917-09-08,1917,0.0
1917-09-09,1917,0.0
1917-09-10,1917,0.0
1917-09-11,1917,0.0
1917-09-12,1917,0.0
1917-09-13,1917,0.0
1917-09-14,1917,7.1
1917-09-15,1917,0.0
1917-09-16,1917,0.0
1917-09-17,1917,0.2
1917-09-18,1917,0.0
1917-09-19,1917,0.0
1917-09-20,1917,0.0
1917-09-21,1917,26.5
1917-09-22,1917,0.0
1917-09-23,1917,24.4
1917-09-24,1917,0.4
1917-09-26,1917,2.9
1917-09-29,1917,4.7
1917-09-30,1917,32.1
1917-10-01,1917,21.8
1917-10-02,1917,0.0
1917-10-03,1917,0.0
1917-10-04,1917,0.0
1917-10-05,1917,0.0
1917-10-08,1917,0.0
1917-10-09,1917,0.0
1917-10-10,1917,0.0
1917-10-11,1917,0.0
1917-10-12,1917,0.0
1917-10-13,1917,0.2
1917-10-14,1917,0.0
1917-10-15,1917,0.0
1917-10-16,1917,0.0
1917-10-17,1917,0.0
1917-10-18,1917,0.0
1917-10-19,1917,0.0
1917-10-20,1917,0.8
1917-10-21,1917,3.7
1917-10-22,1917,0.0
1917-10-23,1917,0.0
1917-10-24,1917,0.0
1917-10-25,1917,0.0
1917-10-26,1917,0.0
1917-10-27,1917,0.0
1917-10-28,1917,0.9
1917-10-29,1917,60.7
1917-10-31,1917,0.0
1917-11-01,1917,2.4
1917-11-02,1917,0.0
1917-11-04,1917,0.0
1917-11-07,1917,0.0
1917-11-08,1917,0.0
1917-11-09,1917,0.0
1917-11-10,1917,0.0
1917-11-11,1917,0.0
1917-11-13,1917,0.0
1917-11-14,1917,0.0
1917-11-15,1917,0.0
1917-11-16,1917,0.0
1917-11-17,1917,0.0
1917-11-18,1917,0.0
1917-11-19,1917,0.0
1917-11-20,1917,0.0
1917-11-21,1917,0.0
1917-11-22,1917,0.0
1917-11-23,1917,0.0
1917-11-24,1917,0.0
1917-11-25,1917,0.0
1917-11-26,1917,0.0
1917-11-27,1917,0.0
1917-11-28,1917,0.0
1917-12-01,1917,0.0
1917-12-02,1917,0.0
1917-12-03,1917,0.0
1917-12-04,1917,0.0
1917-12-05,1917,0.0
1917-12-06,1917,0.0
1917-12-07,1917,0.0
1917-12-08,1917,0.0
1917-12-09,1917,0.0
1917-12-10,1917,0.0
1917-12-11,1917,0.0
1917-12-13,1917,18.5
1917-12-14,1917,9.4
1917-12-15,1917,0.9
1917-12-16,1917,0.0
1917-12-17,1917,0.0
1917-12-18,1917,0.0
1917-12-20,1917,0.0
1917-12-21,1917,0.0
1917-12-22,1917,0.0
1917-12-23,1917,0.0
1917-12-24,1917,0.0
1917-12-25,1917,0.0
1917-12-26,1917,0.0
1917-12-27,1917,0.0
1917-12-28,1917,0.0
1917-12-29,1917,0.0
1917-12-30,1917,0.0
1917-12-31,1917,0.0
1918-01-01,1918,0.0
1918-01-02,1918,0.0
1918-01-03,1918,0.0
1918-01-04,1918,0.0
1918-01-05,1918,0.0
1918-01-06,1918,0.0
1918-01-07,1918,0.0
1918-01-08,1918,0.0
1918-01-09,1918,0.0
1918-01-10,1918,0.0
1918-01-11,1918,0.0
1918-01-12,1918,0.0
1918-01-13,1918,0.0
1918-01-14,1918,0.0
1918-01-15,1918,0.0
1918-01-16,1918,0.0
1918-01-17,1918,0.0
1918-01-18,1918,0.0
1918-01-19,1918,0.0
1918-01-20,1918,0.0
1918-01-21,1918,0.0
1918-01-22,1918,0.0
1918-01-23,1918,0.0
1918-01-24,1918,0.0
1918-01-25,1918,0.1
1918-01-26,1918,0.1
1918-01-27,1918,0.0
1918-01-28,1918,0.0
1918-01-29,1918,0.0
1918-01-30,1918,0.0
1918-01-31,1918,0.0
1918-02-01,1918,0.0
1918-02-02,1918,0.2
1918-02-05,1918,0.0
1918-02-07,1918,0.0
1918-02-08,1918,0.0
1918-02-09,1918,0.0
1918-02-11,1918,0.0
1918-02-12,1918,0.0
1918-02-13,1918,0.0
1918-02-14,1918,0.0
1918-02-15,1918,0.0
1918-02-16,1918,0.0
1918-02-17,1918,0.0
1918-02-18,1918,0.0
1918-02-19,1918,0.0
1918-02-20,1918,0.0
1918-02-21,1918,0.0
1918-02-22,1918,0.0
1918-02-23,1918,0.0
1918-02-24,1918,0.0
1918-02-25,1918,0.0
1918-02-26,1918,0.0
1918-02-27,1918,0.0
1918-02-28,1918,0.1
1918-03-01,1918,0.1
1918-03-02,1918,0.0
1918-03-03,1918,0.0
1918-03-04,1918,0.0
1918-03-05,1918,0.0
1918-03-06,1918,0.0
1918-03-07,1918,0.1
1918-03-09,1918,0.0
1918-03-12,1918,0.0
1918-03-13,1918,6.0
1918-03-14,1918,0.3
1918-03-15,1918,0.0
1918-03-16,1918,0.0
1918-03-17,1918,0.0
1918-03-18,1918,0.0
1918-03-19,1918,2.6
1918-03-20,1918,0.1
1918-03-21,1918,0.3
1918-03-22,1918,0.2
1918-03-24,1918,0.4
1918-03-25,1918,0.3
1918-03-27,1918,1.2
1918-03-28,1918,11.2
1918-03-29,1918,5.1
1918-03-31,1918,0.1
1918-04-01,1918,0.0
1918-04-02,1918,0.0
1918-04-03,1918,1.0
1918-04-04,1918,1.7
1918-04-05,1918,0.2
1918-04-07,1918,23.6
1918-04-08,1918,0.5
1918-04-09,1918,2.1
1918-04-10,1918,6.4
1918-04-11,1918,3.0
1918-04-12,1918,10.1
1918-04-13,1918,5.8
1918-04-15,1918,0.0
1918-04-16,1918,0.0
1918-04-17,1918,0.0
1918-04-18,1918,0.0
1918-04-19,1918,0.0
1918-04-21,1918,0.0
1918-04-22,1918,0.0
1918-04-23,1918,0.0
1918-04-24,1918,0.0
1918-04-25,1918,0.0
1918-04-26,1918,0.0
1918-04-27,1918,0.0
1918-04-29,1918,21.3
1918-04-30,1918,36.8
1918-05-01,1918,0.0
1918-05-02,1918,0.3
1918-05-04,1918,15.1
1918-05-05,1918,0.9
1918-05-06,1918,1.2
1918-05-07,1918,1.9
1918-05-08,1918,40.9
1918-05-10,1918,0.0
1918-05-11,1918,0.0
1918-05-12,1918,0.0
1918-05-13,1918,0.0
1918-05-14,1918,0.6
1918-05-15,1918,0.9
1918-05-16,1918,2.0
1918-05-17,1918,13.7
1918-05-18,1918,0.5
1918-05-19,1918,0.0
1918-05-20,1918,0.3
1918-05-21,1918,0.0
1918-05-22,1918,0.0
1918-05-23,1918,6.0
1918-05-24,1918,4.8
1918-05-25,1918,7.1
1918-05-26,1918,4.5
1918-05-28,1918,1.1
1918-05-29,1918,66.4
1918-05-30,1918,0.6
1918-06-01,1918,0.9
1918-06-02,1918,8.2
1918-06-03,1918,28.4
1918-06-04,1918,30.5
1918-06-05,1918,5.6
1918-06-06,1918,28.9
1918-06-07,1918,9.2
1918-06-08,1918,0.7
1918-06-09,1918,28.6
1918-06-10,1918,22.7
1918-06-11,1918,21.9
1918-06-12,1918,72.0
1918-06-13,1918,30.4
1918-06-14,1918,60.4
1918-06-15,1918,77.1
1918-06-16,1918,54.4
1918-06-17,1918,126.9
1918-06-18,1918,9.2
1918-06-19,1918,10.8
1918-06-21,1918,0.1
1918-06-24,1918,0.9
1918-06-25,1918,1.4
1918-06-26,1918,0.0
1918-06-27,1918,0.3
1918-06-28,1918,0.0
1918-06-29,1918,0.0
1918-07-01,1918,107.0
1918-07-02,1918,10.5
1918-07-03,1918,0.6
1918-07-05,1918,2.8
1918-07-06,1918,8.5
1918-07-07,1918,6.3
1918-07-08,1918,1.8
1918-07-09,1918,4.7
1918-07-10,1918,1.9
1918-07-11,1918,0.0
1918-07-12,1918,0.0
1918-07-13,1918,0.0
1918-07-14,1918,0.0
1918-07-15,1918,2.0
1918-07-16,1918,15.5
1918-07-17,1918,7.2
1918-07-18,1918,0.0
1918-07-19,1918,0.0
1918-07-20,1918,13.1
1918-07-21,1918,9.0
1918-07-22,1918,0.0
1918-07-23,1918,21.8
1918-07-24,1918,0.9
1918-07-25,1918,0.0
1918-07-26,1918,0.0
1918-07-27,1918,0.0
1918-07-29,1918,27.9
1918-07-30,1918,32.7
1918-07-31,1918,22.0
1918-08-01,1918,45.4
1918-08-02,1918,103.6
1918-08-03,1918,187.8
1918-08-04,1918,129.9
1918-08-05,1918,22.7
1918-08-06,1918,1.0
1918-08-07,1918,0.6
1918-08-09,1918,9.3
1918-08-10,1918,0.1
1918-08-11,1918,6.0
1918-08-12,1918,5.2
1918-08-14,1918,22.9
1918-08-15,1918,110.7
1918-08-16,1918,2.2
1918-08-17,1918,0.1
1918-08-18,1918,0.0
1918-08-19,1918,0.0
1918-08-20,1918,0.0
1918-08-21,1918,1.2
1918-08-22,1918,3.6
1918-08-23,1918,0.0
1918-08-24,1918,0.0
1918-08-25,1918,0.0
1918-08-26,1918,46.9
1918-08-27,1918,24.8
1918-08-28,1918,16.9
1918-08-29,1918,0.0
1918-08-30,1918,0.4
1918-08-31,1918,1.5
1918-09-01,1918,13.1
1918-09-02,1918,34.7
1918-09-03,1918,0.9
1918-09-04,1918,0.0
1918-09-05,1918,0.0
1918-09-06,1918,0.0
1918-09-07,1918,0.0
1918-09-08,1918,4.6
1918-09-09,1918,8.7
1918-09-10,1918,0.5
1918-09-11,1918,0.0
1918-09-13,1918,0.0
1918-09-16,1918,34.8
1918-09-17,1918,17.2
1918-09-18,1918,0.9
1918-09-19,1918,70.9
1918-09-20,1918,98.2
1918-09-21,1918,135.5
1918-09-22,1918,42.5
1918-09-23,1918,0.0
1918-09-24,1918,0.0
1918-09-25,1918,0.0
1918-09-26,1918,0.6
1918-09-27,1918,2.0
1918-09-28,1918,3.1
1918-09-29,1918,0.4
1918-10-01,1918,0.0
1918-10-02,1918,0.0
1918-10-03,1918,0.0
1918-10-04,1918,0.0
1918-10-05,1918,0.0
1918-10-06,1918,0.0
1918-10-08,1918,0.0
1918-10-09,1918,0.0
1918-10-10,1918,0.0
1918-10-11,1918,0.0
1918-10-12,1918,1.2
1918-10-13,1918,0.0
1918-10-14,1918,0.0
1918-10-15,1918,0.0
1918-10-16,1918,0.0
1918-10-17,1918,0.0
1918-10-18,1918,0.0
1918-10-21,1918,0.0
1918-10-22,1918,0.0
1918-10-23,1918,0.0
1918-10-24,1918,0.0
1918-10-25,1918,0.0
1918-10-26,1918,0.0
1918-10-27,1918,0.0
1918-10-28,1918,0.0
1918-10-29,1918,0.0
1918-10-30,1918,0.0
1918-11-02,1918,0.0
1918-11-03,1918,0.0
1918-11-04,1918,0.5
1918-11-06,1918,0.0
1918-11-07,1918,0.8
1918-11-08,1918,2.8
1918-11-09,1918,0.2
1918-11-10,1918,0.0
1918-11-11,1918,0.0
1918-11-13,1918,1.2
1918-11-14,1918,0.0
1918-11-15,1918,0.0
1918-11-19,1918,3.0
1918-11-20,1918,0.1
1918-11-21,1918,48.2
1918-11-22,1918,1.2
1918-11-23,1918,1.0
1918-11-24,1918,6.6
1918-11-25,1918,56.3
1918-11-26,1918,2.7
1918-11-27,1918,0.1
1918-11-30,1918,4.2
1918-12-01,1918,0.0
1918-12-02,1918,0.0
1918-12-03,1918,0.0
1918-12-04,1918,0.0
1918-12-05,1918,0.1
1918-12-07,1918,0.0
1918-12-10,1918,0.2
1918-12-11,1918,0.0
1918-12-12,1918,2.1
1918-12-13,1918,0.1
1918-12-15,1918,0.2
1918-12-17,1918,0.0
1918-12-22,1918,0.1
1918-12-23,1918,0.5
1918-12-25,1918,0.0
1918-12-26,1918,0.0
1918-12-27,1918,0.0
1918-12-28,1918,0.0
1918-12-29,1918,0.0
1918-12-30,1918,0.0
1919-01-01,1919,4.6
1919-01-02,1919,0.0
1919-01-03,1919,0.0
1919-01-04,1919,0.0
1919-01-05,1919,0.0
1919-01-06,1919,0.0
1919-01-07,1919,0.0
1919-01-09,1919,1.0
1919-01-11,1919,0.0
1919-01-12,1919,0.0
1919-01-15,1919,1.8
1919-01-18,1919,0.0
1919-01-19,1919,0.0
1919-01-20,1919,0.0
1919-01-21,1919,0.2
1919-01-22,1919,1.3
1919-01-23,1919,0.2
1919-01-25,1919,0.5
1919-01-28,1919,0.2
1919-01-29,1919,0.8
1919-01-30,1919,3.3
1919-01-31,1919,1.9
1919-02-03,1919,8.9
1919-02-04,1919,4.3
1919-02-05,1919,0.0
1919-02-07,1919,0.0
1919-02-10,1919,2.0
1919-02-13,1919,0.4
1919-02-14,1919,0.0
1919-02-15,1919,0.2
1919-02-17,1919,0.0
1919-02-18,1919,0.0
1919-02-20,1919,17.8
1919-02-21,1919,0.0
1919-02-22,1919,3.8
1919-02-23,1919,0.8
1919-02-24,1919,0.0
1919-02-25,1919,0.0
1919-02-26,1919,0.0
1919-02-27,1919,0.0
1919-03-04,1919,0.0
1919-03-06,1919,0.0
1919-03-07,1919,0.0
1919-03-08,1919,0.0
1919-03-12,1919,0.5
1919-03-13,1919,0.5
1919-03-14,1919,0.2
1919-03-15,1919,1.2
1919-03-16,1919,0.3
1919-03-17,1919,0.0
1919-03-18,1919,0.0
1919-03-19,1919,0.0
1919-03-20,1919,0.0
1919-03-21,1919,0.0
1919-03-24,1919,3.2
1919-03-25,1919,0.0
1919-03-26,1919,0.5
1919-03-28,1919,0.5
1919-03-29,1919,5.1
1919-03-30,1919,9.8
1919-03-31,1919,22.9
1919-04-01,1919,6.8
1919-04-02,1919,0.5
1919-04-03,1919,4.0
1919-04-04,1919,4.8
1919-04-05,1919,0.0
1919-04-06,1919,0.0
1919-04-07,1919,0.0
1919-04-08,1919,0.0
1919-04-09,1919,0.0
1919-04-10,1919,0.0
1919-04-11,1919,31.6
1919-04-12,1919,26.4
1919-04-14,1919,1.0
1919-04-15,1919,32.9
1919-04-16,1919,0.7
1919-04-19,1919,1.2
1919-04-20,1919,0.2
1919-04-21,1919,0.7
1919-04-22,1919,1.0
1919-04-25,1919,0.0
1919-04-26,1919,0.0
1919-04-27,1919,0.0
1919-04-28,1919,0.0
1919-04-29,1919,0.6
1919-05-02,1919,0.0
1919-05-03,1919,0.0
1919-05-04,1919,0.0
1919-05-06,1919,0.0
1919-05-07,1919,0.0
1919-05-08,1919,0.0
1919-05-11,1919,35.6
1919-05-12,1919,16.8
1919-05-13,1919,36.1
1919-05-14,1919,6.4
1919-05-15,1919,1.7
1919-05-17,1919,0.0
1919-05-19,1919,0.0
1919-05-20,1919,0.0
1919-05-21,1919,12.9
1919-05-22,1919,0.1
1919-05-23,1919,2.7
1919-05-24,1919,2.1
1919-05-25,1919,6.2
1919-05-26,1919,0.7
1919-05-27,1919,0.0
1919-05-28,1919,0.0
1919-05-29,1919,8.9
1919-05-30,1919,7.0
1919-05-31,1919,39.1
1919-06-01,1919,3.3
1919-06-03,1919,0.0
1919-06-04,1919,0.4
1919-06-06,1919,3.3
1919-06-07,1919,3.6
1919-06-08,1919,17.0
1919-06-10,1919,0.0
1919-06-11,1919,0.0
1919-06-12,1919,19.7
1919-06-13,1919,63.9
1919-06-14,1919,48.3
1919-06-15,1919,3.2
1919-06-16,1919,22.2
1919-06-17,1919,45.3
1919-06-18,1919,0.1
1919-06-19,1919,5.7
1919-06-20,1919,0.9
1919-06-22,1919,6.1
1919-06-23,1919,2.5
1919-06-26,1919,0.0
1919-06-28,1919,24.0
1919-06-29,1919,4.7
1919-07-02,1919,0.0
1919-07-03,1919,25.6
1919-07-04,1919,96.1
1919-07-05,1919,121.8
1919-07-06,1919,43.7
1919-07-07,1919,2.3
1919-07-08,1919,8.4
1919-07-09,1919,0.0
1919-07-10,1919,0.0
1919-07-13,1919,0.0
1919-07-14,1919,0.0
1919-07-15,1919,0.0
1919-07-16,1919,0.0
1919-07-17,1919,0.0
1919-07-18,1919,0.0
1919-07-19,1919,0.0
1919-07-20,1919,0.0
1919-07-21,1919,0.5
1919-07-22,1919,0.0
1919-07-23,1919,0.0
1919-07-24,1919,1.5
1919-07-25,1919,0.3
1919-07-26,1919,37.6
1919-07-27,1919,36.3
1919-07-28,1919,70.9
1919-07-29,1919,47.7
1919-07-30,1919,0.0
1919-07-31,1919,0.0
1919-08-01,1919,3.7
1919-08-02,1919,10.6
1919-08-03,1919,10.2
1919-08-04,1919,23.4
1919-08-06,1919,0.0
1919-08-07,1919,7.3
1919-08-08,1919,22.1
1919-08-09,1919,12.0
1919-08-10,1919,57.5
1919-08-11,1919,74.4
1919-08-12,1919,0.0
1919-08-13,1919,0.0
1919-08-14,1919,0.0
1919-08-15,1919,0.0
1919-08-16,1919,0.5
1919-08-17,1919,16.5
1919-08-18,1919,8.7
1919-08-19,1919,69.0
1919-08-20,1919,9.1
1919-08-21,1919,3.0
1919-08-22,1919,56.3
1919-08-23,1919,3.3
1919-08-24,1919,22.0
1919-08-25,1919,0.0
1919-08-26,1919,3.8
1919-08-27,1919,37.5
1919-08-28,1919,1.4
1919-08-29,1919,18.4
1919-08-30,1919,6.0
1919-08-31,1919,22.6
1919-09-01,1919,0.7
1919-09-02,1919,0.0
1919-09-03,1919,25.7
1919-09-04,1919,19.5
1919-09-05,1919,0.9
1919-09-06,1919,10.3
1919-09-07,1919,0.5
1919-09-08,1919,0.0
1919-09-09,1919,0.0
1919-09-11,1919,3.2
1919-09-12,1919,1.9
1919-09-13,1919,4.1
1919-09-14,1919,0.0
1919-09-15,1919,0.0
1919-09-16,1919,0.0
1919-09-17,1919,0.0
1919-09-19,1919,0.0
1919-09-20,1919,0.0
1919-09-21,1919,0.0
1919-09-22,1919,0.0
1919-09-23,1919,0.0
1919-09-24,1919,0.0
1919-09-25,1919,0.0
1919-09-28,1919,0.0
1919-09-29,1919,0.0
1919-09-30,1919,0.6
1919-10-01,1919,62.7
1919-10-02,1919,0.2
1919-10-03,1919,0.3
1919-10-05,1919,0.0
1919-10-07,1919,0.0
1919-10-09,1919,0.0
1919-10-10,1919,0.0
1919-10-11,1919,0.1
1919-10-12,1919,17.2
1919-10-13,1919,2.1
1919-10-14,1919,1.2
1919-10-15,1919,1.8
1919-10-17,1919,0.0
1919-10-21,1919,31.3
1919-10-22,1919,2.6
1919-10-23,1919,0.0
1919-10-24,1919,0.0
1919-10-25,1919,0.0
1919-10-26,1919,0.0
1919-10-27,1919,0.0
1919-10-28,1919,0.0
1919-10-29,1919,0.0
1919-10-30,1919,0.0
1919-10-31,1919,0.0
1919-11-03,1919,0.0
1919-11-04,1919,0.0
1919-11-05,1919,0.0
1919-11-06,1919,0.0
1919-11-07,1919,0.5
1919-11-08,1919,21.3
1919-11-09,1919,0.6
1919-11-10,1919,0.0
1919-11-11,1919,0.0
1919-11-12,1919,0.0
1919-11-14,1919,0.0
1919-11-15,1919,0.0
1919-11-16,1919,0.0
1919-11-18,1919,0.3
1919-11-19,1919,0.1
1919-11-20,1919,0.2
1919-11-21,1919,0.0
1919-11-22,1919,0.0
1919-11-23,1919,0.0
1919-11-24,1919,0.0
1919-11-25,1919,0.0
1919-11-26,1919,0.0
1919-11-27,1919,0.0
1919-11-28,1919,0.0
1919-11-29,1919,10.1
1919-11-30,1919,40.6
1919-12-01,1919,3.4
1919-12-02,1919,8.8
1919-12-04,1919,0.0
1919-12-05,1919,0.0
1919-12-06,1919,0.0
1919-12-07,1919,0.0
1919-12-08,1919,0.0
1919-12-09,1919,2.4
1919-12-10,1919,0.8
1919-12-11,1919,2.9
1919-12-13,1919,0.0
1919-12-14,1919,0.0
1919-12-15,1919,0.0
1919-12-16,1919,0.0
1919-12-17,1919,0.0
1919-12-18,1919,0.0
1919-12-19,1919,0.0
1919-12-20,1919,0.0
1919-12-21,1919,0.0
1919-12-22,1919,0.0
1919-12-23,1919,0.0
1919-12-24,1919,0.0
1919-12-25,1919,0.0
1919-12-26,1919,0.0
1919-12-28,1919,0.0
1919-12-29,1919,0.0
1919-12-30,1919,0.0
1919-12-31,1919,0.0
1920-01-01,1920,0.0
1920-01-02,1920,0.0
1920-01-03,1920,0.0
1920-01-04,1920,0.0
1920-01-05,1920,0.0
1920-01-06,1920,0.0
1920-01-07,1920,0.0
1920-01-08,1920,0.0
1920-01-09,1920,0.0
1920-01-11,1920,0.0
1920-01-12,1920,0.0
1920-01-13,1920,0.0
1920-01-14,1920,0.0
1920-01-15,1920,0.0
1920-01-16,1920,0.0
1920-01-17,1920,0.0
1920-01-18,1920,0.0
1920-01-20,1920,0.0
1920-01-21,1920,0.0
1920-01-22,1920,0.0
1920-01-23,1920,0.0
1920-01-24,1920,0.0
1920-01-25,1920,0.0
1920-01-26,1920,0.0
1920-01-28,1920,0.0
1920-01-31,1920,1.6
1920-02-01,1920,0.5
1920-02-02,1920,0.3
1920-02-03,1920,0.0
1920-02-05,1920,1.9
1920-02-07,1920,1.5
1920-02-08,1920,0.2
1920-02-09,1920,0.8
1920-02-11,1920,1.7
1920-02-13,1920,6.8
1920-02-14,1920,35.7
1920-02-15,1920,1.7
1920-02-18,1920,4.1
1920-02-19,1920,3.7
1920-02-20,1920,6.3
1920-02-21,1920,1.6
1920-02-22,1920,0.1
1920-02-25,1920,0.0
1920-02-26,1920,0.0
1920-02-27,1920,0.1
1920-02-28,1920,0.1
1920-02-29,1920,0.0
1920-03-01,1920,0.0
1920-03-02,1920,4.4
1920-03-03,1920,4.9
1920-03-04,1920,0.0
1920-03-08,1920,0.0
1920-03-11,1920,0.2
1920-03-12,1920,17.6
1920-03-13,1920,2.0
1920-03-14,1920,4.5
1920-03-15,1920,0.0
1920-03-16,1920,0.0
1920-03-17,1920,0.0
1920-03-19,1920,0.0
1920-03-20,1920,0.0
1920-03-21,1920,0.0
1920-03-22,1920,0.0
1920-03-27,1920,0.9
1920-03-30,1920,0.6
1920-04-02,1920,0.0
1920-04-03,1920,0.0
1920-04-04,1920,1.0
1920-04-05,1920,25.3
1920-04-06,1920,5.9
1920-04-07,1920,16.0
1920-04-08,1920,10.7
1920-04-09,1920,0.0
1920-04-10,1920,0.0
1920-04-11,1920,2.2
1920-04-12,1920,0.1
1920-04-13,1920,1.2
1920-04-14,1920,1.3
1920-04-15,1920,9.8
1920-04-17,1920,0.1
1920-04-18,1920,24.1
1920-04-19,1920,0.0
1920-04-20,1920,28.3
1920-04-23,1920,0.6
1920-04-24,1920,17.7
1920-04-25,1920,42.9
1920-04-26,1920,1.4
1920-04-27,1920,0.0
1920-04-30,1920,21.1
1920-05-01,1920,30.9
1920-05-04,1920,32.2
1920-05-05,1920,46.5
1920-05-06,1920,3.4
1920-05-07,1920,4.9
1920-05-10,1920,46.4
1920-05-11,1920,0.3
1920-05-12,1920,0.0
1920-05-14,1920,33.8
1920-05-15,1920,0.0
1920-05-16,1920,17.0
1920-05-17,1920,1.2
1920-05-18,1920,0.0
1920-05-19,1920,0.0
1920-05-20,1920,0.0
1920-05-21,1920,0.0
1920-05-22,1920,0.0
1920-05-23,1920,6.8
1920-05-24,1920,4.3
1920-05-25,1920,10.7
1920-05-26,1920,0.9
1920-05-27,1920,11.3
1920-05-28,1920,127.5
1920-05-29,1920,5.7
1920-05-30,1920,4.1
1920-05-31,1920,73.4
1920-06-01,1920,20.2
1920-06-02,1920,31.6
1920-06-03,1920,0.0
1920-06-04,1920,0.0
1920-06-06,1920,0.0
1920-06-07,1920,0.0
1920-06-08,1920,0.0
1920-06-09,1920,23.5
1920-06-10,1920,42.3
1920-06-11,1920,46.5
1920-06-12,1920,156.1
1920-06-13,1920,0.9
1920-06-14,1920,12.8
1920-06-15,1920,3.7
1920-06-16,1920,0.4
1920-06-18,1920,14.3
1920-06-19,1920,2.0
1920-06-20,1920,0.0
1920-06-21,1920,0.4
1920-06-22,1920,0.3
1920-06-23,1920,8.0
1920-06-24,1920,10.3
1920-06-25,1920,8.3
1920-06-26,1920,5.1
1920-06-27,1920,7.7
1920-06-28,1920,0.0
1920-06-30,1920,1.0
1920-07-01,1920,5.5
1920-07-02,1920,34.0
1920-07-03,1920,48.8
1920-07-04,1920,8.1
1920-07-05,1920,6.0
1920-07-06,1920,2.6
1920-07-07,1920,0.0
1920-07-08,1920,0.0
1920-07-09,1920,1.4
1920-07-10,1920,5.6
1920-07-11,1920,2.8
1920-07-12,1920,0.1
1920-07-13,1920,15.8
1920-07-15,1920,0.0
1920-07-16,1920,0.0
1920-07-17,1920,0.0
1920-07-18,1920,19.9
1920-07-19,1920,209.1
1920-07-20,1920,91.9
1920-07-21,1920,6.0
1920-07-22,1920,0.8
1920-07-23,1920,0.9
1920-07-24,1920,0.0
1920-07-25,1920,0.0
1920-07-27,1920,0.0
1920-07-30,1920,29.6
1920-07-31,1920,122.0
1920-08-01,1920,1.6
1920-08-02,1920,1.1
1920-08-03,1920,26.5
1920-08-04,1920,31.4
1920-08-05,1920,0.0
1920-08-07,1920,0.0
1920-08-08,1920,0.3
1920-08-09,1920,1.7
1920-08-10,1920,29.7
1920-08-11,1920,1.8
1920-08-12,1920,4.4
1920-08-13,1920,1.4
1920-08-15,1920,0.0
1920-08-16,1920,0.6
1920-08-17,1920,46.9
1920-08-18,1920,19.0
1920-08-19,1920,0.0
1920-08-21,1920,0.0
1920-08-22,1920,0.0
1920-08-24,1920,14.4
1920-08-25,1920,39.3
1920-08-26,1920,46.0
1920-08-27,1920,4.3
1920-08-28,1920,5.5
1920-08-29,1920,1.8
1920-08-30,1920,0.0
1920-08-31,1920,0.9
1920-09-01,1920,0.0
1920-09-02,1920,0.0
1920-09-03,1920,0.0
1920-09-04,1920,0.0
1920-09-05,1920,0.2
1920-09-06,1920,0.0
1920-09-07,1920,9.2
1920-09-08,1920,15.6
1920-09-09,1920,3.4
1920-09-10,1920,2.1
1920-09-11,1920,67.7
1920-09-12,1920,135.8
1920-09-13,1920,9.1
1920-09-14,1920,0.2
1920-09-15,1920,0.0
1920-09-16,1920,0.0
1920-09-17,1920,0.0
1920-09-18,1920,0.0
1920-09-20,1920,0.0
1920-09-21,1920,1.4
1920-09-22,1920,16.6
1920-09-23,1920,34.2
1920-09-24,1920,0.5
1920-09-25,1920,0.3
1920-09-26,1920,0.0
1920-09-27,1920,1.9
1920-09-28,1920,0.0
1920-09-29,1920,0.0
1920-10-01,1920,1.4
1920-10-02,1920,26.1
1920-10-03,1920,0.9
1920-10-05,1920,2.9
1920-10-06,1920,39.3
1920-10-07,1920,31.1
1920-10-08,1920,5.4
1920-10-09,1920,0.1
1920-10-10,1920,2.2
1920-10-11,1920,0.0
1920-10-12,1920,35.2
1920-10-13,1920,0.0
1920-10-14,1920,0.0
1920-10-16,1920,1.4
1920-10-17,1920,1.0
1920-10-18,1920,3.2
1920-10-19,1920,5.7
1920-10-20,1920,0.0
1920-10-21,1920,0.0
1920-10-22,1920,0.0
1920-10-23,1920,0.0
1920-10-24,1920,0.0
1920-10-25,1920,0.0
1920-10-26,1920,0.0
1920-10-27,1920,0.0
1920-10-28,1920,0.0
1920-10-29,1920,0.0
1920-10-30,1920,0.1
1920-10-31,1920,1.3
1920-11-01,1920,0.1
1920-11-02,1920,0.0
1920-11-03,1920,0.0
1920-11-04,1920,0.0
1920-11-05,1920,1.1
1920-11-06,1920,1.2
1920-11-07,1920,4.3
1920-11-09,1920,0.0
1920-11-10,1920,0.0
1920-11-11,1920,42.3
1920-11-12,1920,0.0
1920-11-14,1920,0.0
1920-11-15,1920,0.0
1920-11-16,1920,0.0
1920-11-17,1920,94.4
1920-11-18,1920,29.8
1920-11-19,1920,0.3
1920-11-20,1920,0.0
1920-11-21,1920,0.0
1920-11-22,1920,0.1
1920-11-23,1920,0.0
1920-11-27,1920,0.0
1920-11-28,1920,0.0
1920-11-29,1920,5.2
1920-11-30,1920,0.0
1920-12-02,1920,1.7
1920-12-04,1920,10.8
1920-12-06,1920,1.6
1920-12-07,1920,0.0
1920-12-08,1920,0.0
1920-12-09,1920,0.0
1920-12-12,1920,0.0
1920-12-14,1920,0.0
1920-12-15,1920,0.0
1920-12-16,1920,2.6
1920-12-17,1920,7.3
1920-12-18,1920,0.0
1920-12-19,1920,0.3
1920-12-20,1920,0.0
1920-12-22,1920,0.7
1920-12-23,1920,0.0
1920-12-24,1920,0.0
1920-12-25,1920,0.0
1920-12-26,1920,0.0
1920-12-30,1920,20.6
1921-01-01,1921,0.0
1921-01-02,1921,0.5
1921-01-03,1921,0.6
1921-01-04,1921,1.7
1921-01-05,1921,0.0
1921-01-06,1921,0.0
1921-01-07,1921,0.0
1921-01-08,1921,0.0
1921-01-09,1921,0.0
1921-01-14,1921,0.0
1921-01-15,1921,0.0
1921-01-16,1921,0.0
1921-01-17,1921,0.0
1921-01-18,1921,0.0
1921-01-19,1921,0.0
1921-01-20,1921,0.0
1921-01-21,1921,0.0
1921-01-22,1921,0.0
1921-01-23,1921,0.0
1921-01-24,1921,0.0
1921-01-26,1921,0.0
1921-01-27,1921,0.0
1921-01-28,1921,0.0
1921-01-29,1921,0.8
1921-01-30,1921,1.2
1921-01-31,1921,0.0
1921-02-02,1921,26.3
1921-02-03,1921,0.0
1921-02-04,1921,0.0
1921-02-06,1921,0.0
1921-02-07,1921,0.0
1921-02-08,1921,0.0
1921-02-09,1921,0.0
1921-02-10,1921,0.0
1921-02-11,1921,0.0
1921-02-12,1921,0.0
1921-02-13,1921,0.0
1921-02-14,1921,0.0
1921-02-17,1921,0.0
1921-02-20,1921,0.0
1921-02-21,1921,0.0
1921-02-22,1921,0.0
1921-02-23,1921,0.0
1921-02-24,1921,0.0
1921-02-25,1921,0.0
1921-02-26,1921,0.0
1921-02-27,1921,0.0
1921-02-28,1921,0.0
1921-03-01,1921,0.5
1921-03-03,1921,10.0
1921-03-04,1921,6.4
1921-03-05,1921,0.2
1921-03-06,1921,1.9
1921-03-08,1921,0.0
1921-03-09,1921,0.0
1921-03-10,1921,16.4
1921-03-11,1921,1.9
1921-03-12,1921,0.0
1921-03-13,1921,0.0
1921-03-14,1921,0.0
1921-03-15,1921,0.0
1921-03-16,1921,0.0
1921-03-17,1921,0.0
1921-03-18,1921,0.0
1921-03-19,1921,0.0
1921-03-20,1921,0.0
1921-03-23,1921,14.2
1921-03-24,1921,16.6
1921-03-25,1921,28.9
1921-03-26,1921,7.8
1921-03-27,1921,0.8
1921-03-28,1921,6.2
1921-03-29,1921,2.3
1921-03-30,1921,0.7
1921-03-31,1921,0.0
1921-04-02,1921,0.0
1921-04-03,1921,0.0
1921-04-05,1921,0.0
1921-04-06,1921,0.0
1921-04-11,1921,0.0
1921-04-12,1921,0.2
1921-04-13,1921,2.4
1921-04-14,1921,0.0
1921-04-15,1921,0.0
1921-04-16,1921,0.0
1921-04-19,1921,0.0
1921-04-21,1921,0.0
1921-04-22,1921,0.0
1921-04-24,1921,0.0
1921-04-25,1921,0.0
1921-04-26,1921,0.0
1921-04-27,1921,53.1
1921-04-28,1921,9.3
1921-04-29,1921,6.7
1921-05-01,1921,0.0
1921-05-02,1921,0.0
1921-05-03,1921,7.7
1921-05-04,1921,29.6
1921-05-05,1921,75.9
1921-05-06,1921,7.8
1921-05-07,1921,2.1
1921-05-08,1921,4.2
1921-05-09,1921,99.1
1921-05-10,1921,30.8
1921-05-11,1921,0.0
1921-05-12,1921,0.0
1921-05-13,1921,3.5
1921-05-14,1921,26.5
1921-05-15,1921,10.2
1921-05-16,1921,29.3
1921-05-17,1921,86.6
1921-05-18,1921,14.1
1921-05-19,1921,0.9
1921-05-20,1921,2.6
1921-05-22,1921,67.2
1921-05-23,1921,2.9
1921-05-24,1921,150.1
1921-05-25,1921,36.8
1921-05-26,1921,37.9
1921-05-27,1921,36.0
1921-05-28,1921,1.9
1921-05-30,1921,4.5
1921-05-31,1921,90.2
1921-06-04,1921,0.7
1921-06-05,1921,10.9
1921-06-06,1921,63.7
1921-06-07,1921,1.0
1921-06-08,1921,4.3
1921-06-09,1921,47.3
1921-06-10,1921,0.0
1921-06-11,1921,0.0
1921-06-12,1921,1.3
1921-06-13,1921,9.2
1921-06-14,1921,29.8
1921-06-15,1921,3.1
1921-06-16,1921,13.1
1921-06-17,1921,7.0
1921-06-18,1921,13.4
1921-06-19,1921,40.0
1921-06-20,1921,34.6
1921-06-21,1921,9.6
1921-06-22,1921,2.5
1921-06-23,1921,7.3
1921-06-24,1921,2.1
1921-06-25,1921,5.0
1921-06-26,1921,5.5
1921-06-27,1921,2.4
1921-06-28,1921,6.9
1921-06-29,1921,26.5
1921-06-30,1921,27.1
1921-07-01,1921,26.5
1921-07-02,1921,121.4
1921-07-03,1921,22.5
1921-07-04,1921,2.5
1921-07-05,1921,1.0
1921-07-06,1921,37.8
1921-07-07,1921,0.0
1921-07-08,1921,0.0
1921-07-09,1921,0.0
1921-07-10,1921,0.0
1921-07-11,1921,6.0
1921-07-13,1921,0.0
1921-07-14,1921,0.0
1921-07-15,1921,0.0
1921-07-16,1921,0.0
1921-07-17,1921,28.3
1921-07-18,1921,13.2
1921-07-20,1921,0.0
1921-07-22,1921,0.0
1921-07-23,1921,2.8
1921-07-24,1921,33.9
1921-07-25,1921,0.5
1921-07-26,1921,2.1
1921-07-27,1921,0.0
1921-07-28,1921,0.6
1921-07-29,1921,2.4
1921-07-31,1921,0.0
1921-08-05,1921,0.0
1921-08-06,1921,0.0
1921-08-07,1921,12.3
1921-08-08,1921,71.4
1921-08-09,1921,22.3
1921-08-10,1921,9.2
1921-08-11,1921,0.0
1921-08-12,1921,0.0
1921-08-13,1921,0.0
1921-08-14,1921,0.0
1921-08-15,1921,0.0
1921-08-17,1921,0.0
1921-08-18,1921,0.0
1921-08-19,1921,0.0
1921-08-20,1921,0.0
1921-08-21,1921,0.0
1921-08-22,1921,0.0
1921-08-23,1921,0.0
1921-08-24,1921,18.1
1921-08-25,1921,55.1
1921-08-26,1921,81.6
1921-08-27,1921,1.3
1921-08-28,1921,0.0
1921-08-30,1921,86.4
1921-08-31,1921,34.9
1921-09-01,1921,0.1
1921-09-02,1921,34.0
1921-09-03,1921,153.9
1921-09-04,1921,4.8
1921-09-05,1921,72.2
1921-09-06,1921,17.8
1921-09-07,1921,12.2
1921-09-08,1921,6.9
1921-09-09,1921,0.1
1921-09-10,1921,1.6
1921-09-12,1921,0.0
1921-09-13,1921,1.2
1921-09-14,1921,0.0
1921-09-15,1921,0.0
1921-09-16,1921,0.0
1921-09-17,1921,0.8
1921-09-19,1921,0.0
1921-09-20,1921,1.0
1921-09-21,1921,0.0
1921-09-22,1921,1.0
1921-09-23,1921,0.0
1921-09-24,1921,0.0
1921-09-25,1921,0.0
1921-09-28,1921,0.0
1921-09-30,1921,0.0
1921-10-01,1921,0.6
1921-10-02,1921,0.0
1921-10-03,1921,0.0
1921-10-04,1921,0.0
1921-10-06,1921,0.5
1921-10-07,1921,0.0
1921-10-08,1921,0.0
1921-10-09,1921,0.0
1921-10-10,1921,0.0
1921-10-11,1921,2.8
1921-10-12,1921,0.0
1921-10-13,1921,0.0
1921-10-14,1921,0.0
1921-10-15,1921,0.0
1921-10-17,1921,0.0
1921-10-18,1921,0.0
1921-10-19,1921,0.0
1921-10-20,1921,0.0
1921-10-21,1921,0.0
1921-10-22,1921,0.0
1921-10-23,1921,0.0
1921-10-24,1921,0.0
1921-10-26,1921,6.1
1921-10-28,1921,0.0
1921-10-29,1921,0.0
1921-10-30,1921,0.0
1921-10-31,1921,0.0
1921-11-02,1921,0.0
1921-11-03,1921,0.0
1921-11-05,1921,0.0
1921-11-06,1921,0.0
1921-11-07,1921,0.0
1921-11-08,1921,0.0
1921-11-09,1921,0.0
1921-11-10,1921,0.0
1921-11-11,1921,0.0
1921-11-12,1921,0.0
1921-11-13,1921,0.0
1921-11-14,1921,0.0
1921-11-15,1921,0.0
1921-11-16,1921,0.0
1921-11-17,1921,0.8
1921-11-18,1921,1.2
1921-11-19,1921,1.8
1921-11-21,1921,0.0
1921-11-22,1921,0.0
1921-11-25,1921,0.3
1921-11-26,1921,0.3
1921-11-27,1921,0.1
1921-11-28,1921,1.2
1921-11-29,1921,0.0
1921-11-30,1921,0.0
1921-12-01,1921,0.0
1921-12-03,1921,1.0
1921-12-04,1921,0.0
1921-12-06,1921,1.0
1921-12-07,1921,0.0
1921-12-08,1921,0.0
1921-12-09,1921,0.0
1921-12-11,1921,0.0
1921-12-14,1921,0.0
1921-12-15,1921,0.0
1921-12-16,1921,3.0
1921-12-18,1921,0.2
1921-12-21,1921,0.0
1921-12-22,1921,0.0
1921-12-23,1921,0.0
1921-12-24,1921,0.0
1921-12-25,1921,0.0
1921-12-27,1921,0.0
1921-12-28,1921,0.0
1921-12-29,1921,0.3
1921-12-30,1921,0.0
1921-12-31,1921,0.0
1922-01-01,1922,14.9
1922-01-03,1922,0.3
1922-01-04,1922,0.1
1922-01-05,1922,0.0
1922-01-06,1922,0.0
1922-01-07,1922,0.0
1922-01-08,1922,0.0
1922-01-09,1922,0.0
1922-01-10,1922,0.0
1922-01-11,1922,0.0
1922-01-12,1922,0.2
1922-01-13,1922,0.4
1922-01-14,1922,0.0
1922-01-15,1922,1.0
1922-01-16,1922,0.5
1922-01-17,1922,1.3
1922-01-18,1922,2.9
1922-01-19,1922,0.0
1922-01-20,1922,0.4
1922-01-21,1922,1.0
1922-01-22,1922,0.1
1922-01-23,1922,1.1
1922-01-24,1922,0.0
1922-01-25,1922,0.3
1922-01-26,1922,18.5
1922-01-27,1922,21.2
1922-01-30,1922,3.1
1922-02-02,1922,2.1
1922-02-03,1922,0.0
1922-02-04,1922,0.0
1922-02-05,1922,0.0
1922-02-06,1922,0.0
1922-02-07,1922,0.5
1922-02-08,1922,0.0
1922-02-09,1922,0.3
1922-02-10,1922,0.1
1922-02-11,1922,20.1
1922-02-13,1922,6.6
1922-02-14,1922,36.6
1922-02-15,1922,0.9
1922-02-16,1922,0.0
1922-02-17,1922,30.6
1922-02-18,1922,27.5
1922-02-19,1922,3.5
1922-02-23,1922,2.2
1922-02-24,1922,0.0
1922-02-26,1922,8.3
1922-02-27,1922,0.0
1922-03-01,1922,0.0
1922-03-04,1922,16.9
1922-03-05,1922,0.5
1922-03-06,1922,0.1
1922-03-07,1922,1.5
1922-03-09,1922,0.0
1922-03-10,1922,0.0
1922-03-11,1922,0.0
1922-03-12,1922,0.0
1922-03-13,1922,0.0
1922-03-14,1922,0.0
1922-03-15,1922,0.0
1922-03-16,1922,0.0
1922-03-18,1922,0.0
1922-03-19,1922,0.0
1922-03-20,1922,0.0
1922-03-24,1922,1.6
1922-03-25,1922,4.4
1922-03-26,1922,12.8
1922-03-27,1922,53.7
1922-03-28,1922,0.7
1922-03-29,1922,0.0
1922-03-30,1922,0.0
1922-03-31,1922,0.8
1922-04-01,1922,0.3
1922-04-02,1922,0.1
1922-04-03,1922,0.0
1922-04-05,1922,0.1
1922-04-06,1922,1.3
1922-04-07,1922,0.1
1922-04-13,1922,0.0
1922-04-14,1922,0.0
1922-04-15,1922,0.0
1922-04-16,1922,0.0
1922-04-17,1922,0.0
1922-04-18,1922,0.0
1922-04-19,1922,0.1
1922-04-20,1922,0.0
1922-04-21,1922,0.0
1922-04-22,1922,0.0
1922-04-25,1922,3.1
1922-04-26,1922,11.1
1922-04-27,1922,2.1
1922-04-29,1922,29.3
1922-04-30,1922,3.7
1922-05-01,1922,0.9
1922-05-02,1922,18.0
1922-05-04,1922,12.0
1922-05-05,1922,0.5
1922-05-06,1922,0.9
1922-05-08,1922,5.6
1922-05-09,1922,1.4
1922-05-10,1922,3.6
1922-05-11,1922,2.0
1922-05-12,1922,2.3
1922-05-13,1922,2.0
1922-05-15,1922,3.3
1922-05-16,1922,21.7
1922-05-17,1922,1.1
1922-05-18,1922,0.0
1922-05-19,1922,0.0
1922-05-20,1922,0.0
1922-05-21,1922,7.9
1922-05-22,1922,26.1
1922-05-23,1922,1.0
1922-05-25,1922,4.8
1922-05-26,1922,1.0
1922-05-28,1922,1.0
1922-05-30,1922,22.2
1922-06-01,1922,0.0
1922-06-02,1922,0.0
1922-06-03,1922,0.0
1922-06-04,1922,0.0
1922-06-06,1922,1.0
1922-06-07,1922,2.8
1922-06-08,1922,0.0
1922-06-09,1922,0.4
1922-06-10,1922,17.5
1922-06-13,1922,2.0
1922-06-14,1922,3.8
1922-06-15,1922,1.4
1922-06-16,1922,2.4
1922-06-17,1922,0.5
1922-06-19,1922,1.1
1922-06-20,1922,47.2
1922-06-21,1922,75.1
1922-06-22,1922,0.3
1922-06-23,1922,0.0
1922-06-24,1922,0.1
1922-06-25,1922,0.0
1922-06-26,1922,0.0
1922-06-27,1922,0.1
1922-06-28,1922,7.7
1922-06-29,1922,1.2
1922-06-30,1922,1.0
1922-07-01,1922,0.0
1922-07-02,1922,0.0
1922-07-03,1922,0.0
1922-07-04,1922,0.0
1922-07-05,1922,0.0
1922-07-06,1922,3.2
1922-07-07,1922,0.0
1922-07-08,1922,13.3
1922-07-09,1922,6.8
1922-07-10,1922,59.2
1922-07-11,1922,12.5
1922-07-12,1922,44.3
1922-07-13,1922,42.8
1922-07-14,1922,29.5
1922-07-15,1922,0.0
1922-07-16,1922,0.0
1922-07-17,1922,0.0
1922-07-19,1922,0.3
1922-07-20,1922,0.7
1922-07-21,1922,6.3
1922-07-22,1922,0.0
1922-07-23,1922,0.0
1922-07-24,1922,0.0
1922-07-25,1922,0.0
1922-07-26,1922,0.0
1922-07-27,1922,14.7
1922-07-28,1922,51.6
1922-07-29,1922,31.5
1922-07-30,1922,8.8
1922-07-31,1922,0.0
1922-08-01,1922,0.0
1922-08-02,1922,5.2
1922-08-03,1922,24.5
1922-08-04,1922,13.8
1922-08-05,1922,2.7
1922-08-06,1922,13.2
1922-08-07,1922,0.1
1922-08-09,1922,0.0
1922-08-10,1922,3.0
1922-08-11,1922,13.2
1922-08-12,1922,9.6
1922-08-13,1922,0.0
1922-08-14,1922,12.7
1922-08-15,1922,11.1
1922-08-16,1922,5.5
1922-08-17,1922,17.7
1922-08-18,1922,0.8
1922-08-19,1922,0.0
1922-08-20,1922,6.8
1922-08-21,1922,12.8
1922-08-22,1922,22.2
1922-08-23,1922,41.4
1922-08-24,1922,13.5
1922-08-25,1922,0.2
1922-08-26,1922,7.7
1922-08-27,1922,43.6
1922-08-28,1922,59.8
1922-08-29,1922,25.5
1922-08-30,1922,29.9
1922-08-31,1922,49.1
1922-09-01,1922,22.6
1922-09-02,1922,11.2
1922-09-03,1922,16.9
1922-09-04,1922,12.9
1922-09-06,1922,0.0
1922-09-07,1922,0.0
1922-09-08,1922,0.0
1922-09-09,1922,0.8
1922-09-10,1922,4.8
1922-09-11,1922,0.4
1922-09-12,1922,2.4
1922-09-13,1922,0.0
1922-09-14,1922,31.4
1922-09-15,1922,7.8
1922-09-16,1922,0.3
1922-09-17,1922,0.0
1922-09-18,1922,0.0
1922-09-19,1922,0.3
1922-09-20,1922,28.5
1922-09-21,1922,93.8
1922-09-22,1922,18.5
1922-09-23,1922,0.0
1922-09-24,1922,0.0
1922-09-25,1922,0.0
1922-09-26,1922,0.0
1922-09-27,1922,0.0
1922-09-28,1922,0.0
1922-09-29,1922,0.0
1922-09-30,1922,0.0
1922-10-01,1922,0.0
1922-10-02,1922,0.0
1922-10-03,1922,1.8
1922-10-04,1922,11.1
1922-10-05,1922,7.6
1922-10-08,1922,0.0
1922-10-09,1922,1.2
1922-10-10,1922,2.5
1922-10-13,1922,0.0
1922-10-14,1922,0.0
1922-10-15,1922,0.0
1922-10-16,1922,0.0
1922-10-17,1922,0.0
1922-10-18,1922,0.0
1922-10-19,1922,19.4
1922-10-20,1922,6.4
1922-10-21,1922,0.7
1922-10-24,1922,0.5
1922-10-25,1922,0.0
1922-10-26,1922,0.0
1922-10-27,1922,0.4
1922-10-28,1922,0.0
1922-10-29,1922,0.0
1922-10-30,1922,0.0
1922-10-31,1922,0.0
1922-11-01,1922,0.0
1922-11-02,1922,0.0
1922-11-03,1922,0.0
1922-11-07,1922,0.0
1922-11-08,1922,0.3
1922-11-09,1922,1.1
1922-11-10,1922,0.0
1922-11-11,1922,0.0
1922-11-12,1922,0.0
1922-11-13,1922,0.0
1922-11-14,1922,0.0
1922-11-15,1922,0.0
1922-11-16,1922,0.0
1922-11-17,1922,0.0
1922-11-18,1922,0.0
1922-11-19,1922,0.0
1922-11-20,1922,0.0
1922-11-21,1922,0.0
1922-11-23,1922,0.3
1922-11-24,1922,12.1
1922-11-25,1922,0.0
1922-11-27,1922,0.0
1922-11-28,1922,0.0
1922-11-29,1922,0.0
1922-11-30,1922,0.0
1922-12-01,1922,0.0
1922-12-02,1922,0.0
1922-12-05,1922,0.0
1922-12-06,1922,0.3
1922-12-07,1922,0.0
1922-12-08,1922,0.0
1922-12-09,1922,0.0
1922-12-10,1922,0.0
1922-12-11,1922,0.0
1922-12-12,1922,0.0
1922-12-13,1922,0.0
1922-12-14,1922,0.0
1922-12-15,1922,0.0
1922-12-17,1922,0.2
1922-12-18,1922,6.3
1922-12-19,1922,11.7
1922-12-22,1922,0.0
1922-12-23,1922,0.0
1922-12-24,1922,0.0
1922-12-25,1922,0.0
1922-12-26,1922,0.0
1922-12-27,1922,0.2
1922-12-28,1922,0.0
1922-12-29,1922,0.0
1922-12-30,1922,0.0
1922-12-31,1922,0.0
1923-01-01,1923,0.0
1923-01-02,1923,0.0
1923-01-03,1923,0.0
1923-01-04,1923,0.0
1923-01-05,1923,0.0
1923-01-06,1923,0.0
1923-01-08,1923,0.0
1923-01-09,1923,0.0
1923-01-10,1923,0.0
1923-01-11,1923,0.0
1923-01-12,1923,0.0
1923-01-13,1923,0.0
1923-01-16,1923,0.0
1923-01-17,1923,0.0
1923-01-18,1923,0.0
1923-01-19,1923,0.0
1923-01-22,1923,3.3
1923-01-23,1923,0.0
1923-01-25,1923,0.0
1923-01-26,1923,0.0
1923-01-27,1923,0.0
1923-01-28,1923,0.0
1923-01-29,1923,0.0
1923-01-30,1923,0.0
1923-01-31,1923,0.0
1923-02-01,1923,0.0
1923-02-02,1923,0.0
1923-02-03,1923,0.0
1923-02-04,1923,0.0
1923-02-05,1923,0.0
1923-02-06,1923,0.0
1923-02-07,1923,0.0
1923-02-08,1923,0.0
1923-02-09,1923,0.0
1923-02-12,1923,0.0
1923-02-15,1923,0.7
1923-02-17,1923,0.2
1923-02-18,1923,0.8
1923-02-20,1923,0.0
1923-02-21,1923,2.1
1923-02-22,1923,4.9
1923-02-23,1923,0.3
1923-02-24,1923,0.0
1923-02-25,1923,0.3
1923-02-26,1923,0.5
1923-02-27,1923,0.1
1923-02-28,1923,0.0
1923-03-01,1923,0.0
1923-03-02,1923,0.0
1923-03-03,1923,0.0
1923-03-04,1923,0.0
1923-03-08,1923,0.2
1923-03-09,1923,0.5
1923-03-10,1923,0.0
1923-03-13,1923,0.1
1923-03-14,1923,0.1
1923-03-15,1923,0.2
1923-03-16,1923,10.3
1923-03-17,1923,2.5
1923-03-18,1923,1.9
1923-03-19,1923,0.9
1923-03-20,1923,0.0
1923-03-21,1923,0.0
1923-03-22,1923,0.0
1923-03-23,1923,0.0
1923-03-24,1923,0.0
1923-03-25,1923,0.0
1923-03-26,1923,0.0
1923-03-29,1923,0.0
1923-03-30,1923,0.0
1923-03-31,1923,0.0
1923-04-01,1923,0.0
1923-04-02,1923,0.0
1923-04-03,1923,0.0
1923-04-05,1923,7.1
1923-04-06,1923,0.0
1923-04-08,1923,0.0
1923-04-09,1923,2.7
1923-04-10,1923,0.5
1923-04-11,1923,0.8
1923-04-12,1923,125.6
1923-04-13,1923,8.1
1923-04-14,1923,1.2
1923-04-15,1923,0.1
1923-04-16,1923,0.8
1923-04-17,1923,36.8
1923-04-18,1923,0.0
1923-04-19,1923,18.6
1923-04-20,1923,1.6
1923-04-23,1923,0.0
1923-04-24,1923,7.4
1923-04-25,1923,1.0
1923-04-28,1923,0.0
1923-04-29,1923,0.0
1923-04-30,1923,0.0
1923-05-01,1923,0.2
1923-05-02,1923,45.5
1923-05-03,1923,0.5
1923-05-04,1923,1.3
1923-05-05,1923,0.0
1923-05-06,1923,4.0
1923-05-07,1923,0.2
1923-05-08,1923,0.0
1923-05-09,1923,0.0
1923-05-10,1923,0.0
1923-05-11,1923,0.0
1923-05-12,1923,0.0
1923-05-13,1923,0.0
1923-05-14,1923,0.0
1923-05-15,1923,0.0
1923-05-17,1923,3.6
1923-05-18,1923,4.7
1923-05-20,1923,0.0
1923-05-21,1923,0.0
1923-05-24,1923,0.1
1923-05-25,1923,1.4
1923-05-26,1923,2.4
1923-05-28,1923,0.0
1923-05-29,1923,1.6
1923-05-30,1923,23.1
1923-05-31,1923,7.5
1923-06-01,1923,62.7
1923-06-02,1923,0.4
1923-06-03,1923,8.5
1923-06-04,1923,12.0
1923-06-05,1923,0.0
1923-06-06,1923,0.0
1923-06-07,1923,1.5
1923-06-08,1923,4.6
1923-06-09,1923,22.9
1923-06-10,1923,1.8
1923-06-11,1923,0.3
1923-06-12,1923,19.4
1923-06-13,1923,52.6
1923-06-14,1923,110.9
1923-06-15,1923,6.5
1923-06-16,1923,0.9
1923-06-17,1923,0.8
1923-06-18,1923,1.3
1923-06-19,1923,0.2
1923-06-20,1923,0.1
1923-06-21,1923,3.4
1923-06-22,1923,6.4
1923-06-23,1923,3.3
1923-06-24,1923,7.9
1923-06-25,1923,35.1
1923-06-26,1923,31.0
1923-06-27,1923,4.5
1923-06-28,1923,0.1
1923-06-29,1923,0.0
1923-07-01,1923,5.8
1923-07-02,1923,39.7
1923-07-03,1923,4.7
1923-07-04,1923,7.0
1923-07-05,1923,0.0
1923-07-06,1923,0.0
1923-07-07,1923,5.0
1923-07-08,1923,2.6
1923-07-11,1923,0.1
1923-07-12,1923,0.0
1923-07-13,1923,0.0
1923-07-14,1923,0.0
1923-07-17,1923,0.4
1923-07-18,1923,0.0
1923-07-19,1923,0.7
1923-07-20,1923,24.6
1923-07-21,1923,29.0
1923-07-22,1923,51.1
1923-07-23,1923,55.6
1923-07-25,1923,0.0
1923-07-26,1923,3.9
1923-07-27,1923,137.7
1923-07-28,1923,43.1
1923-07-29,1923,22.7
1923-07-30,1923,33.2
1923-07-31,1923,3.8
1923-08-01,1923,0.3
1923-08-02,1923,0.0
1923-08-03,1923,0.0
1923-08-04,1923,3.9
1923-08-05,1923,129.5
1923-08-06,1923,42.2
1923-08-07,1923,0.0
1923-08-08,1923,0.0
1923-08-09,1923,0.0
1923-08-10,1923,6.1
1923-08-11,1923,23.9
1923-08-12,1923,23.1
1923-08-13,1923,26.6
1923-08-14,1923,16.4
1923-08-15,1923,22.4
1923-08-16,1923,14.6
1923-08-17,1923,0.5
1923-08-18,1923,125.5
1923-08-19,1923,10.2
1923-08-20,1923,0.0
1923-08-21,1923,18.9
1923-08-22,1923,2.6
1923-08-23,1923,0.0
1923-08-24,1923,0.0
1923-08-25,1923,0.0
1923-08-26,1923,1.7
1923-08-27,1923,39.3
1923-08-28,1923,58.5
1923-08-29,1923,190.1
1923-08-30,1923,66.3
1923-08-31,1923,49.6
1923-09-01,1923,0.4
1923-09-03,1923,0.0
1923-09-04,1923,0.0
1923-09-05,1923,0.0
1923-09-06,1923,0.0
1923-09-07,1923,0.0
1923-09-08,1923,19.3
1923-09-09,1923,1.1
1923-09-10,1923,0.0
1923-09-11,1923,0.0
1923-09-12,1923,0.0
1923-09-13,1923,0.6
1923-09-14,1923,3.7
1923-09-15,1923,0.4
1923-09-16,1923,2.0
1923-09-17,1923,0.3
1923-09-18,1923,9.3
1923-09-19,1923,1.9
1923-09-20,1923,0.0
1923-09-21,1923,20.5
1923-09-22,1923,73.0
1923-09-24,1923,0.0
1923-09-25,1923,0.0
1923-09-26,1923,10.8
1923-09-27,1923,15.4
1923-09-28,1923,1.1
1923-09-29,1923,0.0
1923-09-30,1923,0.0
1923-10-01,1923,0.0
1923-10-02,1923,0.0
1923-10-06,1923,0.0
1923-10-07,1923,0.0
1923-10-08,1923,0.0
1923-10-09,1923,0.0
1923-10-10,1923,0.0
1923-10-11,1923,0.0
1923-10-12,1923,0.3
1923-10-14,1923,28.4
1923-10-15,1923,3.1
1923-10-16,1923,0.5
1923-10-17,1923,0.0
1923-10-18,1923,0.0
1923-10-19,1923,0.0
1923-10-20,1923,0.0
1923-10-21,1923,0.0
1923-10-22,1923,0.0
1923-10-23,1923,0.0
1923-10-25,1923,0.0
1923-10-27,1923,0.1
1923-10-28,1923,10.1
1923-10-29,1923,2.0
1923-10-30,1923,116.7
1923-10-31,1923,292.2
1923-11-02,1923,0.0
1923-11-03,1923,0.0
1923-11-04,1923,0.0
1923-11-05,1923,0.0
1923-11-06,1923,2.2
1923-11-07,1923,7.7
1923-11-08,1923,0.0
1923-11-10,1923,0.0
1923-11-11,1923,0.0
1923-11-12,1923,0.0
1923-11-13,1923,0.0
1923-11-14,1923,0.0
1923-11-15,1923,0.0
1923-11-17,1923,0.0
1923-11-18,1923,0.0
1923-11-19,1923,0.0
1923-11-20,1923,0.0
1923-11-21,1923,0.0
1923-11-22,1923,0.0
1923-11-23,1923,0.0
1923-11-24,1923,0.1
1923-11-25,1923,0.1
1923-11-27,1923,0.0
1923-11-28,1923,0.1
1923-11-29,1923,0.0
1923-11-30,1923,0.0
1923-12-02,1923,0.0
1923-12-03,1923,0.0
1923-12-04,1923,0.0
1923-12-05,1923,0.0
1923-12-07,1923,0.5
1923-12-08,1923,0.3
1923-12-09,1923,1.5
1923-12-10,1923,0.0
1923-12-16,1923,0.0
1923-12-17,1923,0.0
1923-12-18,1923,0.0
1923-12-19,1923,0.0
1923-12-20,1923,0.0
1923-12-21,1923,0.0
1923-12-23,1923,5.1
1923-12-24,1923,0.0
1923-12-25,1923,0.0
1923-12-30,1923,0.0
1923-12-31,1923,0.6
1924-01-01,1924,1.0
1924-01-02,1924,0.0
1924-01-03,1924,0.0
1924-01-05,1924,0.0
1924-01-06,1924,0.0
1924-01-07,1924,0.0
1924-01-10,1924,0.0
1924-01-11,1924,0.0
1924-01-12,1924,0.0
1924-01-13,1924,0.0
1924-01-14,1924,0.0
1924-01-16,1924,0.5
1924-01-18,1924,0.0
1924-01-20,1924,4.7
1924-01-22,1924,0.1
1924-01-24,1924,1.5
1924-01-25,1924,0.7
1924-01-26,1924,6.0
1924-01-27,1924,11.4
1924-01-28,1924,0.1
1924-01-29,1924,0.4
1924-01-31,1924,0.8
1924-02-01,1924,8.4
1924-02-02,1924,0.0
1924-02-03,1924,0.0
1924-02-06,1924,40.1
1924-02-07,1924,0.5
1924-02-08,1924,7.4
1924-02-09,1924,0.1
1924-02-13,1924,0.1
1924-02-14,1924,1.8
1924-02-15,1924,6.3
1924-02-16,1924,5.2
1924-02-17,1924,9.8
1924-02-19,1924,14.9
1924-02-20,1924,2.7
1924-02-21,1924,14.0
1924-02-22,1924,3.2
1924-02-24,1924,0.0
1924-02-25,1924,0.0
1924-02-26,1924,0.0
1924-03-05,1924,0.0
1924-03-07,1924,0.0
1924-03-11,1924,0.4
1924-03-12,1924,0.1
1924-03-13,1924,0.5
1924-03-14,1924,0.6
1924-03-16,1924,0.3
1924-03-17,1924,0.3
1924-03-18,1924,0.0
1924-03-19,1924,0.0
1924-03-20,1924,0.0
1924-03-21,1924,0.0
1924-03-22,1924,0.0
1924-03-25,1924,0.3
1924-03-26,1924,0.0
1924-03-27,1924,0.0
1924-03-29,1924,0.0
1924-03-30,1924,0.9
1924-03-31,1924,1.3
1924-04-01,1924,0.1
1924-04-02,1924,5.1
1924-04-03,1924,10.0
1924-04-04,1924,4.1
1924-04-05,1924,3.6
1924-04-06,1924,7.6
1924-04-07,1924,31.0
1924-04-09,1924,0.0
1924-04-10,1924,0.0
1924-04-11,1924,1.9
1924-04-12,1924,1.4
1924-04-16,1924,39.1
1924-04-17,1924,16.3
1924-04-18,1924,1.5
1924-04-19,1924,0.0
1924-04-20,1924,0.0
1924-04-21,1924,0.0
1924-04-22,1924,0.0
1924-04-23,1924,0.0
1924-04-24,1924,0.0
1924-04-25,1924,9.9
1924-04-26,1924,26.0
1924-04-28,1924,0.0
1924-05-02,1924,0.0
1924-05-03,1924,0.5
1924-05-04,1924,0.2
1924-05-05,1924,0.1
1924-05-07,1924,0.0
1924-05-08,1924,0.0
1924-05-10,1924,0.1
1924-05-11,1924,0.0
1924-05-12,1924,0.0
1924-05-13,1924,0.0
1924-05-15,1924,87.8
1924-05-16,1924,1.2
1924-05-17,1924,9.6
1924-05-18,1924,5.5
1924-05-19,1924,67.9
1924-05-20,1924,0.0
1924-05-21,1924,15.2
1924-05-22,1924,133.1
1924-05-23,1924,96.7
1924-05-24,1924,8.9
1924-05-25,1924,0.0
1924-05-26,1924,0.0
1924-05-27,1924,0.0
1924-05-28,1924,1.5
1924-05-29,1924,0.0
1924-05-31,1924,0.3
1924-06-02,1924,0.0
1924-06-03,1924,0.0
1924-06-04,1924,5.4
1924-06-05,1924,48.9
1924-06-06,1924,0.0
1924-06-07,1924,3.1
1924-06-08,1924,33.2
1924-06-09,1924,3.6
1924-06-11,1924,5.6
1924-06-12,1924,50.1
1924-06-13,1924,39.3
1924-06-16,1924,27.9
1924-06-17,1924,0.1
1924-06-18,1924,15.8
1924-06-19,1924,39.3
1924-06-20,1924,60.9
1924-06-21,1924,6.5
1924-06-22,1924,6.6
1924-06-23,1924,167.7
1924-06-24,1924,39.7
1924-06-25,1924,1.1
1924-06-26,1924,0.9
1924-06-27,1924,0.8
1924-06-29,1924,13.8
1924-06-30,1924,17.8
1924-07-01,1924,30.5
1924-07-03,1924,0.6
1924-07-04,1924,2.5
1924-07-05,1924,3.9
1924-07-06,1924,14.1
1924-07-08,1924,0.0
1924-07-09,1924,0.0
1924-07-10,1924,0.0
1924-07-11,1924,0.1
1924-07-12,1924,17.1
1924-07-13,1924,2.6
1924-07-14,1924,41.6
1924-07-15,1924,32.3
1924-07-16,1924,61.7
1924-07-17,1924,16.8
1924-07-19,1924,36.4
1924-07-20,1924,30.4
1924-07-21,1924,20.4
1924-07-22,1924,23.3
1924-07-23,1924,13.9
1924-07-24,1924,21.1
1924-07-25,1924,67.2
1924-07-26,1924,10.0
1924-07-27,1924,7.2
1924-07-28,1924,4.5
1924-07-29,1924,0.0
1924-07-30,1924,1.1
1924-07-31,1924,41.7
1924-08-01,1924,6.0
1924-08-02,1924,0.1
1924-08-03,1924,0.0
1924-08-04,1924,17.8
1924-08-05,1924,3.1
1924-08-06,1924,14.6
1924-08-07,1924,0.7
1924-08-08,1924,2.7
1924-08-09,1924,36.0
1924-08-10,1924,44.8
1924-08-11,1924,5.5
1924-08-12,1924,58.8
1924-08-14,1924,0.0
1924-08-16,1924,4.5
1924-08-17,1924,0.0
1924-08-18,1924,0.0
1924-08-20,1924,12.5
1924-08-21,1924,39.5
1924-08-22,1924,0.0
1924-08-23,1924,11.5
1924-08-24,1924,9.7
1924-08-25,1924,3.8
1924-08-27,1924,0.0
1924-08-28,1924,0.0
1924-08-29,1924,0.0
1924-08-30,1924,0.0
1924-09-02,1924,0.3
1924-09-03,1924,0.6
1924-09-04,1924,1.3
1924-09-05,1924,0.0
1924-09-06,1924,0.0
1924-09-07,1924,0.0
1924-09-08,1924,0.0
1924-09-09,1924,0.0
1924-09-10,1924,0.0
1924-09-11,1924,29.8
1924-09-12,1924,34.3
1924-09-14,1924,4.6
1924-09-15,1924,2.1
1924-09-16,1924,7.5
1924-09-17,1924,39.0
1924-09-18,1924,9.7
1924-09-20,1924,0.0
1924-09-21,1924,0.0
1924-09-23,1924,2.5
1924-09-25,1924,10.2
1924-09-26,1924,0.0
1924-09-29,1924,0.0
1924-09-30,1924,22.1
1924-10-01,1924,66.1
1924-10-03,1924,0.0
1924-10-04,1924,38.3
1924-10-05,1924,86.0
1924-10-06,1924,5.4
1924-10-07,1924,0.0
1924-10-08,1924,0.0
1924-10-09,1924,0.0
1924-10-10,1924,28.9
1924-10-11,1924,0.9
1924-10-12,1924,1.1
1924-10-13,1924,0.0
1924-10-14,1924,0.0
1924-10-15,1924,0.0
1924-10-16,1924,0.0
1924-10-17,1924,3.2
1924-10-18,1924,0.8
1924-10-20,1924,0.0
1924-10-21,1924,0.0
1924-10-22,1924,0.0
1924-10-23,1924,0.0
1924-10-25,1924,0.0
1924-10-26,1924,0.0
1924-10-28,1924,0.0
1924-10-29,1924,0.0
1924-10-30,1924,0.0
1924-10-31,1924,0.0
1924-11-01,1924,0.0
1924-11-02,1924,0.0
1924-11-03,1924,0.0
1924-11-04,1924,0.0
1924-11-05,1924,0.0
1924-11-06,1924,0.0
1924-11-07,1924,0.0
1924-11-08,1924,0.0
1924-11-09,1924,0.0
1924-11-10,1924,0.0
1924-11-11,1924,0.0
1924-11-12,1924,0.0
1924-11-13,1924,0.0
1924-11-14,1924,0.0
1924-11-15,1924,0.0
1924-11-16,1924,0.0
1924-11-17,1924,0.0
1924-11-18,1924,0.0
1924-11-19,1924,0.0
1924-11-20,1924,0.0
1924-11-21,1924,0.0
1924-11-23,1924,0.0
1924-11-24,1924,0.0
1924-11-25,1924,0.0
1924-11-26,1924,0.0
1924-11-27,1924,0.0
1924-11-28,1924,0.0
1924-11-29,1924,0.0
1924-11-30,1924,0.0
1924-12-01,1924,0.0
1924-12-02,1924,0.0
1924-12-03,1924,6.2
1924-12-04,1924,7.8
1924-12-05,1924,2.1
1924-12-06,1924,0.0
1924-12-07,1924,0.0
1924-12-08,1924,0.0
1924-12-09,1924,0.0
1924-12-10,1924,0.0
1924-12-11,1924,0.0
1924-12-12,1924,0.0
1924-12-13,1924,0.0
1924-12-14,1924,0.0
1924-12-15,1924,0.0
1924-12-17,1924,0.0
1924-12-18,1924,0.0
1924-12-19,1924,0.0
1924-12-20,1924,0.0
1924-12-21,1924,0.0
1924-12-22,1924,0.0
1924-12-23,1924,0.0
1924-12-25,1924,1.8
1924-12-26,1924,0.0
1924-12-27,1924,0.0
1924-12-28,1924,0.0
1924-12-29,1924,0.0
1924-12-30,1924,0.0
1924-12-31,1924,0.0
1925-01-01,1925,0.0
1925-01-03,1925,5.8
1925-01-04,1925,4.7
1925-01-05,1925,0.6
1925-01-06,1925,1.0
1925-01-08,1925,0.0
1925-01-09,1925,0.0
1925-01-10,1925,0.0
1925-01-11,1925,0.0
1925-01-15,1925,0.5
1925-01-16,1925,18.0
1925-01-17,1925,10.7
1925-01-18,1925,7.1
1925-01-19,1925,2.5
1925-01-20,1925,0.0
1925-01-21,1925,0.0
1925-01-22,1925,0.0
1925-01-23,1925,0.0
1925-01-24,1925,0.0
1925-01-25,1925,0.0
1925-01-27,1925,0.4
1925-01-28,1925,13.4
1925-01-29,1925,45.5
1925-01-30,1925,0.0
1925-01-31,1925,0.0
1925-02-01,1925,0.0
1925-02-02,1925,0.0
1925-02-03,1925,0.0
1925-02-04,1925,0.0
1925-02-07,1925,0.0
1925-02-09,1925,0.0
1925-02-13,1925,0.7
1925-02-17,1925,0.0
1925-02-18,1925,0.1
1925-02-19,1925,2.8
1925-02-20,1925,0.0
1925-02-21,1925,0.0
1925-02-22,1925,0.0
1925-02-24,1925,2.4
1925-02-25,1925,3.4
1925-02-26,1925,0.3
1925-02-27,1925,0.0
1925-02-28,1925,0.3
1925-03-02,1925,0.0
1925-03-03,1925,0.0
1925-03-04,1925,0.0
1925-03-06,1925,0.0
1925-03-07,1925,0.0
1925-03-08,1925,0.0
1925-03-09,1925,0.0
1925-03-10,1925,0.0
1925-03-11,1925,0.0
1925-03-12,1925,0.0
1925-03-13,1925,0.0
1925-03-14,1925,0.0
1925-03-16,1925,0.1
1925-03-17,1925,0.2
1925-03-19,1925,0.5
1925-03-20,1925,33.9
1925-03-21,1925,7.7
1925-03-22,1925,38.0
1925-03-23,1925,13.2
1925-03-24,1925,8.8
1925-03-26,1925,61.2
1925-03-27,1925,23.2
1925-03-28,1925,1.7
1925-03-29,1925,7.6
1925-03-30,1925,2.9
1925-03-31,1925,11.8
1925-04-01,1925,79.0
1925-04-02,1925,1.7
1925-04-03,1925,0.0
1925-04-04,1925,53.4
1925-04-05,1925,13.7
1925-04-08,1925,6.7
1925-04-09,1925,1.6
1925-04-11,1925,0.3
1925-04-12,1925,0.0
1925-04-13,1925,0.0
1925-04-14,1925,0.0
1925-04-15,1925,28.6
1925-04-16,1925,16.1
1925-04-17,1925,0.0
1925-04-18,1925,0.0
1925-04-19,1925,0.0
1925-04-21,1925,0.0
1925-04-23,1925,0.0
1925-04-24,1925,0.0
1925-04-25,1925,0.0
1925-04-26,1925,0.3
1925-04-28,1925,0.4
1925-05-03,1925,0.0
1925-05-06,1925,3.0
1925-05-07,1925,0.0
1925-05-08,1925,0.0
1925-05-10,1925,19.5
1925-05-11,1925,5.1
1925-05-12,1925,0.0
1925-05-14,1925,0.0
1925-05-15,1925,0.0
1925-05-16,1925,0.7
1925-05-17,1925,2.6
1925-05-18,1925,17.7
1925-05-19,1925,2.0
1925-05-20,1925,0.0
1925-05-21,1925,0.0
1925-05-23,1925,0.3
1925-05-24,1925,3.3
1925-05-25,1925,3.5
1925-05-26,1925,5.6
1925-05-27,1925,0.0
1925-05-28,1925,0.4
1925-05-29,1925,0.0
1925-05-30,1925,1.9
1925-06-02,1925,3.0
1925-06-03,1925,6.9
1925-06-04,1925,27.3
1925-06-05,1925,0.0
1925-06-06,1925,0.0
1925-06-08,1925,21.4
1925-06-09,1925,0.0
1925-06-10,1925,0.0
1925-06-11,1925,0.0
1925-06-12,1925,0.0
1925-06-13,1925,0.0
1925-06-14,1925,41.9
1925-06-15,1925,191.9
1925-06-16,1925,104.1
1925-06-17,1925,31.5
1925-06-18,1925,0.6
1925-06-20,1925,0.0
1925-06-21,1925,22.6
1925-06-22,1925,26.8
1925-06-23,1925,26.9
1925-06-24,1925,57.3
1925-06-25,1925,2.0
1925-06-26,1925,15.2
1925-06-27,1925,5.4
1925-06-28,1925,2.9
1925-06-29,1925,1.7
1925-06-30,1925,5.1
1925-07-01,1925,2.5
1925-07-02,1925,1.8
1925-07-03,1925,7.8
1925-07-04,1925,0.6
1925-07-05,1925,0.4
1925-07-06,1925,0.1
1925-07-07,1925,0.0
1925-07-08,1925,0.0
1925-07-09,1925,0.0
1925-07-10,1925,0.5
1925-07-11,1925,67.9
1925-07-12,1925,4.9
1925-07-13,1925,0.0
1925-07-14,1925,57.4
1925-07-15,1925,44.8
1925-07-16,1925,38.3
1925-07-17,1925,263.7
1925-07-18,1925,19.0
1925-07-19,1925,11.5
1925-07-20,1925,0.0
1925-07-21,1925,0.0
1925-07-22,1925,0.0
1925-07-23,1925,0.0
1925-07-24,1925,0.0
1925-07-25,1925,0.0
1925-07-26,1925,1.4
1925-07-27,1925,2.0
1925-07-28,1925,0.0
1925-07-29,1925,0.0
1925-07-30,1925,0.5
1925-08-01,1925,0.0
1925-08-02,1925,0.0
1925-08-03,1925,3.5
1925-08-06,1925,0.0
1925-08-07,1925,1.7
1925-08-08,1925,24.7
1925-08-09,1925,25.5
1925-08-10,1925,0.8
1925-08-11,1925,0.1
1925-08-14,1925,0.0
1925-08-15,1925,0.0
1925-08-16,1925,0.0
1925-08-17,1925,0.0
1925-08-18,1925,2.6
1925-08-19,1925,41.3
1925-08-20,1925,0.3
1925-08-22,1925,0.0
1925-08-23,1925,0.0
1925-08-24,1925,16.0
1925-08-26,1925,0.0
1925-08-27,1925,0.0
1925-08-30,1925,9.4
1925-08-31,1925,17.4
1925-09-01,1925,12.7
1925-09-03,1925,0.0
1925-09-04,1925,0.0
1925-09-05,1925,0.0
1925-09-06,1925,0.0
1925-09-07,1925,0.0
1925-09-08,1925,0.5
1925-09-09,1925,0.0
1925-09-10,1925,26.6
1925-09-11,1925,8.0
1925-09-12,1925,4.8
1925-09-13,1925,2.8
1925-09-14,1925,0.0
1925-09-15,1925,0.0
1925-09-16,1925,0.0
1925-09-17,1925,0.0
1925-09-18,1925,26.2
1925-09-19,1925,104.6
1925-09-20,1925,0.0
1925-09-21,1925,21.7
1925-09-22,1925,0.0
1925-09-24,1925,0.0
1925-09-25,1925,0.0
1925-09-26,1925,0.0
1925-09-27,1925,20.4
1925-09-28,1925,1.6
1925-09-29,1925,7.1
1925-09-30,1925,16.0
1925-10-01,1925,56.7
1925-10-03,1925,0.4
1925-10-04,1925,0.2
1925-10-05,1925,19.4
1925-10-06,1925,0.0
1925-10-08,1925,0.0
1925-10-09,1925,0.0
1925-10-10,1925,0.0
1925-10-11,1925,0.0
1925-10-12,1925,0.0
1925-10-13,1925,0.0
1925-10-14,1925,0.0
1925-10-15,1925,0.0
1925-10-16,1925,0.0
1925-10-17,1925,0.0
1925-10-18,1925,0.0
1925-10-19,1925,0.1
1925-10-20,1925,3.6
1925-10-21,1925,0.0
1925-10-23,1925,0.0
1925-10-24,1925,0.0
1925-10-25,1925,0.0
1925-10-26,1925,0.0
1925-10-27,1925,0.0
1925-10-28,1925,0.0
1925-10-29,1925,0.0
1925-10-30,1925,0.0
1925-10-31,1925,0.0
1925-11-01,1925,0.0
1925-11-02,1925,0.0
1925-11-03,1925,0.0
1925-11-05,1925,0.0
1925-11-06,1925,0.0
1925-11-07,1925,0.0
1925-11-09,1925,0.0
1925-11-10,1925,0.0
1925-11-11,1925,0.0
1925-11-12,1925,7.2
1925-11-13,1925,0.0
1925-11-16,1925,0.3
1925-11-19,1925,0.3
1925-11-20,1925,0.0
1925-11-21,1925,0.0
1925-11-22,1925,0.0
1925-11-23,1925,0.1
1925-11-24,1925,0.1
1925-11-25,1925,19.6
1925-11-26,1925,0.0
1925-11-27,1925,0.0
1925-11-28,1925,0.0
1925-11-29,1925,0.0
1925-11-30,1925,0.0
1925-12-01,1925,0.0
1925-12-02,1925,0.0
1925-12-03,1925,0.0
1925-12-04,1925,0.0
1925-12-05,1925,0.0
1925-12-06,1925,0.0
1925-12-07,1925,0.0
1925-12-08,1925,0.0
1925-12-09,1925,1.1
1925-12-10,1925,1.2
1925-12-12,1925,0.0
1925-12-13,1925,0.0
1925-12-14,1925,0.0
1925-12-15,1925,0.0
1925-12-17,1925,0.0
1925-12-18,1925,0.0
1925-12-20,1925,0.0
1925-12-21,1925,0.0
1925-12-22,1925,0.0
1925-12-23,1925,0.0
1925-12-25,1925,0.0
1925-12-26,1925,0.2
1925-12-27,1925,0.0
1925-12-28,1925,0.0
1925-12-29,1925,0.0
1925-12-30,1925,3.4
1926-01-02,1926,0.0
1926-01-04,1926,0.1
1926-01-05,1926,4.5
1926-01-06,1926,0.0
1926-01-09,1926,0.0
1926-01-10,1926,0.0
1926-01-11,1926,0.0
1926-01-12,1926,0.0
1926-01-13,1926,0.0
1926-01-14,1926,0.0
1926-01-15,1926,0.0
1926-01-16,1926,0.0
1926-01-18,1926,0.0
1926-01-20,1926,1.0
1926-01-22,1926,0.0
1926-01-23,1926,0.0
1926-01-24,1926,0.0
1926-01-25,1926,0.0
1926-01-26,1926,0.0
1926-01-27,1926,0.0
1926-01-28,1926,0.0
1926-01-29,1926,0.0
1926-01-30,1926,0.0
1926-01-31,1926,0.1
1926-02-02,1926,0.0
1926-02-03,1926,0.0
1926-02-04,1926,0.0
1926-02-06,1926,1.2
1926-02-09,1926,0.0
1926-02-10,1926,0.0
1926-02-11,1926,0.0
1926-02-13,1926,0.0
1926-02-14,1926,0.0
1926-02-15,1926,0.1
1926-02-16,1926,0.1
1926-02-20,1926,7.9
1926-02-21,1926,17.6
1926-02-22,1926,24.3
1926-02-23,1926,0.5
1926-02-24,1926,9.1
1926-02-28,1926,0.0
1926-03-02,1926,0.3
1926-03-04,1926,0.0
1926-03-09,1926,0.1
1926-03-10,1926,0.0
1926-03-11,1926,0.0
1926-03-12,1926,0.0
1926-03-13,1926,0.4
1926-03-15,1926,0.0
1926-03-16,1926,2.5
1926-03-17,1926,9.2
1926-03-18,1926,38.0
1926-03-19,1926,0.0
1926-03-20,1926,2.1
1926-03-21,1926,16.8
1926-03-22,1926,8.8
1926-03-23,1926,10.4
1926-03-24,1926,0.4
1926-03-25,1926,5.5
1926-03-26,1926,7.3
1926-03-27,1926,1.9
1926-03-28,1926,16.8
1926-03-29,1926,2.4
1926-03-30,1926,0.0
1926-03-31,1926,0.0
1926-04-01,1926,0.0
1926-04-02,1926,0.0
1926-04-03,1926,18.7
1926-04-04,1926,0.6
1926-04-05,1926,0.1
1926-04-06,1926,11.9
1926-04-07,1926,0.0
1926-04-08,1926,0.0
1926-04-10,1926,114.3
1926-04-11,1926,35.0
1926-04-12,1926,9.6
1926-04-13,1926,34.4
1926-04-14,1926,50.1
1926-04-15,1926,16.0
1926-04-16,1926,19.3
1926-04-18,1926,1.3
1926-04-20,1926,0.0
1926-04-21,1926,9.2
1926-04-22,1926,0.0
1926-04-23,1926,0.4
1926-04-24,1926,0.6
1926-04-25,1926,0.8
1926-04-26,1926,4.4
1926-04-27,1926,16.7
1926-04-28,1926,93.0
1926-04-29,1926,0.1
1926-04-30,1926,0.0
1926-05-04,1926,0.0
1926-05-05,1926,0.0
1926-05-06,1926,0.0
1926-05-08,1926,0.0
1926-05-09,1926,0.0
1926-05-10,1926,0.0
1926-05-11,1926,7.1
1926-05-12,1926,6.3
1926-05-14,1926,0.0
1926-05-15,1926,0.0
1926-05-16,1926,0.0
1926-05-19,1926,0.0
1926-05-20,1926,0.0
1926-05-21,1926,17.1
1926-05-22,1926,10.8
1926-05-23,1926,28.3
1926-05-24,1926,38.9
1926-05-25,1926,5.9
1926-05-26,1926,30.4
1926-05-27,1926,0.0
1926-05-28,1926,0.0
1926-05-30,1926,0.9
1926-06-01,1926,5.9
1926-06-02,1926,7.1
1926-06-03,1926,6.2
1926-06-04,1926,0.1
1926-06-06,1926,0.0
1926-06-07,1926,0.0
1926-06-08,1926,0.0
1926-06-09,1926,0.6
1926-06-12,1926,0.0
1926-06-13,1926,22.9
1926-06-15,1926,1.8
1926-06-16,1926,7.3
1926-06-17,1926,10.7
1926-06-18,1926,2.6
1926-06-19,1926,0.4
1926-06-20,1926,5.0
1926-06-21,1926,4.1
1926-06-22,1926,15.1
1926-06-23,1926,30.0
1926-06-24,1926,31.9
1926-06-25,1926,6.2
1926-06-26,1926,7.8
1926-06-28,1926,2.5
1926-06-30,1926,0.0
1926-07-01,1926,0.8
1926-07-02,1926,2.3
1926-07-03,1926,6.4
1926-07-04,1926,5.5
1926-07-05,1926,4.8
1926-07-06,1926,0.6
1926-07-07,1926,1.2
1926-07-08,1926,4.3
1926-07-09,1926,2.2
1926-07-10,1926,3.6
1926-07-11,1926,0.0
1926-07-12,1926,0.0
1926-07-13,1926,0.0
1926-07-16,1926,0.0
1926-07-17,1926,9.2
1926-07-18,1926,25.8
1926-07-19,1926,534.1
1926-07-20,1926,27.1
1926-07-21,1926,1.1
1926-07-22,1926,94.5
1926-07-23,1926,5.4
1926-07-24,1926,1.2
1926-07-25,1926,15.5
1926-07-26,1926,10.9
1926-07-27,1926,0.7
1926-07-28,1926,0.0
1926-07-29,1926,0.0
1926-07-30,1926,0.0
1926-07-31,1926,0.0
1926-08-01,1926,2.0
1926-08-02,1926,34.3
1926-08-03,1926,0.3
1926-08-04,1926,9.7
1926-08-05,1926,6.7
1926-08-06,1926,8.6
1926-08-07,1926,11.2
1926-08-08,1926,7.1
1926-08-09,1926,6.9
1926-08-10,1926,0.0
1926-08-11,1926,0.0
1926-08-12,1926,0.0
1926-08-13,1926,0.0
1926-08-14,1926,0.0
1926-08-15,1926,0.0
1926-08-16,1926,0.0
1926-08-17,1926,0.0
1926-08-18,1926,18.7
1926-08-19,1926,31.2
1926-08-20,1926,3.4
1926-08-21,1926,0.0
1926-08-22,1926,0.0
1926-08-23,1926,0.0
1926-08-24,1926,0.0
1926-08-25,1926,0.0
1926-08-26,1926,8.3
1926-08-27,1926,11.8
1926-08-28,1926,29.6
1926-08-29,1926,3.2
1926-08-30,1926,10.9
1926-08-31,1926,0.0
1926-09-01,1926,19.8
1926-09-02,1926,0.0
1926-09-03,1926,0.0
1926-09-04,1926,3.2
1926-09-05,1926,2.9
1926-09-07,1926,1.8
1926-09-08,1926,0.0
1926-09-09,1926,0.4
1926-09-10,1926,0.0
1926-09-12,1926,2.9
1926-09-13,1926,65.1
1926-09-14,1926,0.3
1926-09-15,1926,0.0
1926-09-16,1926,44.5
1926-09-17,1926,5.3
1926-09-18,1926,0.0
1926-09-20,1926,2.4
1926-09-21,1926,141.5
1926-09-22,1926,0.0
1926-09-23,1926,0.0
1926-09-24,1926,0.1
1926-09-25,1926,0.0
1926-09-26,1926,6.9
1926-09-27,1926,38.1
1926-09-28,1926,27.9
1926-09-29,1926,13.6
1926-09-30,1926,62.3
1926-10-01,1926,30.5
1926-10-02,1926,1.3
1926-10-03,1926,0.9
1926-10-05,1926,0.0
1926-10-07,1926,4.4
1926-10-09,1926,2.1
1926-10-10,1926,3.4
1926-10-11,1926,6.6
1926-10-12,1926,3.2
1926-10-14,1926,29.9
1926-10-15,1926,0.7
1926-10-16,1926,0.0
1926-10-18,1926,0.0
1926-10-19,1926,0.0
1926-10-20,1926,0.0
1926-10-21,1926,0.0
1926-10-22,1926,0.0
1926-10-23,1926,0.0
1926-10-24,1926,0.0
1926-10-25,1926,0.0
1926-10-26,1926,0.0
1926-10-27,1926,0.0
1926-10-29,1926,0.0
1926-10-30,1926,0.0
1926-10-31,1926,0.0
1926-11-01,1926,0.0
1926-11-02,1926,0.0
1926-11-03,1926,0.0
1926-11-04,1926,0.0
1926-11-05,1926,0.0
1926-11-06,1926,0.0
1926-11-07,1926,0.0
1926-11-08,1926,0.0
1926-11-09,1926,0.0
1926-11-10,1926,0.0
1926-11-11,1926,0.0
1926-11-12,1926,0.0
1926-11-13,1926,0.1
1926-11-14,1926,92.6
1926-11-15,1926,26.9
1926-11-16,1926,0.1
1926-11-17,1926,0.0
1926-11-19,1926,0.0
1926-11-21,1926,0.0
1926-11-22,1926,0.0
1926-11-23,1926,0.0
1926-11-24,1926,0.0
1926-11-25,1926,0.0
1926-11-26,1926,0.0
1926-11-27,1926,0.0
1926-11-28,1926,0.0
1926-11-29,1926,0.0
1926-11-30,1926,6.7
1926-12-01,1926,10.7
1926-12-02,1926,0.0
1926-12-03,1926,0.0
1926-12-04,1926,0.0
1926-12-06,1926,0.0
1926-12-07,1926,0.0
1926-12-08,1926,0.0
1926-12-09,1926,0.0
1926-12-10,1926,0.0
1926-12-11,1926,0.0
1926-12-12,1926,0.0
1926-12-13,1926,0.3
1926-12-14,1926,0.3
1926-12-15,1926,0.0
1926-12-16,1926,0.1
1926-12-17,1926,0.1
1926-12-21,1926,0.0
1926-12-22,1926,0.0
1926-12-23,1926,0.0
1926-12-24,1926,0.0
1926-12-25,1926,0.0
1926-12-26,1926,0.0
1926-12-27,1926,0.0
1926-12-28,1926,0.0
1926-12-29,1926,0.0
1926-12-30,1926,0.0
1926-12-31,1926,0.0
1927-01-01,1927,0.0
1927-01-02,1927,0.0
1927-01-03,1927,0.0
1927-01-04,1927,0.0
1927-01-06,1927,0.0
1927-01-07,1927,1.2
1927-01-09,1927,0.0
1927-01-10,1927,0.0
1927-01-11,1927,0.0
1927-01-12,1927,0.0
1927-01-13,1927,0.0
1927-01-14,1927,0.0
1927-01-15,1927,0.0
1927-01-16,1927,0.0
1927-01-18,1927,3.1
1927-01-19,1927,3.7
1927-01-20,1927,0.0
1927-01-22,1927,0.0
1927-01-23,1927,0.0
1927-01-24,1927,0.0
1927-01-25,1927,0.0
1927-01-26,1927,0.0
1927-01-27,1927,0.0
1927-01-28,1927,0.0
1927-01-29,1927,0.0
1927-01-30,1927,0.0
1927-01-31,1927,0.0
1927-02-01,1927,0.0
1927-02-02,1927,0.0
1927-02-04,1927,0.0
1927-02-05,1927,0.0
1927-02-06,1927,0.0
1927-02-07,1927,0.2
1927-02-09,1927,0.5
1927-02-10,1927,0.3
1927-02-11,1927,0.0
1927-02-12,1927,0.0
1927-02-13,1927,0.2
1927-02-14,1927,0.3
1927-02-16,1927,42.7
1927-02-17,1927,18.8
1927-02-18,1927,40.5
1927-02-19,1927,5.2
1927-02-20,1927,0.1
1927-02-22,1927,0.0
1927-02-27,1927,0.4
1927-02-28,1927,1.1
1927-03-01,1927,0.5
1927-03-03,1927,3.4
1927-03-05,1927,0.0
1927-03-11,1927,0.0
1927-03-12,1927,0.1
1927-03-13,1927,0.2
1927-03-14,1927,18.1
1927-03-15,1927,1.1
1927-03-16,1927,4.2
1927-03-17,1927,1.6
1927-03-18,1927,8.3
1927-03-19,1927,0.1
1927-03-22,1927,0.0
1927-03-23,1927,0.3
1927-03-25,1927,28.2
1927-03-26,1927,0.0
1927-03-27,1927,0.0
1927-03-28,1927,0.5
1927-03-29,1927,9.1
1927-03-30,1927,29.6
1927-03-31,1927,9.9
1927-04-02,1927,0.8
1927-04-03,1927,24.1
1927-04-04,1927,0.1
1927-04-05,1927,6.2
1927-04-06,1927,4.8
1927-04-07,1927,20.3
1927-04-08,1927,16.6
1927-04-09,1927,19.7
1927-04-11,1927,0.0
1927-04-12,1927,0.0
1927-04-13,1927,7.6
1927-04-14,1927,0.0
1927-04-15,1927,1.3
1927-04-16,1927,2.6
1927-04-17,1927,10.4
1927-04-20,1927,51.2
1927-04-21,1927,0.9
1927-04-22,1927,6.0
1927-04-23,1927,8.3
1927-04-24,1927,0.0
1927-04-25,1927,0.0
1927-04-26,1927,0.0
1927-04-27,1927,0.0
1927-04-28,1927,0.0
1927-04-29,1927,0.0
1927-04-30,1927,0.0
1927-05-01,1927,72.7
1927-05-02,1927,14.5
1927-05-03,1927,0.0
1927-05-04,1927,0.0
1927-05-05,1927,1.0
1927-05-06,1927,107.3
1927-05-07,1927,3.2
1927-05-08,1927,42.2
1927-05-09,1927,0.1
1927-05-10,1927,3.2
1927-05-12,1927,0.2
1927-05-13,1927,0.0
1927-05-14,1927,0.0
1927-05-15,1927,0.0
1927-05-16,1927,0.0
1927-05-17,1927,9.4
1927-05-18,1927,43.4
1927-05-19,1927,60.4
1927-05-20,1927,16.3
1927-05-21,1927,2.5
1927-05-22,1927,77.5
1927-05-23,1927,184.3
1927-05-24,1927,6.1
1927-05-25,1927,0.3
1927-05-26,1927,0.0
1927-05-27,1927,0.0
1927-05-28,1927,0.8
1927-05-29,1927,0.0
1927-05-31,1927,0.8
1927-06-02,1927,0.0
1927-06-03,1927,0.0
1927-06-04,1927,0.0
1927-06-05,1927,0.6
1927-06-06,1927,17.3
1927-06-07,1927,62.3
1927-06-08,1927,20.2
1927-06-09,1927,41.3
1927-06-10,1927,38.6
1927-06-11,1927,4.4
1927-06-12,1927,6.1
1927-06-13,1927,2.2
1927-06-14,1927,2.9
1927-06-15,1927,7.0
1927-06-16,1927,0.4
1927-06-18,1927,2.7
1927-06-19,1927,0.9
1927-06-20,1927,2.7
1927-06-21,1927,6.4
1927-06-24,1927,2.4
1927-06-25,1927,0.3
1927-06-26,1927,0.0
1927-06-27,1927,0.0
1927-06-29,1927,0.3
1927-06-30,1927,77.3
1927-07-01,1927,109.4
1927-07-02,1927,30.7
1927-07-03,1927,0.1
1927-07-05,1927,0.0
1927-07-06,1927,2.0
1927-07-07,1927,3.3
1927-07-08,1927,5.9
1927-07-09,1927,2.5
1927-07-10,1927,4.8
1927-07-11,1927,1.7
1927-07-12,1927,0.0
1927-07-13,1927,0.0
1927-07-14,1927,1.2
1927-07-15,1927,0.1
1927-07-16,1927,0.0
1927-07-17,1927,46.1
1927-07-18,1927,2.4
1927-07-19,1927,5.6
1927-07-20,1927,3.8
1927-07-21,1927,3.0
1927-07-22,1927,20.9
1927-07-23,1927,3.4
1927-07-24,1927,16.5
1927-07-25,1927,88.8
1927-07-26,1927,43.5
1927-07-27,1927,2.5
1927-07-28,1927,2.3
1927-07-29,1927,0.5
1927-07-30,1927,7.2
1927-07-31,1927,67.8
1927-08-01,1927,5.0
1927-08-02,1927,43.4
1927-08-03,1927,0.0
1927-08-05,1927,0.0
1927-08-06,1927,0.6
1927-08-07,1927,18.6
1927-08-08,1927,29.0
1927-08-09,1927,4.1
1927-08-10,1927,47.0
1927-08-11,1927,0.3
1927-08-12,1927,3.7
1927-08-13,1927,0.3
1927-08-14,1927,4.3
1927-08-16,1927,43.4
1927-08-17,1927,0.0
1927-08-18,1927,0.0
1927-08-19,1927,3.0
1927-08-20,1927,143.6
1927-08-21,1927,68.0
1927-08-22,1927,1.5
1927-08-23,1927,0.0
1927-08-24,1927,0.0
1927-08-26,1927,0.0
1927-08-27,1927,0.0
1927-08-28,1927,0.0
1927-08-29,1927,18.0
1927-08-30,1927,78.5
1927-08-31,1927,18.5
1927-09-01,1927,1.3
1927-09-03,1927,0.3
1927-09-04,1927,0.1
1927-09-05,1927,28.8
1927-09-06,1927,14.4
1927-09-07,1927,0.8
1927-09-08,1927,10.9
1927-09-09,1927,0.3
1927-09-10,1927,0.0
1927-09-11,1927,0.0
1927-09-12,1927,0.0
1927-09-13,1927,25.3
1927-09-14,1927,8.8
1927-09-15,1927,0.0
1927-09-16,1927,0.0
1927-09-17,1927,13.1
1927-09-19,1927,27.0
1927-09-20,1927,11.2
1927-09-21,1927,1.2
1927-09-22,1927,0.0
1927-09-23,1927,0.0
1927-09-24,1927,0.0
1927-09-25,1927,0.3
1927-09-26,1927,3.1
1927-09-27,1927,2.3
1927-09-28,1927,0.0
1927-09-30,1927,7.9
1927-10-02,1927,0.0
1927-10-03,1927,1.6
1927-10-04,1927,0.0
1927-10-05,1927,0.0
1927-10-06,1927,0.0
1927-10-07,1927,31.6
1927-10-08,1927,20.3
1927-10-09,1927,1.8
1927-10-11,1927,22.5
1927-10-12,1927,59.5
1927-10-13,1927,0.3
1927-10-14,1927,0.0
1927-10-16,1927,0.0
1927-10-17,1927,0.0
1927-10-18,1927,0.0
1927-10-19,1927,0.0
1927-10-20,1927,0.0
1927-10-21,1927,0.0
1927-10-22,1927,0.0
1927-10-23,1927,0.0
1927-10-25,1927,0.0
1927-10-26,1927,0.0
1927-10-27,1927,0.0
1927-10-28,1927,0.0
1927-10-29,1927,0.0
1927-10-30,1927,0.0
1927-10-31,1927,0.0
1927-11-01,1927,0.0
1927-11-02,1927,0.0
1927-11-03,1927,0.0
1927-11-04,1927,0.0
1927-11-05,1927,0.0
1927-11-06,1927,0.0
1927-11-07,1927,0.0
1927-11-08,1927,0.0
1927-11-09,1927,0.0
1927-11-10,1927,0.0
1927-11-11,1927,0.0
1927-11-12,1927,0.0
1927-11-13,1927,0.0
1927-11-14,1927,0.0
1927-11-15,1927,0.0
1927-11-16,1927,0.0
1927-11-17,1927,0.0
1927-11-18,1927,0.0
1927-11-20,1927,38.8
1927-11-21,1927,0.2
1927-11-23,1927,1.0
1927-11-24,1927,0.4
1927-11-26,1927,5.4
1927-11-27,1927,0.5
1927-11-28,1927,0.0
1927-11-29,1927,0.0
1927-11-30,1927,0.0
1927-12-01,1927,0.0
1927-12-02,1927,0.0
1927-12-03,1927,0.0
1927-12-05,1927,0.0
1927-12-06,1927,0.0
1927-12-07,1927,20.8
1927-12-08,1927,0.3
1927-12-09,1927,0.0
1927-12-10,1927,0.0
1927-12-11,1927,0.0
1927-12-12,1927,0.0
1927-12-13,1927,0.0
1927-12-14,1927,0.0
1927-12-15,1927,0.0
1927-12-16,1927,0.0
1927-12-17,1927,0.0
1927-12-19,1927,0.0
1927-12-20,1927,0.0
1927-12-22,1927,0.1
1927-12-23,1927,0.0
1927-12-24,1927,0.0
1927-12-25,1927,0.0
1927-12-26,1927,0.0
1927-12-27,1927,0.0
1927-12-29,1927,13.8
1928-01-02,1928,11.2
1928-01-03,1928,10.0
1928-01-04,1928,0.0
1928-01-05,1928,0.0
1928-01-06,1928,0.0
1928-01-08,1928,11.6
1928-01-10,1928,0.0
1928-01-11,1928,0.2
1928-01-14,1928,0.0
1928-01-15,1928,0.1
1928-01-16,1928,0.0
1928-01-17,1928,0.0
1928-01-18,1928,0.0
1928-01-20,1928,0.4
1928-01-25,1928,2.3
1928-01-27,1928,0.0
1928-01-28,1928,0.1
1928-01-29,1928,6.8
1928-01-30,1928,3.8
1928-01-31,1928,1.3
1928-02-05,1928,0.1
1928-02-06,1928,0.0
1928-02-07,1928,0.0
1928-02-08,1928,0.0
1928-02-09,1928,0.0
1928-02-10,1928,0.0
1928-02-11,1928,0.0
1928-02-12,1928,8.8
1928-02-13,1928,12.1
1928-02-14,1928,0.0
1928-02-16,1928,0.0
1928-02-17,1928,0.0
1928-02-18,1928,0.0
1928-02-19,1928,0.0
1928-02-20,1928,0.0
1928-02-21,1928,0.0
1928-02-22,1928,0.0
1928-02-23,1928,0.0
1928-02-24,1928,0.0
1928-02-25,1928,0.9
1928-02-26,1928,10.5
1928-02-27,1928,39.6
1928-02-28,1928,2.0
1928-02-29,1928,16.7
1928-03-01,1928,0.0
1928-03-02,1928,0.0
1928-03-03,1928,0.0
1928-03-04,1928,0.0
1928-03-05,1928,0.7
1928-03-06,1928,13.5
1928-03-07,1928,78.8
1928-03-08,1928,2.7
1928-03-09,1928,0.0
1928-03-10,1928,0.0
1928-03-11,1928,0.5
1928-03-12,1928,0.6
1928-03-14,1928,0.3
1928-03-15,1928,0.7
1928-03-16,1928,0.1
1928-03-17,1928,0.0
1928-03-18,1928,0.0
1928-03-19,1928,0.0
1928-03-20,1928,0.0
1928-03-21,1928,0.0
1928-03-23,1928,0.3
1928-03-24,1928,1.4
1928-03-26,1928,1.3
1928-03-28,1928,7.6
1928-03-29,1928,15.1
1928-03-30,1928,1.5
1928-03-31,1928,6.8
1928-04-01,1928,1.0
1928-04-02,1928,0.5
1928-04-03,1928,0.1
1928-04-05,1928,0.0
1928-04-06,1928,0.0
1928-04-07,1928,0.0
1928-04-08,1928,0.0
1928-04-09,1928,0.0
1928-04-12,1928,0.0
1928-04-13,1928,0.7
1928-04-14,1928,0.0
1928-04-15,1928,0.0
1928-04-16,1928,0.0
1928-04-17,1928,0.4
1928-04-18,1928,0.8
1928-04-19,1928,20.6
1928-04-20,1928,20.6
1928-04-21,1928,9.4
1928-04-22,1928,47.3
1928-04-23,1928,0.0
1928-04-24,1928,2.9
1928-04-25,1928,0.1
1928-04-26,1928,0.0
1928-05-01,1928,9.1
1928-05-02,1928,2.0
1928-05-03,1928,0.0
1928-05-04,1928,0.0
1928-05-05,1928,0.0
1928-05-06,1928,0.0
1928-05-07,1928,0.0
1928-05-08,1928,0.0
1928-05-09,1928,0.0
1928-05-10,1928,22.5
1928-05-11,1928,0.0
1928-05-12,1928,0.0
1928-05-13,1928,0.0
1928-05-14,1928,52.5
1928-05-15,1928,11.8
1928-05-16,1928,7.2
1928-05-17,1928,12.8
1928-05-18,1928,8.4
1928-05-19,1928,4.5
1928-05-20,1928,0.1
1928-05-21,1928,45.5
1928-05-22,1928,3.3
1928-05-23,1928,0.0
1928-05-24,1928,3.3
1928-05-25,1928,4.9
1928-05-26,1928,38.2
1928-05-27,1928,16.9
1928-05-28,1928,0.1
1928-05-29,1928,104.2
1928-05-30,1928,34.9
1928-05-31,1928,85.8
1928-06-01,1928,100.5
1928-06-02,1928,51.4
1928-06-03,1928,1.1
1928-06-04,1928,3.9
1928-06-05,1928,0.0
1928-06-06,1928,0.0
1928-06-08,1928,2.1
1928-06-09,1928,5.0
1928-06-10,1928,2.7
1928-06-11,1928,5.7
1928-06-12,1928,69.4
1928-06-13,1928,0.0
1928-06-14,1928,2.1
1928-06-16,1928,0.0
1928-06-17,1928,0.0
1928-06-18,1928,0.6
1928-06-19,1928,1.0
1928-06-21,1928,1.1
1928-06-22,1928,0.8
1928-06-23,1928,51.1
1928-06-24,1928,18.4
1928-06-25,1928,10.6
1928-06-26,1928,3.0
1928-06-27,1928,2.4
1928-06-28,1928,5.6
1928-06-29,1928,1.3
1928-06-30,1928,44.7
1928-07-01,1928,37.1
1928-07-02,1928,8.2
1928-07-03,1928,0.9
1928-07-04,1928,0.0
1928-07-05,1928,0.0
1928-07-06,1928,0.0
1928-07-07,1928,0.0
1928-07-08,1928,0.3
1928-07-09,1928,6.9
1928-07-10,1928,2.9
1928-07-11,1928,0.0
1928-07-12,1928,8.1
1928-07-13,1928,9.2
1928-07-14,1928,20.5
1928-07-15,1928,23.6
1928-07-16,1928,0.7
1928-07-17,1928,0.0
1928-07-18,1928,0.0
1928-07-19,1928,0.0
1928-07-20,1928,1.8
1928-07-21,1928,0.7
1928-07-22,1928,0.5
1928-07-23,1928,0.0
1928-07-24,1928,0.0
1928-07-25,1928,0.0
1928-07-26,1928,0.0
1928-07-27,1928,0.0
1928-07-28,1928,0.0
1928-07-29,1928,0.0
1928-07-30,1928,0.0
1928-08-01,1928,0.5
1928-08-02,1928,0.0
1928-08-04,1928,22.7
1928-08-05,1928,82.0
1928-08-06,1928,15.2
1928-08-07,1928,2.3
1928-08-08,1928,18.7
1928-08-09,1928,7.8
1928-08-10,1928,31.8
1928-08-11,1928,0.0
1928-08-13,1928,34.9
1928-08-14,1928,18.9
1928-08-15,1928,0.3
1928-08-16,1928,0.0
1928-08-19,1928,6.6
1928-08-20,1928,0.0
1928-08-21,1928,5.3
1928-08-22,1928,2.0
1928-08-25,1928,3.1
1928-08-26,1928,24.0
1928-08-27,1928,0.3
1928-08-28,1928,0.0
1928-08-29,1928,2.6
1928-08-30,1928,48.6
1928-08-31,1928,0.1
1928-09-01,1928,0.1
1928-09-02,1928,0.0
1928-09-03,1928,0.0
1928-09-04,1928,0.0
1928-09-05,1928,1.1
1928-09-06,1928,0.0
1928-09-07,1928,0.0
1928-09-08,1928,1.9
1928-09-09,1928,0.0
1928-09-10,1928,0.1
1928-09-11,1928,24.2
1928-09-12,1928,0.0
1928-09-13,1928,0.0
1928-09-16,1928,0.0
1928-09-17,1928,0.0
1928-09-18,1928,20.9
1928-09-22,1928,14.7
1928-09-23,1928,0.0
1928-09-24,1928,3.5
1928-09-25,1928,7.9
1928-09-27,1928,0.0
1928-09-29,1928,21.1
1928-09-30,1928,4.3
1928-10-01,1928,0.3
1928-10-02,1928,0.1
1928-10-05,1928,5.5
1928-10-06,1928,0.1
1928-10-08,1928,0.0
1928-10-09,1928,0.0
1928-10-10,1928,0.0
1928-10-11,1928,0.0
1928-10-12,1928,0.0
1928-10-13,1928,0.0
1928-10-14,1928,0.0
1928-10-15,1928,0.0
1928-10-16,1928,0.0
1928-10-17,1928,0.0
1928-10-18,1928,4.7
1928-10-19,1928,0.0
1928-10-20,1928,0.0
1928-10-21,1928,0.0
1928-10-22,1928,0.0
1928-10-23,1928,0.0
1928-10-24,1928,0.0
1928-10-25,1928,0.0
1928-10-26,1928,0.0
1928-10-27,1928,0.0
1928-10-28,1928,0.0
1928-10-29,1928,0.0
1928-10-30,1928,0.0
1928-10-31,1928,0.4
1928-11-01,1928,0.0
1928-11-02,1928,0.0
1928-11-03,1928,0.0
1928-11-04,1928,0.0
1928-11-05,1928,0.0
1928-11-07,1928,3.8
1928-11-09,1928,0.0
1928-11-11,1928,0.0
1928-11-12,1928,1.9
1928-11-13,1928,11.1
1928-11-14,1928,3.8
1928-11-15,1928,0.1
1928-11-16,1928,0.0
1928-11-17,1928,0.0
1928-11-18,1928,0.0
1928-11-20,1928,0.0
1928-11-21,1928,0.0
1928-11-22,1928,0.0
1928-11-23,1928,0.0
1928-11-24,1928,0.0
1928-11-25,1928,0.0
1928-11-27,1928,0.1
1928-11-28,1928,0.0
1928-11-30,1928,0.0
1928-12-01,1928,0.0
1928-12-02,1928,0.0
1928-12-05,1928,0.0
1928-12-06,1928,0.0
1928-12-07,1928,0.0
1928-12-08,1928,0.0
1928-12-09,1928,0.0
1928-12-10,1928,0.0
1928-12-11,1928,0.5
1928-12-15,1928,0.0
1928-12-16,1928,0.0
1928-12-18,1928,0.0
1928-12-19,1928,0.0
1928-12-20,1928,0.0
1928-12-21,1928,0.0
1928-12-22,1928,0.0
1928-12-24,1928,0.0
1928-12-26,1928,0.0
1928-12-27,1928,0.0
1928-12-28,1928,0.0
1928-12-30,1928,0.0
1928-12-31,1928,0.0
1929-01-01,1929,0.0
1929-01-02,1929,0.0
1929-01-04,1929,0.0
1929-01-05,1929,0.0
1929-01-06,1929,0.0
1929-01-07,1929,0.0
1929-01-08,1929,1.2
1929-01-09,1929,0.0
1929-01-10,1929,0.0
1929-01-11,1929,0.0
1929-01-12,1929,0.0
1929-01-13,1929,0.0
1929-01-14,1929,0.0
1929-01-15,1929,0.0
1929-01-17,1929,0.0
1929-01-18,1929,0.0
1929-01-19,1929,0.0
1929-01-20,1929,0.0
1929-01-21,1929,0.0
1929-01-22,1929,0.0
1929-01-23,1929,0.2
1929-01-24,1929,0.0
1929-01-26,1929,1.2
1929-01-27,1929,10.6
1929-01-28,1929,7.9
1929-01-29,1929,0.7
1929-01-30,1929,0.6
1929-01-31,1929,0.8
1929-02-01,1929,0.1
1929-02-02,1929,0.0
1929-02-04,1929,0.0
1929-02-05,1929,0.2
1929-02-06,1929,0.1
1929-02-07,1929,0.4
1929-02-08,1929,0.0
1929-02-09,1929,0.0
1929-02-11,1929,0.0
1929-02-12,1929,0.0
1929-02-16,1929,0.0
1929-02-17,1929,0.0
1929-02-18,1929,0.0
1929-02-19,1929,0.0
1929-02-20,1929,0.0
1929-02-21,1929,0.0
1929-02-22,1929,0.0
1929-02-23,1929,0.1
1929-02-24,1929,0.1
1929-02-25,1929,0.0
1929-02-26,1929,5.5
1929-02-27,1929,8.3
1929-03-01,1929,0.0
1929-03-04,1929,0.0
1929-03-05,1929,0.0
1929-03-06,1929,0.0
1929-03-07,1929,0.0
1929-03-08,1929,0.0
1929-03-09,1929,0.0
1929-03-10,1929,0.0
1929-03-11,1929,0.0
1929-03-12,1929,0.0
1929-03-14,1929,0.1
1929-03-15,1929,0.0
1929-03-16,1929,0.0
1929-03-17,1929,0.0
1929-03-18,1929,0.0
1929-03-19,1929,0.0
1929-03-20,1929,0.0
1929-03-21,1929,0.0
1929-03-22,1929,0.0
1929-03-23,1929,0.0
1929-03-24,1929,0.0
1929-03-28,1929,0.0
1929-03-29,1929,12.7
1929-04-02,1929,0.0
1929-04-05,1929,0.0
1929-04-07,1929,0.0
1929-04-08,1929,0.0
1929-04-09,1929,0.0
1929-04-11,1929,6.5
1929-04-12,1929,0.0
1929-04-13,1929,0.0
1929-04-14,1929,0.0
1929-04-15,1929,0.0
1929-04-16,1929,0.0
1929-04-17,1929,0.0
1929-04-18,1929,0.0
1929-04-19,1929,1.6
1929-04-20,1929,0.0
1929-04-21,1929,0.0
1929-04-23,1929,0.3
1929-04-25,1929,0.1
1929-04-26,1929,0.4
1929-04-27,1929,12.9
1929-04-28,1929,0.0
1929-04-29,1929,17.4
1929-05-02,1929,0.0
1929-05-03,1929,56.5
1929-05-04,1929,16.2
1929-05-05,1929,1.2
1929-05-07,1929,7.1
1929-05-08,1929,41.7
1929-05-09,1929,6.3
1929-05-10,1929,2.7
1929-05-11,1929,0.9
1929-05-13,1929,9.2
1929-05-14,1929,1.6
1929-05-15,1929,9.0
1929-05-17,1929,3.0
1929-05-18,1929,0.0
1929-05-19,1929,1.7
1929-05-20,1929,1.5
1929-05-22,1929,0.0
1929-05-23,1929,0.7
1929-05-24,1929,8.7
1929-05-26,1929,0.1
1929-05-27,1929,0.4
1929-05-28,1929,0.0
1929-05-29,1929,0.0
1929-05-30,1929,0.0
1929-06-01,1929,0.0
1929-06-03,1929,0.0
1929-06-04,1929,0.0
1929-06-05,1929,0.0
1929-06-06,1929,0.0
1929-06-07,1929,3.6
1929-06-08,1929,5.4
1929-06-14,1929,3.8
1929-06-15,1929,13.9
1929-06-16,1929,0.4
1929-06-17,1929,1.8
1929-06-19,1929,6.0
1929-06-20,1929,0.9
1929-06-21,1929,4.7
1929-06-22,1929,12.2
1929-06-23,1929,9.4
1929-06-24,1929,12.8
1929-06-25,1929,32.2
1929-06-27,1929,0.0
1929-06-28,1929,0.0
1929-06-29,1929,0.0
1929-06-30,1929,0.0
1929-07-01,1929,9.0
1929-07-02,1929,3.7
1929-07-03,1929,1.5
1929-07-04,1929,0.9
1929-07-05,1929,3.1
1929-07-07,1929,0.0
1929-07-08,1929,1.0
1929-07-10,1929,0.1
1929-07-11,1929,35.5
1929-07-12,1929,81.1
1929-07-13,1929,46.9
1929-07-14,1929,53.6
1929-07-15,1929,24.0
1929-07-16,1929,0.8
1929-07-17,1929,0.0
1929-07-18,1929,0.0
1929-07-20,1929,8.0
1929-07-21,1929,43.9
1929-07-22,1929,102.0
1929-07-23,1929,15.1
1929-07-24,1929,7.3
1929-07-25,1929,0.0
1929-07-26,1929,5.2
1929-07-27,1929,40.6
1929-07-28,1929,72.7
1929-07-30,1929,7.3
1929-07-31,1929,14.9
1929-08-01,1929,16.6
1929-08-02,1929,54.8
1929-08-04,1929,13.3
1929-08-05,1929,6.5
1929-08-06,1929,23.9
1929-08-07,1929,0.9
1929-08-08,1929,0.0
1929-08-09,1929,14.3
1929-08-11,1929,0.0
1929-08-12,1929,3.7
1929-08-13,1929,0.7
1929-08-14,1929,11.0
1929-08-15,1929,34.7
1929-08-16,1929,181.8
1929-08-17,1929,19.1
1929-08-18,1929,24.5
1929-08-19,1929,18.8
1929-08-20,1929,0.1
1929-08-21,1929,0.3
1929-08-22,1929,55.6
1929-08-23,1929,3.1
1929-08-25,1929,0.0
1929-08-26,1929,0.1
1929-08-27,1929,1.0
1929-08-28,1929,0.1
1929-08-30,1929,0.0
1929-08-31,1929,24.2
1929-09-01,1929,44.8
1929-09-03,1929,0.0
1929-09-04,1929,0.0
1929-09-05,1929,14.4
1929-09-06,1929,25.2
1929-09-07,1929,0.0
1929-09-08,1929,0.0
1929-09-09,1929,0.0
1929-09-10,1929,11.3
1929-09-11,1929,2.4
1929-09-12,1929,8.5
1929-09-13,1929,0.2
1929-09-14,1929,7.5
1929-09-15,1929,24.3
1929-09-16,1929,1.3
1929-09-17,1929,0.7
1929-09-19,1929,11.0
1929-09-20,1929,0.5
1929-09-21,1929,0.1
1929-09-22,1929,0.0
1929-09-23,1929,0.0
1929-09-25,1929,0.0
1929-09-26,1929,0.0
1929-09-27,1929,0.3
1929-09-29,1929,33.4
1929-09-30,1929,88.1
1929-10-01,1929,2.1
1929-10-02,1929,0.7
1929-10-03,1929,0.4
1929-10-04,1929,0.0
1929-10-05,1929,0.0
1929-10-07,1929,0.6
1929-10-08,1929,0.0
1929-10-09,1929,0.0
1929-10-10,1929,0.0
1929-10-11,1929,0.0
1929-10-12,1929,0.0
1929-10-13,1929,0.0
1929-10-14,1929,0.0
1929-10-15,1929,0.0
1929-10-16,1929,0.0
1929-10-17,1929,0.0
1929-10-18,1929,0.0
1929-10-19,1929,0.0
1929-10-20,1929,0.0
1929-10-21,1929,0.0
1929-10-22,1929,0.0
1929-10-24,1929,0.0
1929-10-25,1929,0.0
1929-10-26,1929,0.0
1929-10-27,1929,0.0
1929-10-28,1929,0.0
1929-10-29,1929,0.0
1929-10-30,1929,0.0
1929-10-31,1929,0.0
1929-11-01,1929,0.0
1929-11-02,1929,0.0
1929-11-06,1929,27.2
1929-11-07,1929,2.1
1929-11-10,1929,0.0
1929-11-11,1929,0.0
1929-11-12,1929,0.0
1929-11-13,1929,0.0
1929-11-14,1929,0.2
1929-11-15,1929,5.4
1929-11-16,1929,0.0
1929-11-17,1929,0.1
1929-11-18,1929,0.0
1929-11-19,1929,0.0
1929-11-20,1929,0.0
1929-11-21,1929,0.0
1929-11-22,1929,0.0
1929-11-23,1929,0.0
1929-11-24,1929,0.0
1929-11-25,1929,0.0
1929-11-26,1929,0.0
1929-11-27,1929,0.0
1929-11-28,1929,0.0
1929-11-29,1929,0.0
1929-11-30,1929,0.0
1929-12-01,1929,0.0
1929-12-02,1929,0.0
1929-12-03,1929,0.0
1929-12-04,1929,0.0
1929-12-05,1929,0.0
1929-12-06,1929,0.0
1929-12-07,1929,0.0
1929-12-08,1929,0.0
1929-12-09,1929,0.0
1929-12-10,1929,0.0
1929-12-12,1929,0.0
1929-12-13,1929,0.0
1929-12-14,1929,0.0
1929-12-17,1929,2.6
1929-12-18,1929,1.0
1929-12-19,1929,1.3
1929-12-22,1929,2.1
1929-12-23,1929,0.0
1929-12-24,1929,0.0
1929-12-25,1929,0.0
1929-12-26,1929,0.0
1929-12-27,1929,0.0
1929-12-28,1929,0.1
1929-12-29,1929,1.3
1929-12-30,1929,0.3
1929-12-31,1929,2.1
1930-01-04,1930,0.1
1930-01-05,1930,0.0
1930-01-06,1930,0.0
1930-01-07,1930,0.0
1930-01-08,1930,0.0
1930-01-09,1930,0.4
1930-01-10,1930,12.3
1930-01-11,1930,1.9
1930-01-12,1930,0.0
1930-01-13,1930,0.0
1930-01-16,1930,0.7
1930-01-19,1930,0.2
1930-01-21,1930,0.0
1930-01-22,1930,0.0
1930-01-25,1930,6.9
1930-01-26,1930,16.7
1930-01-27,1930,11.2
1930-01-28,1930,7.5
1930-02-01,1930,0.0
1930-02-02,1930,0.0
1930-02-04,1930,0.1
1930-02-06,1930,0.4
1930-02-07,1930,15.8
1930-02-08,1930,0.0
1930-02-09,1930,0.0
1930-02-11,1930,0.2
1930-02-12,1930,2.3
1930-02-13,1930,14.7
1930-02-14,1930,0.4
1930-02-15,1930,0.0
1930-02-16,1930,0.0
1930-02-17,1930,0.0
1930-02-18,1930,0.0
1930-02-19,1930,0.0
1930-02-20,1930,0.0
1930-02-21,1930,0.0
1930-02-22,1930,0.0
1930-02-23,1930,0.0
1930-02-24,1930,0.0
1930-02-25,1930,0.0
1930-02-26,1930,1.1
1930-02-27,1930,0.1
1930-03-02,1930,0.0
1930-03-03,1930,0.0
1930-03-04,1930,0.7
1930-03-05,1930,6.4
1930-03-06,1930,24.3
1930-03-07,1930,0.2
1930-03-08,1930,0.0
1930-03-09,1930,0.0
1930-03-10,1930,0.5
1930-03-11,1930,0.6
1930-03-12,1930,2.0
1930-03-13,1930,0.0
1930-03-14,1930,0.1
1930-03-15,1930,0.0
1930-03-16,1930,0.1
1930-03-17,1930,0.0
1930-03-18,1930,55.1
1930-03-19,1930,0.1
1930-03-20,1930,0.0
1930-03-21,1930,0.0
1930-03-22,1930,0.0
1930-03-23,1930,0.1
1930-03-24,1930,0.0
1930-03-25,1930,0.0
1930-03-27,1930,54.4
1930-03-28,1930,25.4
1930-03-29,1930,6.6
1930-03-30,1930,0.1
1930-03-31,1930,7.1
1930-04-02,1930,0.0
1930-04-03,1930,0.0
1930-04-04,1930,0.0
1930-04-05,1930,9.6
1930-04-06,1930,11.4
1930-04-09,1930,0.0
1930-04-10,1930,0.0
1930-04-11,1930,0.0
1930-04-12,1930,2.0
1930-04-13,1930,0.4
1930-04-15,1930,0.0
1930-04-17,1930,0.0
1930-04-18,1930,0.2
1930-04-19,1930,0.2
1930-04-20,1930,0.0
1930-04-21,1930,0.1
1930-04-22,1930,2.4
1930-04-24,1930,0.1
1930-04-25,1930,21.9
1930-04-26,1930,0.1
1930-04-27,1930,4.7
1930-04-29,1930,0.0
1930-04-30,1930,0.0
1930-05-02,1930,0.9
1930-05-03,1930,8.3
1930-05-04,1930,0.0
1930-05-05,1930,0.0
1930-05-07,1930,0.6
1930-05-08,1930,81.7
1930-05-09,1930,0.0
1930-05-10,1930,9.1
1930-05-11,1930,27.9
1930-05-12,1930,4.1
1930-05-14,1930,0.0
1930-05-15,1930,0.0
1930-05-16,1930,0.0
1930-05-18,1930,9.7
1930-05-19,1930,0.4
1930-05-20,1930,0.4
1930-05-21,1930,1.7
1930-05-22,1930,0.0
1930-05-24,1930,5.7
1930-05-25,1930,3.4
1930-05-27,1930,3.6
1930-05-29,1930,0.1
1930-05-30,1930,0.0
1930-05-31,1930,0.0
1930-06-01,1930,4.8
1930-06-04,1930,7.4
1930-06-05,1930,118.8
1930-06-06,1930,14.6
1930-06-07,1930,9.1
1930-06-08,1930,1.3
1930-06-09,1930,73.4
1930-06-10,1930,6.7
1930-06-11,1930,5.2
1930-06-12,1930,0.0
1930-06-13,1930,0.1
1930-06-14,1930,0.0
1930-06-15,1930,0.1
1930-06-16,1930,0.0
1930-06-17,1930,29.8
1930-06-18,1930,17.8
1930-06-19,1930,1.5
1930-06-20,1930,0.9
1930-06-21,1930,2.7
1930-06-22,1930,1.8
1930-06-23,1930,0.0
1930-06-24,1930,0.3
1930-06-25,1930,2.0
1930-06-26,1930,5.6
1930-06-27,1930,6.6
1930-06-28,1930,0.7
1930-06-30,1930,0.0
1930-07-01,1930,23.4
1930-07-02,1930,13.0
1930-07-03,1930,0.0
1930-07-04,1930,16.4
1930-07-05,1930,1.8
1930-07-06,1930,15.1
1930-07-07,1930,16.7
1930-07-08,1930,4.6
1930-07-09,1930,8.7
1930-07-10,1930,3.5
1930-07-11,1930,6.7
1930-07-12,1930,0.0
1930-07-13,1930,0.0
1930-07-14,1930,40.9
1930-07-15,1930,32.2
1930-07-16,1930,92.9
1930-07-17,1930,42.6
1930-07-18,1930,34.2
1930-07-19,1930,90.5
1930-07-20,1930,39.9
1930-07-22,1930,0.0
1930-07-23,1930,0.0
1930-07-24,1930,147.9
1930-07-25,1930,85.8
1930-07-26,1930,0.6
1930-07-27,1930,0.0
1930-07-28,1930,0.0
1930-07-30,1930,6.4
1930-07-31,1930,13.7
1930-08-01,1930,22.1
1930-08-02,1930,27.0
1930-08-04,1930,0.0
1930-08-05,1930,0.6
1930-08-06,1930,0.0
1930-08-07,1930,0.0
1930-08-08,1930,0.0
1930-08-09,1930,0.0
1930-08-10,1930,0.0
1930-08-11,1930,0.0
1930-08-12,1930,0.0
1930-08-13,1930,0.4
1930-08-14,1930,0.5
1930-08-15,1930,0.1
1930-08-16,1930,0.9
1930-08-17,1930,0.0
1930-08-18,1930,0.0
1930-08-20,1930,0.0
1930-08-21,1930,89.7
1930-08-22,1930,4.6
1930-08-24,1930,1.8
1930-08-25,1930,6.5
1930-08-26,1930,0.0
1930-08-27,1930,0.0
1930-08-28,1930,0.0
1930-08-29,1930,0.0
1930-09-01,1930,0.0
1930-09-02,1930,0.0
1930-09-03,1930,0.0
1930-09-04,1930,14.4
1930-09-05,1930,3.8
1930-09-06,1930,2.1
1930-09-11,1930,39.6
1930-09-12,1930,0.7
1930-09-13,1930,1.2
1930-09-14,1930,65.8
1930-09-15,1930,97.3
1930-09-16,1930,132.5
1930-09-17,1930,202.2
1930-09-18,1930,36.9
1930-09-20,1930,0.0
1930-09-21,1930,0.0
1930-09-25,1930,0.0
1930-09-26,1930,0.0
1930-09-27,1930,2.5
1930-09-28,1930,109.9
1930-09-29,1930,3.9
1930-09-30,1930,5.1
1930-10-01,1930,0.0
1930-10-03,1930,0.0
1930-10-04,1930,0.0
1930-10-05,1930,0.0
1930-10-06,1930,0.0
1930-10-07,1930,0.0
1930-10-08,1930,0.0
1930-10-09,1930,0.0
1930-10-10,1930,0.0
1930-10-11,1930,0.0
1930-10-12,1930,0.0
1930-10-13,1930,0.0
1930-10-14,1930,0.0
1930-10-15,1930,0.0
1930-10-16,1930,0.0
1930-10-17,1930,0.0
1930-10-19,1930,0.0
1930-10-20,1930,0.0
1930-10-21,1930,0.0
1930-10-22,1930,0.0
1930-10-25,1930,0.0
1930-10-27,1930,0.0
1930-10-28,1930,0.0
1930-10-29,1930,0.0
1930-10-31,1930,10.4
1930-11-02,1930,0.9
1930-11-04,1930,0.0
1930-11-05,1930,0.0
1930-11-06,1930,0.0
1930-11-07,1930,0.0
1930-11-08,1930,0.0
1930-11-09,1930,0.0
1930-11-10,1930,0.0
1930-11-12,1930,0.0
1930-11-13,1930,0.0
1930-11-14,1930,0.0
1930-11-15,1930,0.0
1930-11-16,1930,0.0
1930-11-17,1930,0.0
1930-11-18,1930,0.0
1930-11-19,1930,0.0
1930-11-20,1930,0.0
1930-11-21,1930,0.0
1930-11-22,1930,0.0
1930-11-23,1930,0.0
1930-11-24,1930,0.0
1930-11-25,1930,0.0
1930-11-26,1930,0.0
1930-11-27,1930,0.0
1930-11-28,1930,0.0
1930-11-29,1930,0.0
1930-11-30,1930,0.0
1930-12-02,1930,0.7
1930-12-04,1930,1.0
1930-12-05,1930,0.0
1930-12-06,1930,0.0
1930-12-08,1930,4.5
1930-12-09,1930,4.1
1930-12-10,1930,0.0
1930-12-11,1930,0.0
1930-12-12,1930,0.0
1930-12-15,1930,0.0
1930-12-16,1930,0.0
1930-12-18,1930,0.0
1930-12-21,1930,0.4
1930-12-22,1930,8.5
1930-12-23,1930,3.2
1930-12-24,1930,0.3
1930-12-25,1930,0.0
1930-12-26,1930,0.0
1930-12-27,1930,0.0
1930-12-28,1930,0.0
1930-12-29,1930,0.0
1930-12-30,1930,0.0
1930-12-31,1930,0.0
1931-01-01,1931,0.0
1931-01-02,1931,0.0
1931-01-04,1931,0.1
1931-01-05,1931,0.1
1931-01-07,1931,1.0
1931-01-08,1931,1.6
1931-01-10,1931,0.0
1931-01-11,1931,0.0
1931-01-12,1931,0.0
1931-01-14,1931,0.0
1931-01-15,1931,0.0
1931-01-16,1931,0.0
1931-01-18,1931,0.0
1931-01-19,1931,0.0
1931-01-23,1931,0.0
1931-01-26,1931,0.3
1931-01-27,1931,5.3
1931-01-31,1931,0.0
1931-02-01,1931,0.0
1931-02-04,1931,0.3
1931-02-05,1931,1.0
1931-02-10,1931,1.4
1931-02-12,1931,0.1
1931-02-15,1931,1.1
1931-02-16,1931,0.4
1931-02-17,1931,1.0
1931-02-22,1931,2.7
1931-02-23,1931,1.2
1931-02-25,1931,0.1
1931-02-26,1931,4.5
1931-02-27,1931,0.0
1931-02-28,1931,0.0
1931-03-01,1931,0.0
1931-03-02,1931,1.5
1931-03-04,1931,0.5
1931-03-05,1931,0.4
1931-03-07,1931,0.1
1931-03-10,1931,2.7
1931-03-11,1931,0.0
1931-03-12,1931,0.0
1931-03-13,1931,2.8
1931-03-14,1931,3.4
1931-03-15,1931,34.7
1931-03-16,1931,1.2
1931-03-17,1931,26.4
1931-03-18,1931,3.1
1931-03-19,1931,0.0
1931-03-21,1931,3.8
1931-03-22,1931,0.0
1931-03-23,1931,0.0
1931-03-25,1931,0.0
1931-03-26,1931,0.4
1931-03-28,1931,0.0
1931-03-30,1931,0.0
1931-03-31,1931,0.0
1931-04-03,1931,0.3
1931-04-04,1931,0.0
1931-04-05,1931,2.1
1931-04-07,1931,27.4
1931-04-08,1931,14.0
1931-04-10,1931,0.0
1931-04-11,1931,0.0
1931-04-12,1931,19.2
1931-04-13,1931,13.8
1931-04-14,1931,0.8
1931-04-15,1931,0.6
1931-04-16,1931,6.7
1931-04-17,1931,1.2
1931-04-18,1931,4.7
1931-04-19,1931,90.1
1931-04-20,1931,43.3
1931-04-21,1931,0.0
1931-04-22,1931,2.4
1931-04-23,1931,0.3
1931-04-25,1931,0.1
1931-04-26,1931,0.0
1931-04-27,1931,0.0
1931-04-28,1931,0.0
1931-04-30,1931,0.0
1931-05-01,1931,7.0
1931-05-02,1931,35.2
1931-05-03,1931,3.7
1931-05-06,1931,2.4
1931-05-09,1931,0.3
1931-05-10,1931,1.9
1931-05-11,1931,7.8
1931-05-12,1931,0.1
1931-05-13,1931,1.4
1931-05-14,1931,2.7
1931-05-15,1931,23.1
1931-05-16,1931,0.0
1931-05-17,1931,0.0
1931-05-18,1931,0.3
1931-05-19,1931,52.3
1931-05-20,1931,52.8
1931-05-23,1931,0.0
1931-05-24,1931,19.1
1931-05-25,1931,22.6
1931-05-26,1931,0.5
1931-05-28,1931,2.6
1931-05-29,1931,11.5
1931-05-30,1931,0.0
1931-05-31,1931,57.6
1931-06-01,1931,3.7
1931-06-02,1931,0.0
1931-06-06,1931,25.5
1931-06-07,1931,0.0
1931-06-09,1931,27.2
1931-06-10,1931,12.4
1931-06-11,1931,1.8
1931-06-12,1931,13.4
1931-06-13,1931,0.4
1931-06-14,1931,5.6
1931-06-17,1931,8.9
1931-06-18,1931,7.6
1931-06-19,1931,5.2
1931-06-20,1931,0.3
1931-06-22,1931,17.9
1931-06-23,1931,62.5
1931-06-24,1931,11.8
1931-06-25,1931,57.9
1931-06-26,1931,31.8
1931-06-28,1931,0.5
1931-07-01,1931,2.7
1931-07-02,1931,2.9
1931-07-03,1931,10.6
1931-07-04,1931,1.9
1931-07-05,1931,0.4
1931-07-06,1931,1.9
1931-07-08,1931,0.5
1931-07-09,1931,21.3
1931-07-10,1931,43.6
1931-07-11,1931,4.6
1931-07-12,1931,18.0
1931-07-13,1931,27.1
1931-07-14,1931,3.6
1931-07-15,1931,48.7
1931-07-16,1931,0.4
1931-07-17,1931,2.8
1931-07-18,1931,15.5
1931-07-19,1931,7.8
1931-07-20,1931,0.7
1931-07-21,1931,0.1
1931-07-22,1931,0.0
1931-07-23,1931,0.0
1931-07-24,1931,3.4
1931-07-25,1931,5.7
1931-07-26,1931,0.8
1931-07-27,1931,3.6
1931-07-28,1931,5.1
1931-07-29,1931,0.3
1931-07-30,1931,13.3
1931-07-31,1931,3.7
1931-08-01,1931,68.9
1931-08-02,1931,1.3
1931-08-03,1931,1.6
1931-08-05,1931,15.8
1931-08-06,1931,0.0
1931-08-07,1931,0.0
1931-08-08,1931,4.2
1931-08-10,1931,0.0
1931-08-12,1931,16.5
1931-08-13,1931,82.4
1931-08-14,1931,10.8
1931-08-15,1931,0.5
1931-08-16,1931,63.7
1931-08-17,1931,42.3
1931-08-18,1931,5.6
1931-08-19,1931,7.9
1931-08-20,1931,5.1
1931-08-21,1931,1.4
1931-08-22,1931,0.0
1931-08-23,1931,0.0
1931-08-25,1931,0.0
1931-08-26,1931,0.0
1931-08-27,1931,10.7
1931-08-28,1931,5.3
1931-08-29,1931,18.3
1931-09-01,1931,2.8
1931-09-02,1931,32.5
1931-09-03,1931,15.9
1931-09-04,1931,44.8
1931-09-05,1931,34.9
1931-09-07,1931,8.5
1931-09-08,1931,3.9
1931-09-09,1931,38.8
1931-09-11,1931,3.8
1931-09-12,1931,31.5
1931-09-13,1931,4.5
1931-09-14,1931,21.4
1931-09-15,1931,1.3
1931-09-16,1931,4.1
1931-09-18,1931,0.7
1931-09-19,1931,13.6
1931-09-20,1931,9.9
1931-09-21,1931,0.1
1931-09-22,1931,0.0
1931-09-23,1931,0.0
1931-09-24,1931,0.0
1931-09-25,1931,0.0
1931-09-27,1931,12.8
1931-09-28,1931,0.1
1931-09-29,1931,30.3
1931-09-30,1931,25.3
1931-10-01,1931,0.9
1931-10-02,1931,2.6
1931-10-03,1931,3.7
1931-10-04,1931,0.0
1931-10-05,1931,0.0
1931-10-06,1931,1.4
1931-10-07,1931,0.0
1931-10-08,1931,0.0
1931-10-09,1931,0.9
1931-10-10,1931,0.3
1931-10-11,1931,0.0
1931-10-12,1931,0.0
1931-10-13,1931,0.0
1931-10-14,1931,0.0
1931-10-16,1931,0.0
1931-10-17,1931,0.0
1931-10-19,1931,3.1
1931-10-20,1931,3.6
1931-10-21,1931,1.6
1931-10-23,1931,0.0
1931-10-24,1931,0.1
1931-10-25,1931,0.0
1931-10-27,1931,0.3
1931-10-28,1931,0.0
1931-10-29,1931,0.0
1931-10-30,1931,0.0
1931-10-31,1931,0.0
1931-11-01,1931,0.0
1931-11-02,1931,0.0
1931-11-03,1931,0.0
1931-11-04,1931,0.0
1931-11-05,1931,0.0
1931-11-06,1931,0.0
1931-11-07,1931,0.0
1931-11-08,1931,0.1
1931-11-09,1931,0.3
1931-11-11,1931,23.8
1931-11-13,1931,0.0
1931-11-14,1931,0.0
1931-11-15,1931,0.0
1931-11-16,1931,0.0
1931-11-17,1931,0.5
1931-11-18,1931,0.0
1931-11-19,1931,0.0
1931-11-20,1931,0.0
1931-11-21,1931,0.0
1931-11-22,1931,0.0
1931-11-24,1931,0.0
1931-11-25,1931,0.0
1931-11-26,1931,0.0
1931-11-27,1931,0.0
1931-11-28,1931,0.0
1931-11-29,1931,0.0
1931-11-30,1931,0.0
1931-12-01,1931,0.0
1931-12-02,1931,0.0
1931-12-03,1931,0.0
1931-12-07,1931,2.2
1931-12-08,1931,2.9
1931-12-09,1931,91.1
1931-12-10,1931,6.0
1931-12-11,1931,3.2
1931-12-12,1931,0.0
1931-12-13,1931,0.0
1931-12-14,1931,0.1
1931-12-16,1931,0.0
1931-12-17,1931,0.0
1931-12-18,1931,0.0
1931-12-19,1931,0.0
1931-12-22,1931,0.0
1931-12-24,1931,0.0
1931-12-25,1931,0.0
1931-12-26,1931,9.7
1931-12-27,1931,0.8
1931-12-30,1931,0.0
1932-01-01,1932,0.0
1932-01-02,1932,0.0
1932-01-03,1932,0.0
1932-01-04,1932,0.0
1932-01-05,1932,0.0
1932-01-08,1932,0.0
1932-01-09,1932,0.0
1932-01-10,1932,0.0
1932-01-11,1932,0.0
1932-01-12,1932,0.0
1932-01-13,1932,0.0
1932-01-14,1932,0.0
1932-01-16,1932,0.0
1932-01-17,1932,0.0
1932-01-18,1932,0.0
1932-01-19,1932,0.0
1932-01-20,1932,0.0
1932-01-21,1932,0.0
1932-01-22,1932,0.0
1932-01-23,1932,0.0
1932-01-24,1932,0.0
1932-01-26,1932,0.0
1932-01-27,1932,0.0
1932-01-28,1932,0.0
1932-01-29,1932,0.0
1932-01-30,1932,0.0
1932-02-01,1932,0.0
1932-02-03,1932,0.0
1932-02-04,1932,24.1
1932-02-05,1932,0.3
1932-02-07,1932,0.4
1932-02-08,1932,18.2
1932-02-09,1932,1.9
1932-02-10,1932,0.0
1932-02-11,1932,0.0
1932-02-12,1932,0.0
1932-02-13,1932,0.0
1932-02-14,1932,0.5
1932-02-15,1932,0.3
1932-02-16,1932,0.0
1932-02-17,1932,0.0
1932-02-18,1932,0.0
1932-02-19,1932,0.0
1932-02-20,1932,0.0
1932-02-21,1932,0.0
1932-02-23,1932,0.1
1932-02-24,1932,3.7
1932-02-25,1932,0.1
1932-02-26,1932,3.1
1932-02-27,1932,12.2
1932-02-29,1932,0.0
1932-03-01,1932,0.0
1932-03-02,1932,0.0
1932-03-03,1932,0.0
1932-03-04,1932,0.0
1932-03-05,1932,0.0
1932-03-06,1932,0.0
1932-03-07,1932,0.0
1932-03-08,1932,0.0
1932-03-10,1932,0.4
1932-03-11,1932,1.1
1932-03-12,1932,4.1
1932-03-13,1932,32.7
1932-03-14,1932,10.2
1932-03-15,1932,1.0
1932-03-16,1932,1.6
1932-03-17,1932,0.0
1932-03-18,1932,0.3
1932-03-20,1932,0.0
1932-03-22,1932,0.8
1932-03-23,1932,2.7
1932-03-24,1932,0.0
1932-03-25,1932,0.0
1932-03-26,1932,0.0
1932-03-27,1932,0.0
1932-03-28,1932,0.3
1932-03-29,1932,0.0
1932-03-30,1932,0.8
1932-04-01,1932,0.0
1932-04-02,1932,0.0
1932-04-03,1932,0.0
1932-04-04,1932,0.0
1932-04-05,1932,0.4
1932-04-06,1932,2.9
1932-04-07,1932,0.1
1932-04-12,1932,0.8
1932-04-13,1932,21.3
1932-04-14,1932,1.6
1932-04-15,1932,2.4
1932-04-16,1932,5.2
1932-04-17,1932,52.9
1932-04-18,1932,0.1
1932-04-20,1932,2.6
1932-04-23,1932,0.0
1932-04-24,1932,0.0
1932-04-25,1932,0.6
1932-04-28,1932,0.0
1932-04-29,1932,0.0
1932-04-30,1932,2.9
1932-05-01,1932,0.0
1932-05-03,1932,0.0
1932-05-04,1932,0.0
1932-05-05,1932,0.0
1932-05-06,1932,0.0
1932-05-08,1932,0.0
1932-05-09,1932,0.0
1932-05-10,1932,8.8
1932-05-12,1932,0.0
1932-05-13,1932,0.0
1932-05-16,1932,1.2
1932-05-17,1932,3.7
1932-05-18,1932,0.3
1932-05-20,1932,0.0
1932-05-21,1932,0.2
1932-05-22,1932,30.6
1932-05-23,1932,0.3
1932-05-24,1932,1.0
1932-05-25,1932,0.1
1932-05-26,1932,0.0
1932-05-29,1932,1.2
1932-05-30,1932,16.5
1932-05-31,1932,0.0
1932-06-01,1932,0.9
1932-06-02,1932,28.4
1932-06-03,1932,49.0
1932-06-04,1932,48.4
1932-06-05,1932,2.5
1932-06-06,1932,3.4
1932-06-07,1932,12.0
1932-06-08,1932,48.9
1932-06-09,1932,52.5
1932-06-10,1932,16.4
1932-06-11,1932,21.1
1932-06-12,1932,41.1
1932-06-13,1932,44.9
1932-06-14,1932,146.1
1932-06-15,1932,60.1
1932-06-16,1932,1.1
1932-06-17,1932,0.0
1932-06-19,1932,30.1
1932-06-20,1932,0.5
1932-06-21,1932,1.4
1932-06-25,1932,2.5
1932-06-26,1932,1.3
1932-06-27,1932,3.3
1932-06-28,1932,27.0
1932-06-29,1932,0.1
1932-06-30,1932,0.1
1932-07-01,1932,0.0
1932-07-03,1932,0.0
1932-07-04,1932,7.6
1932-07-05,1932,17.8
1932-07-06,1932,0.9
1932-07-07,1932,0.5
1932-07-08,1932,0.0
1932-07-09,1932,0.3
1932-07-10,1932,1.2
1932-07-11,1932,16.4
1932-07-12,1932,7.7
1932-07-13,1932,17.7
1932-07-14,1932,4.2
1932-07-15,1932,14.1
1932-07-16,1932,20.4
1932-07-17,1932,15.8
1932-07-18,1932,15.6
1932-07-19,1932,4.6
1932-07-20,1932,2.4
1932-07-21,1932,53.6
1932-07-22,1932,93.4
1932-07-23,1932,79.8
1932-07-24,1932,35.6
1932-07-26,1932,0.0
1932-07-27,1932,0.0
1932-07-29,1932,56.3
1932-07-30,1932,107.5
1932-07-31,1932,80.2
1932-08-01,1932,0.1
1932-08-02,1932,0.3
1932-08-03,1932,1.1
1932-08-04,1932,155.3
1932-08-05,1932,6.1
1932-08-06,1932,4.9
1932-08-07,1932,0.2
1932-08-08,1932,0.4
1932-08-09,1932,0.4
1932-08-10,1932,0.1
1932-08-11,1932,1.0
1932-08-12,1932,2.5
1932-08-13,1932,0.4
1932-08-14,1932,0.0
1932-08-15,1932,1.3
1932-08-16,1932,0.0
1932-08-17,1932,3.6
1932-08-18,1932,11.4
1932-08-19,1932,1.8
1932-08-21,1932,0.0
1932-08-22,1932,0.0
1932-08-23,1932,0.3
1932-08-26,1932,97.2
1932-08-27,1932,86.7
1932-08-28,1932,113.4
1932-08-29,1932,30.8
1932-08-30,1932,9.1
1932-08-31,1932,2.7
1932-09-01,1932,10.7
1932-09-02,1932,0.0
1932-09-03,1932,1.4
1932-09-04,1932,13.8
1932-09-06,1932,0.0
1932-09-07,1932,0.0
1932-09-09,1932,0.0
1932-09-10,1932,1.1
1932-09-11,1932,2.0
1932-09-13,1932,0.0
1932-09-14,1932,0.0
1932-09-15,1932,0.0
1932-09-16,1932,13.9
1932-09-17,1932,33.1
1932-09-18,1932,4.2
1932-09-19,1932,6.1
1932-09-20,1932,0.0
1932-09-21,1932,0.0
1932-09-23,1932,12.9
1932-09-24,1932,2.4
1932-09-27,1932,8.6
1932-09-28,1932,0.0
1932-09-29,1932,0.0
1932-10-01,1932,0.1
1932-10-03,1932,0.9
1932-10-04,1932,0.0
1932-10-06,1932,0.6
1932-10-07,1932,0.0
1932-10-12,1932,0.0
1932-10-13,1932,0.0
1932-10-14,1932,0.0
1932-10-16,1932,0.0
1932-10-17,1932,0.0
1932-10-18,1932,0.0
1932-10-21,1932,0.0
1932-10-22,1932,0.0
1932-10-23,1932,0.0
1932-10-24,1932,0.0
1932-10-25,1932,0.0
1932-10-26,1932,0.0
1932-10-27,1932,0.0
1932-10-28,1932,0.0
1932-10-29,1932,0.6
1932-11-01,1932,1.5
1932-11-02,1932,0.0
1932-11-03,1932,0.0
1932-11-04,1932,0.0
1932-11-05,1932,0.0
1932-11-06,1932,0.0
1932-11-09,1932,0.0
1932-11-10,1932,0.0
1932-11-11,1932,0.0
1932-11-12,1932,0.0
1932-11-13,1932,0.0
1932-11-14,1932,0.0
1932-11-15,1932,0.0
1932-11-18,1932,0.0
1932-11-19,1932,0.0
1932-11-24,1932,0.7
1932-11-25,1932,0.3
1932-11-28,1932,0.0
1932-11-29,1932,0.0
1932-11-30,1932,0.0
1932-12-01,1932,5.0
1932-12-02,1932,0.7
1932-12-05,1932,0.3
1932-12-06,1932,0.0
1932-12-07,1932,0.0
1932-12-08,1932,0.0
1932-12-09,1932,0.0
1932-12-10,1932,0.0
1932-12-11,1932,0.0
1932-12-12,1932,0.0
1932-12-13,1932,0.0
1932-12-14,1932,0.0
1932-12-15,1932,0.0
1932-12-16,1932,0.0
1932-12-17,1932,0.0
1932-12-18,1932,7.8
1932-12-19,1932,89.9
1932-12-20,1932,0.8
1932-12-22,1932,0.1
1932-12-25,1932,0.0
1932-12-29,1932,0.0
1932-12-30,1932,0.0
1932-12-31,1932,0.0
1933-01-01,1933,0.0
1933-01-02,1933,0.0
1933-01-03,1933,0.2
1933-01-04,1933,0.8
1933-01-06,1933,2.5
1933-01-07,1933,0.0
1933-01-08,1933,0.0
1933-01-09,1933,0.0
1933-01-11,1933,0.4
1933-01-12,1933,2.2
1933-01-13,1933,0.1
1933-01-14,1933,0.0
1933-01-15,1933,0.0
1933-01-18,1933,6.0
1933-01-19,1933,0.1
1933-01-22,1933,0.0
1933-01-23,1933,0.0
1933-01-24,1933,0.0
1933-01-25,1933,0.0
1933-01-29,1933,0.0
1933-01-30,1933,0.0
1933-02-01,1933,0.0
1933-02-02,1933,0.0
1933-02-03,1933,0.1
1933-02-04,1933,0.0
1933-02-05,1933,0.4
1933-02-06,1933,0.3
1933-02-07,1933,0.0
1933-02-08,1933,0.0
1933-02-09,1933,0.0
1933-02-10,1933,0.4
1933-02-12,1933,0.0
1933-02-13,1933,0.0
1933-02-16,1933,0.0
1933-02-17,1933,0.0
1933-02-21,1933,0.0
1933-02-22,1933,0.0
1933-02-23,1933,0.0
1933-02-27,1933,0.7
1933-02-28,1933,0.8
1933-03-01,1933,0.2
1933-03-02,1933,0.3
1933-03-03,1933,1.2
1933-03-06,1933,0.0
1933-03-07,1933,2.1
1933-03-08,1933,0.8
1933-03-09,1933,0.0
1933-03-10,1933,0.0
1933-03-11,1933,0.0
1933-03-12,1933,0.0
1933-03-13,1933,0.0
1933-03-14,1933,0.0
1933-03-15,1933,0.0
1933-03-16,1933,0.0
1933-03-17,1933,0.0
1933-03-18,1933,0.0
1933-03-19,1933,0.0
1933-03-20,1933,0.0
1933-03-22,1933,0.0
1933-03-23,1933,0.0
1933-03-24,1933,0.0
1933-03-25,1933,0.0
1933-03-27,1933,8.4
1933-03-28,1933,0.0
1933-03-29,1933,3.5
1933-03-30,1933,0.9
1933-03-31,1933,8.5
1933-04-01,1933,0.4
1933-04-02,1933,0.0
1933-04-04,1933,0.0
1933-04-05,1933,0.0
1933-04-06,1933,0.1
1933-04-08,1933,0.0
1933-04-09,1933,0.0
1933-04-11,1933,1.0
1933-04-12,1933,0.0
1933-04-14,1933,0.5
1933-04-16,1933,0.0
1933-04-17,1933,0.0
1933-04-18,1933,0.0
1933-04-19,1933,1.0
1933-04-20,1933,22.4
1933-04-21,1933,14.8
1933-04-22,1933,0.1
1933-04-23,1933,0.0
1933-04-25,1933,0.0
1933-04-26,1933,0.0
1933-04-27,1933,2.3
1933-04-28,1933,0.4
1933-04-29,1933,5.8
1933-04-30,1933,0.0
1933-05-01,1933,0.0
1933-05-02,1933,27.4
1933-05-03,1933,0.5
1933-05-06,1933,1.3
1933-05-07,1933,0.4
1933-05-08,1933,0.0
1933-05-09,1933,0.0
1933-05-10,1933,15.7
1933-05-13,1933,0.0
1933-05-14,1933,0.0
1933-05-15,1933,0.0
1933-05-16,1933,0.6
1933-05-17,1933,0.0
1933-05-18,1933,0.0
1933-05-19,1933,7.3
1933-05-20,1933,18.3
1933-05-22,1933,0.3
1933-05-23,1933,0.4
1933-05-24,1933,2.7
1933-05-25,1933,0.0
1933-05-26,1933,0.0
1933-05-27,1933,0.0
1933-05-28,1933,6.8
1933-05-29,1933,33.0
1933-05-31,1933,0.0
1933-06-01,1933,0.9
1933-06-02,1933,52.5
1933-06-03,1933,2.8
1933-06-04,1933,0.7
1933-06-05,1933,0.3
1933-06-06,1933,0.5
1933-06-08,1933,1.0
1933-06-09,1933,0.2
1933-06-10,1933,18.0
1933-06-11,1933,17.8
1933-06-12,1933,27.1
1933-06-13,1933,5.1
1933-06-14,1933,6.6
1933-06-15,1933,31.3
1933-06-16,1933,15.5
1933-06-17,1933,2.6
1933-06-18,1933,0.5
1933-06-19,1933,2.2
1933-06-20,1933,19.6
1933-06-21,1933,15.0
1933-06-22,1933,8.8
1933-06-23,1933,1.5
1933-06-24,1933,14.4
1933-06-26,1933,37.3
1933-06-27,1933,8.9
1933-06-28,1933,20.2
1933-06-29,1933,72.1
1933-06-30,1933,34.2
1933-07-01,1933,59.4
1933-07-02,1933,26.8
1933-07-03,1933,0.7
1933-07-05,1933,0.0
1933-07-06,1933,0.0
1933-07-07,1933,13.7
1933-07-09,1933,4.2
1933-07-10,1933,27.9
1933-07-11,1933,5.8
1933-07-12,1933,8.4
1933-07-13,1933,0.0
1933-07-14,1933,0.3
1933-07-15,1933,17.6
1933-07-16,1933,3.1
1933-07-17,1933,12.3
1933-07-18,1933,30.5
1933-07-19,1933,2.5
1933-07-21,1933,0.0
1933-07-22,1933,0.0
1933-07-24,1933,14.8
1933-07-25,1933,8.7
1933-07-26,1933,39.4
1933-07-27,1933,23.1
1933-07-29,1933,5.7
1933-07-30,1933,58.9
1933-07-31,1933,0.1
1933-08-01,1933,0.0
1933-08-02,1933,0.0
1933-08-03,1933,4.0
1933-08-04,1933,3.5
1933-08-05,1933,0.9
1933-08-06,1933,2.6
1933-08-08,1933,27.8
1933-08-09,1933,2.4
1933-08-10,1933,0.1
1933-08-11,1933,0.0
1933-08-12,1933,0.0
1933-08-13,1933,0.1
1933-08-15,1933,2.4
1933-08-16,1933,0.0
1933-08-17,1933,0.0
1933-08-18,1933,0.4
1933-08-19,1933,0.0
1933-08-21,1933,0.0
1933-08-22,1933,0.0
1933-08-23,1933,0.0
1933-08-24,1933,0.0
1933-08-25,1933,0.0
1933-08-26,1933,0.0
1933-08-27,1933,0.0
1933-08-28,1933,0.0
1933-08-29,1933,0.0
1933-08-30,1933,0.0
1933-08-31,1933,0.0
1933-09-02,1933,0.0
1933-09-03,1933,2.3
1933-09-04,1933,0.0
1933-09-05,1933,0.0
1933-09-06,1933,3.6
1933-09-07,1933,1.4
1933-09-08,1933,1.9
1933-09-09,1933,0.0
1933-09-10,1933,0.0
1933-09-11,1933,100.4
1933-09-12,1933,44.4
1933-09-13,1933,8.6
1933-09-14,1933,9.4
1933-09-15,1933,0.0
1933-09-16,1933,21.7
1933-09-17,1933,0.0
1933-09-18,1933,0.0
1933-09-20,1933,4.6
1933-09-21,1933,38.7
1933-09-22,1933,18.4
1933-09-23,1933,3.0
1933-09-24,1933,1.0
1933-09-25,1933,0.0
1933-09-26,1933,0.0
1933-09-27,1933,0.3
1933-09-28,1933,47.7
1933-09-29,1933,11.4
1933-09-30,1933,0.6
1933-10-01,1933,6.6
1933-10-02,1933,5.5
1933-10-03,1933,34.9
1933-10-04,1933,5.9
1933-10-06,1933,2.1
1933-10-07,1933,0.0
1933-10-08,1933,1.5
1933-10-09,1933,24.1
1933-10-10,1933,3.6
1933-10-12,1933,1.2
1933-10-14,1933,0.1
1933-10-16,1933,0.6
1933-10-18,1933,0.0
1933-10-19,1933,0.0
1933-10-20,1933,0.0
1933-10-21,1933,0.0
1933-10-22,1933,0.0
1933-10-24,1933,0.0
1933-10-27,1933,2.4
1933-10-28,1933,5.2
1933-10-29,1933,0.0
1933-10-30,1933,1.4
1933-10-31,1933,0.1
1933-11-02,1933,0.5
1933-11-03,1933,0.0
1933-11-05,1933,32.1
1933-11-06,1933,48.6
1933-11-08,1933,0.0
1933-11-09,1933,0.0
1933-11-10,1933,0.0
1933-11-11,1933,0.0
1933-11-12,1933,0.0
1933-11-13,1933,0.0
1933-11-14,1933,0.0
1933-11-15,1933,0.0
1933-11-16,1933,0.0
1933-11-17,1933,0.0
1933-11-18,1933,0.0
1933-11-19,1933,0.0
1933-11-20,1933,0.0
1933-11-21,1933,0.0
1933-11-22,1933,0.0
1933-11-23,1933,0.0
1933-11-24,1933,0.0
1933-11-25,1933,0.0
1933-11-26,1933,0.0
1933-11-27,1933,0.0
1933-11-28,1933,1.4
1933-11-29,1933,22.5
1933-11-30,1933,0.3
1933-12-01,1933,0.0
1933-12-02,1933,0.0
1933-12-03,1933,0.0
1933-12-04,1933,0.0
1933-12-06,1933,9.7
1933-12-07,1933,0.0
1933-12-08,1933,0.0
1933-12-10,1933,0.0
1933-12-11,1933,4.1
1933-12-13,1933,0.0
1933-12-14,1933,0.0
1933-12-15,1933,0.0
1933-12-16,1933,0.0
1933-12-17,1933,0.0
1933-12-18,1933,0.0
1933-12-19,1933,0.0
1933-12-20,1933,0.0
1933-12-21,1933,0.0
1933-12-22,1933,0.0
1933-12-23,1933,0.0
1933-12-24,1933,0.0
1933-12-25,1933,0.0
1933-12-27,1933,3.7
1933-12-28,1933,4.9
1933-12-29,1933,12.7
1933-12-30,1933,0.0
1933-12-31,1933,0.0
1934-01-01,1934,0.0
1934-01-02,1934,0.0
1934-01-03,1934,0.0
1934-01-04,1934,0.0
1934-01-05,1934,0.0
1934-01-06,1934,0.0
1934-01-07,1934,0.0
1934-01-09,1934,0.0
1934-01-10,1934,0.0
1934-01-11,1934,0.0
1934-01-12,1934,0.0
1934-01-13,1934,0.0
1934-01-15,1934,0.9
1934-01-16,1934,1.6
1934-01-17,1934,4.0
1934-01-18,1934,1.4
1934-01-19,1934,4.2
1934-01-20,1934,0.0
1934-01-21,1934,0.0
1934-01-22,1934,0.0
1934-01-23,1934,0.0
1934-01-26,1934,0.0
1934-01-27,1934,0.0
1934-01-28,1934,0.0
1934-01-29,1934,0.0
1934-01-30,1934,0.0
1934-01-31,1934,0.0
1934-02-01,1934,0.0
1934-02-02,1934,0.0
1934-02-03,1934,0.0
1934-02-04,1934,0.0
1934-02-05,1934,0.0
1934-02-06,1934,0.0
1934-02-07,1934,0.0
1934-02-10,1934,0.0
1934-02-11,1934,0.0
1934-02-12,1934,0.0
1934-02-13,1934,0.0
1934-02-14,1934,0.0
1934-02-15,1934,0.0
1934-02-16,1934,0.0
1934-02-17,1934,0.0
1934-02-18,1934,0.0
1934-02-19,1934,0.0
1934-02-20,1934,0.0
1934-02-21,1934,0.0
1934-02-22,1934,0.0
1934-02-23,1934,10.3
1934-02-24,1934,3.5
1934-02-25,1934,4.8
1934-02-26,1934,12.2
1934-02-28,1934,7.6
1934-03-01,1934,0.8
1934-03-02,1934,2.6
1934-03-05,1934,0.0
1934-03-06,1934,0.0
1934-03-07,1934,0.0
1934-03-08,1934,0.0
1934-03-10,1934,0.4
1934-03-11,1934,0.2
1934-03-12,1934,0.1
1934-03-13,1934,0.1
1934-03-14,1934,4.8
1934-03-15,1934,1.2
1934-03-16,1934,0.0
1934-03-18,1934,0.0
1934-03-19,1934,0.0
1934-03-20,1934,0.0
1934-03-22,1934,0.0
1934-03-23,1934,5.5
1934-03-25,1934,0.4
1934-03-28,1934,1.3
1934-03-29,1934,4.3
1934-03-30,1934,15.1
1934-03-31,1934,7.5
1934-04-01,1934,3.2
1934-04-02,1934,0.4
1934-04-06,1934,1.8
1934-04-08,1934,0.1
1934-04-09,1934,0.7
1934-04-10,1934,2.6
1934-04-11,1934,1.1
1934-04-12,1934,0.0
1934-04-13,1934,0.4
1934-04-14,1934,0.1
1934-04-17,1934,0.3
1934-04-18,1934,3.1
1934-04-19,1934,9.0
1934-04-20,1934,0.0
1934-04-22,1934,0.0
1934-04-23,1934,0.0
1934-04-24,1934,0.4
1934-04-25,1934,0.8
1934-04-28,1934,6.9
1934-04-29,1934,23.9
1934-04-30,1934,7.6
1934-05-01,1934,43.7
1934-05-02,1934,0.0
1934-05-03,1934,0.0
1934-05-04,1934,0.0
1934-05-05,1934,0.1
1934-05-06,1934,2.0
1934-05-07,1934,8.0
1934-05-08,1934,2.3
1934-05-09,1934,1.7
1934-05-11,1934,22.3
1934-05-12,1934,0.3
1934-05-13,1934,1.2
1934-05-14,1934,0.0
1934-05-15,1934,0.0
1934-05-16,1934,0.0
1934-05-17,1934,0.3
1934-05-19,1934,0.0
1934-05-20,1934,0.0
1934-05-21,1934,0.0
1934-05-24,1934,129.7
1934-05-25,1934,9.6
1934-05-26,1934,0.1
1934-05-27,1934,0.9
1934-05-29,1934,0.0
1934-05-30,1934,0.0
1934-06-02,1934,21.1
1934-06-03,1934,26.5
1934-06-04,1934,14.5
1934-06-05,1934,21.0
1934-06-06,1934,1.9
1934-06-07,1934,20.8
1934-06-08,1934,14.6
1934-06-09,1934,5.3
1934-06-10,1934,0.4
1934-06-11,1934,0.9
1934-06-12,1934,10.5
1934-06-13,1934,1.8
1934-06-14,1934,0.1
1934-06-15,1934,1.4
1934-06-16,1934,0.3
1934-06-17,1934,7.1
1934-06-18,1934,0.3
1934-06-19,1934,32.0
1934-06-20,1934,45.6
1934-06-21,1934,60.9
1934-06-22,1934,230.1
1934-06-23,1934,0.3
1934-06-24,1934,0.0
1934-06-25,1934,0.0
1934-06-26,1934,44.2
1934-06-27,1934,59.7
1934-06-28,1934,10.0
1934-06-29,1934,0.7
1934-06-30,1934,5.5
1934-07-01,1934,4.3
1934-07-02,1934,4.9
1934-07-03,1934,2.8
1934-07-04,1934,5.7
1934-07-05,1934,3.4
1934-07-06,1934,6.3
1934-07-07,1934,8.4
1934-07-08,1934,13.8
1934-07-09,1934,17.3
1934-07-10,1934,2.4
1934-07-11,1934,3.3
1934-07-13,1934,5.4
1934-07-16,1934,0.3
1934-07-17,1934,0.1
1934-07-18,1934,0.0
1934-07-19,1934,0.3
1934-07-20,1934,3.7
1934-07-21,1934,100.8
1934-07-22,1934,60.3
1934-07-23,1934,58.6
1934-07-24,1934,0.6
1934-07-25,1934,0.4
1934-07-27,1934,9.7
1934-07-28,1934,18.9
1934-07-29,1934,139.9
1934-07-30,1934,5.1
1934-07-31,1934,17.1
1934-08-01,1934,7.9
1934-08-02,1934,43.7
1934-08-03,1934,81.1
1934-08-04,1934,0.1
1934-08-05,1934,0.0
1934-08-06,1934,0.0
1934-08-07,1934,0.0
1934-08-08,1934,22.9
1934-08-09,1934,0.0
1934-08-11,1934,0.0
1934-08-12,1934,32.2
1934-08-13,1934,21.8
1934-08-14,1934,18.7
1934-08-16,1934,19.8
1934-08-17,1934,70.0
1934-08-18,1934,118.3
1934-08-19,1934,65.3
1934-08-20,1934,11.2
1934-08-21,1934,29.7
1934-08-22,1934,57.2
1934-08-23,1934,2.2
1934-08-24,1934,13.3
1934-08-25,1934,0.0
1934-08-26,1934,0.0
1934-08-27,1934,2.6
1934-08-28,1934,0.9
1934-08-29,1934,0.0
1934-08-30,1934,0.0
1934-08-31,1934,0.0
1934-09-01,1934,0.1
1934-09-02,1934,2.3
1934-09-03,1934,0.0
1934-09-04,1934,0.0
1934-09-05,1934,0.0
1934-09-06,1934,0.0
1934-09-07,1934,0.0
1934-09-08,1934,5.3
1934-09-09,1934,0.0
1934-09-10,1934,2.9
1934-09-11,1934,74.0
1934-09-12,1934,0.0
1934-09-13,1934,6.1
1934-09-14,1934,35.2
1934-09-15,1934,26.2
1934-09-16,1934,27.4
1934-09-17,1934,9.2
1934-09-18,1934,0.0
1934-09-19,1934,6.5
1934-09-20,1934,0.2
1934-09-21,1934,0.0
1934-09-22,1934,0.0
1934-09-23,1934,0.0
1934-09-24,1934,0.0
1934-09-26,1934,0.4
1934-09-27,1934,36.5
1934-09-28,1934,33.4
1934-09-29,1934,0.0
1934-09-30,1934,7.2
1934-10-01,1934,16.3
1934-10-02,1934,18.2
1934-10-03,1934,9.1
1934-10-04,1934,0.0
1934-10-05,1934,0.3
1934-10-06,1934,2.4
1934-10-07,1934,1.0
1934-10-08,1934,0.1
1934-10-09,1934,0.6
1934-10-10,1934,0.9
1934-10-11,1934,2.3
1934-10-13,1934,0.0
1934-10-14,1934,0.0
1934-10-15,1934,2.2
1934-10-20,1934,0.0
1934-10-21,1934,0.0
1934-10-24,1934,2.9
1934-10-25,1934,0.0
1934-10-26,1934,0.0
1934-10-27,1934,0.0
1934-10-28,1934,0.0
1934-10-29,1934,0.0
1934-10-31,1934,0.0
1934-11-01,1934,0.0
1934-11-02,1934,0.0
1934-11-03,1934,0.0
1934-11-04,1934,0.0
1934-11-05,1934,0.0
1934-11-06,1934,0.0
1934-11-09,1934,0.6
1934-11-10,1934,1.4
1934-11-11,1934,4.1
1934-11-12,1934,3.2
1934-11-13,1934,0.0
1934-11-16,1934,0.0
1934-11-17,1934,0.0
1934-11-18,1934,0.0
1934-11-19,1934,0.0
1934-11-21,1934,0.0
1934-11-22,1934,0.0
1934-11-24,1934,0.1
1934-11-25,1934,0.4
1934-11-26,1934,0.5
1934-11-28,1934,0.0
1934-11-29,1934,0.0
1934-11-30,1934,0.0
1934-12-01,1934,0.0
1934-12-02,1934,0.0
1934-12-03,1934,0.0
1934-12-04,1934,0.0
1934-12-05,1934,0.0
1934-12-06,1934,0.0
1934-12-07,1934,0.0
1934-12-08,1934,0.0
1934-12-09,1934,0.0
1934-12-10,1934,0.0
1934-12-11,1934,0.0
1934-12-14,1934,0.0
1934-12-16,1934,0.0
1934-12-17,1934,0.0
1934-12-18,1934,0.0
1934-12-19,1934,0.0
1934-12-22,1934,1.3
1934-12-23,1934,0.0
1934-12-26,1934,0.0
1934-12-28,1934,0.0
1934-12-29,1934,1.8
1934-12-30,1934,1.4
1934-12-31,1934,9.3
1935-01-01,1935,0.6
1935-01-02,1935,6.6
1935-01-04,1935,0.0
1935-01-05,1935,0.0
1935-01-06,1935,0.0
1935-01-08,1935,0.0
1935-01-09,1935,0.0
1935-01-15,1935,0.1
1935-01-17,1935,0.0
1935-01-18,1935,0.0
1935-01-19,1935,0.0
1935-01-21,1935,0.0
1935-01-22,1935,0.0
1935-01-23,1935,0.0
1935-01-24,1935,0.1
1935-01-25,1935,1.8
1935-01-26,1935,6.7
1935-01-27,1935,3.7
1935-01-28,1935,5.9
1935-01-30,1935,0.3
1935-01-31,1935,2.2
1935-02-02,1935,0.4
1935-02-03,1935,1.2
1935-02-05,1935,8.0
1935-02-06,1935,1.4
1935-02-07,1935,0.4
1935-02-09,1935,0.3
1935-02-11,1935,17.0
1935-02-12,1935,0.0
1935-02-13,1935,0.0
1935-02-14,1935,0.0
1935-02-15,1935,0.0
1935-02-16,1935,0.0
1935-02-17,1935,0.0
1935-02-18,1935,0.0
1935-02-20,1935,0.0
1935-02-22,1935,0.0
1935-02-23,1935,0.0
1935-02-24,1935,0.0
1935-02-26,1935,0.0
1935-03-01,1935,3.2
1935-03-03,1935,8.7
1935-03-04,1935,0.5
1935-03-05,1935,0.0
1935-03-07,1935,0.0
1935-03-08,1935,0.6
1935-03-09,1935,0.0
1935-03-10,1935,0.0
1935-03-12,1935,0.1
1935-03-13,1935,0.0
1935-03-14,1935,0.0
1935-03-15,1935,0.0
1935-03-16,1935,0.0
1935-03-18,1935,0.0
1935-03-19,1935,0.0
1935-03-21,1935,16.4
1935-03-23,1935,13.0
1935-03-24,1935,1.1
1935-03-25,1935,43.4
1935-03-27,1935,0.0
1935-03-28,1935,2.1
1935-03-29,1935,0.2
1935-03-30,1935,19.4
1935-03-31,1935,10.1
1935-04-01,1935,0.8
1935-04-02,1935,0.1
1935-04-04,1935,0.2
1935-04-05,1935,0.2
1935-04-07,1935,0.1
1935-04-11,1935,20.0
1935-04-12,1935,0.9
1935-04-14,1935,4.4
1935-04-15,1935,0.0
1935-04-19,1935,0.0
1935-04-21,1935,0.0
1935-04-22,1935,0.0
1935-04-24,1935,16.2
1935-04-25,1935,0.0
1935-04-26,1935,0.0
1935-04-27,1935,0.0
1935-04-29,1935,19.1
1935-05-03,1935,0.0
1935-05-04,1935,0.0
1935-05-05,1935,0.0
1935-05-06,1935,0.0
1935-05-07,1935,0.0
1935-05-08,1935,0.0
1935-05-09,1935,0.0
1935-05-10,1935,0.0
1935-05-11,1935,0.0
1935-05-13,1935,0.6
1935-05-16,1935,2.2
1935-05-17,1935,5.0
1935-05-18,1935,1.6
1935-05-19,1935,0.1
1935-05-20,1935,0.0
1935-05-21,1935,44.7
1935-05-22,1935,0.8
1935-05-23,1935,5.0
1935-05-24,1935,5.9
1935-05-25,1935,3.7
1935-05-26,1935,0.1
1935-05-27,1935,0.0
1935-05-28,1935,8.2
1935-05-29,1935,22.0
1935-05-30,1935,6.7
1935-05-31,1935,13.8
1935-06-01,1935,18.9
1935-06-02,1935,28.7
1935-06-03,1935,2.4
1935-06-04,1935,0.0
1935-06-05,1935,6.1
1935-06-06,1935,7.4
1935-06-08,1935,2.7
1935-06-09,1935,10.9
1935-06-11,1935,1.4
1935-06-12,1935,4.5
1935-06-13,1935,2.6
1935-06-14,1935,9.9
1935-06-15,1935,130.0
1935-06-16,1935,20.3
1935-06-17,1935,14.7
1935-06-18,1935,69.5
1935-06-19,1935,0.1
1935-06-20,1935,3.5
1935-06-21,1935,4.6
1935-06-22,1935,13.1
1935-06-23,1935,5.2
1935-06-25,1935,0.1
1935-06-26,1935,1.0
1935-06-27,1935,3.6
1935-06-28,1935,2.4
1935-06-29,1935,0.4
1935-06-30,1935,3.2
1935-07-01,1935,12.2
1935-07-02,1935,15.1
1935-07-03,1935,65.6
1935-07-04,1935,44.2
1935-07-05,1935,0.6
1935-07-06,1935,29.4
1935-07-07,1935,6.5
1935-07-09,1935,30.6
1935-07-10,1935,2.2
1935-07-13,1935,0.0
1935-07-14,1935,20.3
1935-07-15,1935,21.8
1935-07-16,1935,25.1
1935-07-17,1935,0.0
1935-07-18,1935,0.0
1935-07-19,1935,0.0
1935-07-20,1935,0.0
1935-07-21,1935,0.0
1935-07-22,1935,0.5
1935-07-23,1935,38.5
1935-07-24,1935,60.5
1935-07-25,1935,36.9
1935-07-26,1935,77.4
1935-07-27,1935,31.7
1935-07-28,1935,0.0
1935-07-29,1935,0.0
1935-07-30,1935,42.8
1935-07-31,1935,3.5
1935-08-01,1935,5.9
1935-08-02,1935,14.2
1935-08-03,1935,0.0
1935-08-04,1935,2.7
1935-08-05,1935,45.0
1935-08-06,1935,16.4
1935-08-07,1935,22.4
1935-08-08,1935,4.8
1935-08-11,1935,0.1
1935-08-13,1935,0.0
1935-08-14,1935,0.0
1935-08-15,1935,0.0
1935-08-16,1935,0.0
1935-08-17,1935,0.0
1935-08-19,1935,0.0
1935-08-20,1935,0.0
1935-08-21,1935,0.0
1935-08-22,1935,0.0
1935-08-23,1935,0.0
1935-08-24,1935,0.0
1935-08-25,1935,19.8
1935-08-26,1935,3.9
1935-08-28,1935,0.1
1935-08-29,1935,17.8
1935-08-30,1935,0.0
1935-08-31,1935,0.0
1935-09-01,1935,0.0
1935-09-02,1935,0.0
1935-09-03,1935,14.3
1935-09-04,1935,5.0
1935-09-05,1935,1.5
1935-09-06,1935,0.5
1935-09-07,1935,9.3
1935-09-08,1935,3.8
1935-09-09,1935,32.9
1935-09-10,1935,51.7
1935-09-11,1935,0.1
1935-09-12,1935,1.1
1935-09-13,1935,9.7
1935-09-14,1935,0.0
1935-09-15,1935,0.0
1935-09-16,1935,0.6
1935-09-17,1935,9.2
1935-09-18,1935,1.7
1935-09-20,1935,0.0
1935-09-21,1935,0.0
1935-09-22,1935,0.0
1935-09-23,1935,0.0
1935-09-24,1935,1.6
1935-09-25,1935,15.2
1935-09-26,1935,14.7
1935-09-27,1935,13.7
1935-09-28,1935,1.5
1935-09-29,1935,0.0
1935-09-30,1935,0.0
1935-10-01,1935,0.0
1935-10-02,1935,1.1
1935-10-03,1935,0.0
1935-10-04,1935,0.0
1935-10-05,1935,0.0
1935-10-06,1935,0.1
1935-10-07,1935,13.2
1935-10-08,1935,21.3
1935-10-09,1935,0.0
1935-10-10,1935,0.0
1935-10-11,1935,0.0
1935-10-12,1935,0.0
1935-10-13,1935,0.0
1935-10-15,1935,0.0
1935-10-16,1935,0.0
1935-10-17,1935,2.4
1935-10-18,1935,0.1
1935-10-19,1935,2.5
1935-10-20,1935,14.7
1935-10-21,1935,47.5
1935-10-22,1935,0.0
1935-10-23,1935,0.0
1935-10-24,1935,1.6
1935-10-25,1935,16.6
1935-10-26,1935,18.1
1935-10-28,1935,0.0
1935-10-29,1935,0.0
1935-10-30,1935,8.4
1935-10-31,1935,0.0
1935-11-03,1935,0.0
1935-11-04,1935,0.0
1935-11-08,1935,0.0
1935-11-09,1935,0.0
1935-11-12,1935,0.0
1935-11-13,1935,0.0
1935-11-15,1935,0.0
1935-11-16,1935,0.0
1935-11-17,1935,0.0
1935-11-18,1935,0.0
1935-11-19,1935,0.0
1935-11-20,1935,0.3
1935-11-21,1935,0.1
1935-11-22,1935,0.0
1935-11-23,1935,0.0
1935-11-24,1935,0.0
1935-11-25,1935,0.0
1935-11-26,1935,0.0
1935-11-28,1935,1.9
1935-11-29,1935,7.0
1935-12-02,1935,2.6
1935-12-04,1935,0.3
1935-12-05,1935,0.2
1935-12-06,1935,0.1
1935-12-07,1935,1.4
1935-12-08,1935,1.2
1935-12-11,1935,0.0
1935-12-12,1935,0.0
1935-12-13,1935,0.0
1935-12-14,1935,0.0
1935-12-15,1935,0.0
1935-12-16,1935,0.0
1935-12-17,1935,0.0
1935-12-18,1935,0.0
1935-12-20,1935,12.3
1935-12-21,1935,8.4
1935-12-22,1935,0.0
1935-12-23,1935,0.0
1935-12-24,1935,0.0
1935-12-25,1935,0.0
1935-12-26,1935,0.0
1935-12-27,1935,0.0
1935-12-28,1935,0.0
1935-12-29,1935,0.0
1935-12-30,1935,0.0
1935-12-31,1935,0.0
1936-01-01,1936,0.6
1936-01-02,1936,0.9
1936-01-03,1936,0.0
1936-01-04,1936,2.4
1936-01-05,1936,5.2
1936-01-08,1936,0.0
1936-01-10,1936,0.0
1936-01-12,1936,0.0
1936-01-14,1936,0.0
1936-01-15,1936,0.0
1936-01-17,1936,0.0
1936-01-18,1936,0.0
1936-01-19,1936,0.0
1936-01-20,1936,0.0
1936-01-21,1936,0.0
1936-01-23,1936,0.2
1936-01-25,1936,0.0
1936-01-28,1936,5.4
1936-01-29,1936,0.1
1936-01-30,1936,0.0
1936-01-31,1936,0.0
1936-02-01,1936,1.1
1936-02-02,1936,0.3
1936-02-03,1936,1.2
1936-02-04,1936,0.0
1936-02-06,1936,0.0
1936-02-07,1936,0.0
1936-02-08,1936,0.0
1936-02-09,1936,3.9
1936-02-10,1936,6.0
1936-02-11,1936,26.0
1936-02-12,1936,4.1
1936-02-13,1936,0.0
1936-02-14,1936,2.3
1936-02-15,1936,3.1
1936-02-16,1936,9.4
1936-02-17,1936,3.6
1936-02-18,1936,4.4
1936-02-19,1936,0.8
1936-02-20,1936,0.1
1936-02-21,1936,0.3
1936-02-22,1936,2.8
1936-02-24,1936,0.7
1936-02-25,1936,5.6
1936-02-26,1936,2.2
1936-02-27,1936,5.1
1936-02-28,1936,0.9
1936-02-29,1936,1.2
1936-03-02,1936,0.5
1936-03-03,1936,1.3
1936-03-04,1936,6.8
1936-03-05,1936,1.3
1936-03-07,1936,0.0
1936-03-08,1936,0.0
1936-03-09,1936,0.0
1936-03-13,1936,0.5
1936-03-14,1936,1.0
1936-03-15,1936,0.0
1936-03-16,1936,0.0
1936-03-18,1936,0.3
1936-03-21,1936,0.0
1936-03-22,1936,0.0
1936-03-26,1936,0.1
1936-03-27,1936,0.0
1936-03-28,1936,0.0
1936-03-29,1936,0.0
1936-03-30,1936,0.0
1936-03-31,1936,0.0
1936-04-01,1936,0.0
1936-04-03,1936,0.0
1936-04-06,1936,0.1
1936-04-09,1936,0.7
1936-04-10,1936,0.6
1936-04-11,1936,7.5
1936-04-12,1936,0.0
1936-04-13,1936,0.0
1936-04-14,1936,0.1
1936-04-15,1936,3.8
1936-04-16,1936,0.0
1936-04-18,1936,0.0
1936-04-19,1936,0.0
1936-04-20,1936,0.0
1936-04-23,1936,2.2
1936-04-24,1936,0.3
1936-04-25,1936,46.9
1936-04-26,1936,1.7
1936-04-27,1936,0.0
1936-04-28,1936,0.0
1936-04-29,1936,0.0
1936-04-30,1936,53.2
1936-05-01,1936,0.9
1936-05-03,1936,0.0
1936-05-05,1936,0.0
1936-05-06,1936,0.0
1936-05-08,1936,0.0
1936-05-09,1936,0.0
1936-05-10,1936,0.1
1936-05-11,1936,3.5
1936-05-12,1936,11.4
1936-05-13,1936,2.9
1936-05-15,1936,0.7
1936-05-16,1936,37.0
1936-05-17,1936,29.1
1936-05-18,1936,56.7
1936-05-19,1936,59.1
1936-05-20,1936,34.2
1936-05-21,1936,9.8
1936-05-22,1936,0.6
1936-05-23,1936,0.0
1936-05-24,1936,0.1
1936-05-26,1936,0.0
1936-05-27,1936,0.1
1936-05-28,1936,3.2
1936-05-29,1936,0.1
1936-05-30,1936,4.3
1936-05-31,1936,4.7
1936-06-01,1936,50.1
1936-06-02,1936,9.6
1936-06-03,1936,3.0
1936-06-05,1936,8.6
1936-06-06,1936,0.0
1936-06-07,1936,0.0
1936-06-08,1936,2.4
1936-06-09,1936,1.1
1936-06-10,1936,0.5
1936-06-11,1936,9.4
1936-06-12,1936,1.3
1936-06-13,1936,15.5
1936-06-14,1936,7.6
1936-06-15,1936,1.6
1936-06-16,1936,0.1
1936-06-18,1936,0.0
1936-06-20,1936,1.1
1936-06-21,1936,0.3
1936-06-22,1936,5.1
1936-06-23,1936,0.5
1936-06-24,1936,0.0
1936-06-25,1936,0.0
1936-06-26,1936,0.0
1936-06-27,1936,0.0
1936-06-28,1936,14.4
1936-06-29,1936,10.6
1936-06-30,1936,2.1
1936-07-01,1936,0.0
1936-07-02,1936,0.1
1936-07-03,1936,16.0
1936-07-04,1936,0.3
1936-07-05,1936,19.7
1936-07-06,1936,1.3
1936-07-07,1936,39.2
1936-07-08,1936,7.2
1936-07-09,1936,2.0
1936-07-10,1936,0.0
1936-07-11,1936,0.3
1936-07-12,1936,0.1
1936-07-16,1936,0.4
1936-07-17,1936,0.0
1936-07-18,1936,10.9
1936-07-19,1936,63.1
1936-07-20,1936,8.4
1936-07-21,1936,1.0
1936-07-23,1936,0.1
1936-07-24,1936,0.8
1936-07-25,1936,5.3
1936-07-26,1936,22.1
1936-07-27,1936,5.6
1936-07-28,1936,2.3
1936-07-29,1936,10.2
1936-07-30,1936,0.0
1936-07-31,1936,7.6
1936-08-01,1936,85.4
1936-08-02,1936,136.5
1936-08-03,1936,39.4
1936-08-04,1936,66.0
1936-08-05,1936,2.6
1936-08-06,1936,9.8
1936-08-07,1936,12.5
1936-08-08,1936,0.7
1936-08-09,1936,3.4
1936-08-10,1936,0.0
1936-08-11,1936,0.0
1936-08-12,1936,17.8
1936-08-13,1936,26.9
1936-08-14,1936,14.8
1936-08-15,1936,0.0
1936-08-16,1936,21.6
1936-08-17,1936,85.0
1936-08-21,1936,2.6
1936-08-23,1936,0.0
1936-08-24,1936,0.0
1936-08-25,1936,0.0
1936-08-26,1936,0.0
1936-08-27,1936,0.1
1936-08-28,1936,2.5
1936-08-29,1936,2.6
1936-08-30,1936,1.8
1936-08-31,1936,9.2
1936-09-02,1936,7.1
1936-09-03,1936,3.6
1936-09-04,1936,12.2
1936-09-05,1936,26.4
1936-09-06,1936,38.3
1936-09-07,1936,199.3
1936-09-08,1936,0.1
1936-09-09,1936,0.3
1936-09-10,1936,25.7
1936-09-11,1936,0.0
1936-09-13,1936,0.0
1936-09-14,1936,0.0
1936-09-15,1936,0.0
1936-09-16,1936,0.0
1936-09-17,1936,0.0
1936-09-18,1936,0.0
1936-09-19,1936,1.1
1936-09-20,1936,0.0
1936-09-21,1936,0.0
1936-09-22,1936,0.0
1936-09-23,1936,0.0
1936-09-24,1936,0.0
1936-09-25,1936,0.0
1936-09-26,1936,0.0
1936-09-27,1936,0.0
1936-09-29,1936,0.2
1936-09-30,1936,0.0
1936-10-01,1936,0.0
1936-10-02,1936,0.0
1936-10-03,1936,0.0
1936-10-04,1936,45.5
1936-10-05,1936,0.6
1936-10-07,1936,1.8
1936-10-08,1936,0.1
1936-10-09,1936,0.0
1936-10-10,1936,0.0
1936-10-11,1936,0.0
1936-10-12,1936,0.0
1936-10-13,1936,0.0
1936-10-14,1936,0.0
1936-10-15,1936,0.0
1936-10-16,1936,0.0
1936-10-17,1936,0.0
1936-10-18,1936,0.0
1936-10-19,1936,0.0
1936-10-20,1936,0.0
1936-10-21,1936,0.0
1936-10-22,1936,0.0
1936-10-23,1936,0.0
1936-10-24,1936,0.0
1936-10-25,1936,0.0
1936-10-26,1936,0.0
1936-10-27,1936,0.0
1936-10-28,1936,0.0
1936-10-29,1936,0.0
1936-10-30,1936,0.0
1936-10-31,1936,0.0
1936-11-01,1936,0.0
1936-11-02,1936,0.0
1936-11-03,1936,3.3
1936-11-06,1936,0.0
1936-11-07,1936,0.0
1936-11-08,1936,0.1
1936-11-11,1936,0.0
1936-11-12,1936,0.0
1936-11-14,1936,0.0
1936-11-15,1936,0.0
1936-11-16,1936,0.0
1936-11-17,1936,0.0
1936-11-18,1936,0.0
1936-11-19,1936,0.0
1936-11-20,1936,0.0
1936-11-21,1936,0.0
1936-11-22,1936,0.0
1936-11-23,1936,0.0
1936-11-24,1936,0.0
1936-11-25,1936,0.0
1936-11-26,1936,0.8
1936-11-27,1936,0.0
1936-11-28,1936,0.0
1936-11-29,1936,0.0
1936-11-30,1936,0.0
1936-12-01,1936,0.0
1936-12-02,1936,0.0
1936-12-03,1936,0.0
1936-12-04,1936,0.0
1936-12-05,1936,0.0
1936-12-06,1936,0.0
1936-12-08,1936,0.0
1936-12-09,1936,0.0
1936-12-10,1936,0.0
1936-12-11,1936,0.0
1936-12-12,1936,0.0
1936-12-14,1936,2.8
1936-12-16,1936,0.1
1936-12-18,1936,2.1
1936-12-20,1936,0.0
1936-12-21,1936,0.0
1936-12-22,1936,0.0
1936-12-23,1936,0.0
1936-12-24,1936,2.8
1936-12-25,1936,0.7
1936-12-26,1936,0.0
1936-12-27,1936,0.0
1936-12-28,1936,0.0
1936-12-31,1936,1.3
1937-01-01,1937,24.5
1937-01-02,1937,0.0
1937-01-03,1937,0.0
1937-01-04,1937,0.0
1937-01-05,1937,0.0
1937-01-09,1937,0.3
1937-01-10,1937,0.1
1937-01-11,1937,0.0
1937-01-12,1937,0.0
1937-01-13,1937,0.0
1937-01-14,1937,0.0
1937-01-15,1937,0.0
1937-01-16,1937,0.0
1937-01-17,1937,0.0
1937-01-20,1937,0.0
1937-01-21,1937,0.0
1937-01-22,1937,0.0
1937-01-24,1937,0.0
1937-01-25,1937,0.0
1937-01-26,1937,0.0
1937-01-27,1937,0.0
1937-01-28,1937,4.8
1937-01-29,1937,18.7
1937-01-30,1937,0.1
1937-01-31,1937,21.9
1937-02-01,1937,1.2
1937-02-02,1937,0.0
1937-02-03,1937,0.0
1937-02-04,1937,0.0
1937-02-06,1937,1.7
1937-02-10,1937,0.0
1937-02-11,1937,0.5
1937-02-12,1937,2.7
1937-02-13,1937,0.0
1937-02-15,1937,0.0
1937-02-17,1937,0.0
1937-02-18,1937,0.0
1937-02-19,1937,0.0
1937-02-21,1937,0.1
1937-02-23,1937,0.0
1937-02-24,1937,0.0
1937-02-25,1937,1.2
1937-02-26,1937,0.0
1937-02-28,1937,0.8
1937-03-01,1937,0.9
1937-03-02,1937,0.7
1937-03-03,1937,7.5
1937-03-04,1937,3.4
1937-03-05,1937,2.0
1937-03-06,1937,0.3
1937-03-07,1937,4.8
1937-03-08,1937,5.4
1937-03-09,1937,1.4
1937-03-10,1937,0.3
1937-03-11,1937,4.3
1937-03-12,1937,0.0
1937-03-13,1937,0.0
1937-03-14,1937,0.0
1937-03-15,1937,0.0
1937-03-17,1937,0.0
1937-03-18,1937,1.0
1937-03-19,1937,0.0
1937-03-20,1937,0.7
1937-03-21,1937,51.0
1937-03-22,1937,0.6
1937-03-24,1937,0.0
1937-03-27,1937,0.9
1937-03-28,1937,0.9
1937-03-31,1937,1.5
1937-04-02,1937,0.2
1937-04-03,1937,2.9
1937-04-04,1937,10.9
1937-04-05,1937,2.4
1937-04-08,1937,0.1
1937-04-09,1937,0.0
1937-04-10,1937,0.0
1937-04-11,1937,0.0
1937-04-13,1937,0.0
1937-04-14,1937,24.3
1937-04-15,1937,0.3
1937-04-16,1937,0.0
1937-04-17,1937,0.0
1937-04-18,1937,0.0
1937-04-19,1937,0.0
1937-04-20,1937,0.0
1937-04-22,1937,0.6
1937-04-23,1937,16.0
1937-04-24,1937,0.0
1937-04-26,1937,0.0
1937-05-01,1937,0.0
1937-05-02,1937,0.0
1937-05-03,1937,2.6
1937-05-05,1937,0.0
1937-05-06,1937,13.0
1937-05-07,1937,0.1
1937-05-08,1937,0.3
1937-05-09,1937,0.0
1937-05-10,1937,0.0
1937-05-11,1937,0.0
1937-05-12,1937,0.0
1937-05-13,1937,3.0
1937-05-14,1937,0.0
1937-05-15,1937,0.0
1937-05-16,1937,0.1
1937-05-17,1937,4.9
1937-05-18,1937,94.8
1937-05-19,1937,2.8
1937-05-20,1937,0.8
1937-05-21,1937,25.1
1937-05-22,1937,32.8
1937-05-23,1937,64.6
1937-05-24,1937,0.0
1937-05-25,1937,0.0
1937-05-26,1937,0.0
1937-05-27,1937,0.0
1937-05-28,1937,0.3
1937-05-29,1937,18.2
1937-05-30,1937,19.1
1937-05-31,1937,0.1
1937-06-01,1937,0.9
1937-06-04,1937,1.5
1937-06-05,1937,7.7
1937-06-06,1937,7.9
1937-06-07,1937,18.1
1937-06-08,1937,51.3
1937-06-09,1937,31.2
1937-06-10,1937,10.1
1937-06-11,1937,7.4
1937-06-12,1937,0.3
1937-06-13,1937,0.9
1937-06-14,1937,1.1
1937-06-15,1937,2.2
1937-06-16,1937,2.0
1937-06-17,1937,25.6
1937-06-18,1937,0.8
1937-06-19,1937,0.0
1937-06-22,1937,22.6
1937-06-23,1937,43.9
1937-06-24,1937,11.9
1937-06-25,1937,39.6
1937-06-26,1937,27.2
1937-06-27,1937,3.8
1937-06-28,1937,2.8
1937-06-29,1937,13.3
1937-06-30,1937,3.0
1937-07-01,1937,0.1
1937-07-02,1937,0.0
1937-07-03,1937,0.0
1937-07-04,1937,136.7
1937-07-05,1937,69.9
1937-07-06,1937,15.2
1937-07-07,1937,21.3
1937-07-08,1937,0.5
1937-07-09,1937,0.0
1937-07-10,1937,41.4
1937-07-11,1937,0.0
1937-07-12,1937,0.0
1937-07-13,1937,0.0
1937-07-14,1937,0.0
1937-07-16,1937,2.0
1937-07-17,1937,3.6
1937-07-18,1937,28.6
1937-07-19,1937,55.7
1937-07-20,1937,1.5
1937-07-21,1937,0.4
1937-07-22,1937,0.0
1937-07-23,1937,0.5
1937-07-24,1937,0.4
1937-07-25,1937,0.3
1937-07-26,1937,53.1
1937-07-27,1937,8.7
1937-07-28,1937,0.8
1937-07-29,1937,6.9
1937-07-30,1937,31.0
1937-07-31,1937,11.8
1937-08-01,1937,3.5
1937-08-03,1937,0.0
1937-08-04,1937,17.8
1937-08-05,1937,8.3
1937-08-06,1937,22.9
1937-08-07,1937,40.8
1937-08-08,1937,10.2
1937-08-09,1937,21.8
1937-08-10,1937,35.2
1937-08-11,1937,3.3
1937-08-12,1937,2.0
1937-08-13,1937,16.9
1937-08-15,1937,1.9
1937-08-16,1937,0.9
1937-08-17,1937,0.7
1937-08-18,1937,2.6
1937-08-19,1937,9.2
1937-08-20,1937,29.9
1937-08-21,1937,62.9
1937-08-22,1937,52.0
1937-08-23,1937,0.1
1937-08-24,1937,1.5
1937-08-27,1937,0.0
1937-08-28,1937,2.1
1937-08-29,1937,4.6
1937-08-30,1937,13.9
1937-08-31,1937,0.0
1937-09-01,1937,2.4
1937-09-02,1937,150.5
1937-09-04,1937,0.3
1937-09-05,1937,0.0
1937-09-06,1937,8.6
1937-09-07,1937,0.0
1937-09-08,1937,0.0
1937-09-09,1937,0.0
1937-09-10,1937,0.0
1937-09-11,1937,0.0
1937-09-13,1937,0.4
1937-09-14,1937,20.8
1937-09-17,1937,0.5
1937-09-18,1937,0.0
1937-09-19,1937,48.0
1937-09-20,1937,50.4
1937-09-21,1937,15.9
1937-09-22,1937,0.0
1937-09-23,1937,0.0
1937-09-24,1937,0.0
1937-09-25,1937,6.7
1937-09-27,1937,0.0
1937-09-28,1937,13.2
1937-09-29,1937,0.1
1937-09-30,1937,0.1
1937-10-01,1937,0.0
1937-10-04,1937,25.9
1937-10-05,1937,6.1
1937-10-06,1937,0.0
1937-10-08,1937,0.0
1937-10-09,1937,0.0
1937-10-10,1937,0.0
1937-10-11,1937,2.3
1937-10-12,1937,0.7
1937-10-13,1937,0.9
1937-10-14,1937,0.4
1937-10-15,1937,1.0
1937-10-16,1937,0.0
1937-10-17,1937,0.0
1937-10-18,1937,0.0
1937-10-20,1937,0.0
1937-10-21,1937,0.0
1937-10-22,1937,0.0
1937-10-23,1937,0.0
1937-10-24,1937,0.0
1937-10-25,1937,0.0
1937-10-26,1937,0.1
1937-10-27,1937,0.0
1937-10-28,1937,0.0
1937-10-29,1937,0.0
1937-10-30,1937,0.0
1937-10-31,1937,0.8
1937-11-01,1937,0.0
1937-11-02,1937,0.0
1937-11-03,1937,0.0
1937-11-04,1937,0.0
1937-11-05,1937,0.1
1937-11-08,1937,0.0
1937-11-09,1937,0.0
1937-11-10,1937,0.0
1937-11-11,1937,0.0
1937-11-12,1937,0.0
1937-11-13,1937,0.0
1937-11-14,1937,0.0
1937-11-15,1937,0.0
1937-11-16,1937,0.0
1937-11-17,1937,0.0
1937-11-19,1937,0.0
1937-11-21,1937,26.2
1937-11-22,1937,0.0
1937-11-23,1937,0.0
1937-11-24,1937,0.0
1937-11-26,1937,0.0
1937-11-27,1937,0.0
1937-11-28,1937,0.0
1937-11-29,1937,0.0
1937-11-30,1937,0.0
1937-12-01,1937,0.0
1937-12-02,1937,0.0
1937-12-03,1937,0.0
1937-12-04,1937,0.0
1937-12-06,1937,0.0
1937-12-07,1937,0.0
1937-12-08,1937,0.0
1937-12-09,1937,0.0
1937-12-10,1937,0.0
1937-12-11,1937,0.0
1937-12-12,1937,0.0
1937-12-13,1937,0.6
1937-12-15,1937,10.6
1937-12-16,1937,3.8
1937-12-18,1937,0.0
1937-12-19,1937,0.0
1937-12-20,1937,0.0
1937-12-24,1937,0.0
1937-12-25,1937,0.0
1937-12-26,1937,0.0
1937-12-27,1937,0.0
1937-12-28,1937,0.0
1937-12-29,1937,0.0
1937-12-30,1937,0.2
1938-01-02,1938,0.4
1938-01-05,1938,5.4
1938-01-07,1938,0.0
1938-01-08,1938,0.0
1938-01-09,1938,0.0
1938-01-10,1938,0.0
1938-01-11,1938,0.0
1938-01-12,1938,0.0
1938-01-13,1938,0.0
1938-01-14,1938,0.0
1938-01-15,1938,0.0
1938-01-17,1938,0.1
1938-01-18,1938,2.2
1938-01-20,1938,0.0
1938-01-21,1938,0.0
1938-01-22,1938,0.9
1938-01-23,1938,0.0
1938-01-24,1938,0.0
1938-01-25,1938,0.0
1938-01-28,1938,0.0
1938-02-02,1938,0.4
1938-02-05,1938,0.2
1938-02-07,1938,6.4
1938-02-08,1938,1.3
1938-02-09,1938,0.1
1938-02-10,1938,35.7
1938-02-11,1938,16.5
1938-02-12,1938,27.4
1938-02-13,1938,15.3
1938-02-14,1938,2.2
1938-02-15,1938,1.3
1938-02-16,1938,0.0
1938-02-17,1938,0.0
1938-02-18,1938,0.0
1938-02-20,1938,12.1
1938-02-21,1938,0.0
1938-02-22,1938,0.0
1938-02-23,1938,0.0
1938-02-24,1938,0.0
1938-02-25,1938,0.0
1938-02-26,1938,0.0
1938-02-27,1938,0.0
1938-02-28,1938,0.0
1938-03-02,1938,0.0
1938-03-03,1938,0.0
1938-03-04,1938,0.8
1938-03-05,1938,3.4
1938-03-06,1938,0.1
1938-03-08,1938,0.4
1938-03-09,1938,12.6
1938-03-10,1938,2.3
1938-03-11,1938,0.0
1938-03-14,1938,0.3
1938-03-15,1938,0.0
1938-03-16,1938,0.0
1938-03-20,1938,1.5
1938-03-21,1938,46.3
1938-03-22,1938,39.0
1938-03-23,1938,2.7
1938-03-24,1938,0.9
1938-03-25,1938,0.4
1938-03-26,1938,17.8
1938-03-27,1938,17.4
1938-03-28,1938,0.0
1938-03-29,1938,0.0
1938-03-30,1938,0.0
1938-03-31,1938,0.0
1938-04-01,1938,0.0
1938-04-02,1938,0.0
1938-04-03,1938,0.0
1938-04-04,1938,0.0
1938-04-05,1938,0.0
1938-04-06,1938,0.0
1938-04-07,1938,0.0
1938-04-08,1938,0.0
1938-04-09,1938,0.0
1938-04-10,1938,0.5
1938-04-11,1938,0.0
1938-04-12,1938,0.0
1938-04-13,1938,0.0
1938-04-14,1938,0.0
1938-04-16,1938,0.0
1938-04-17,1938,0.0
1938-04-18,1938,0.0
1938-04-19,1938,0.0
1938-04-20,1938,0.1
1938-04-21,1938,0.0
1938-04-22,1938,18.7
1938-04-23,1938,0.4
1938-04-24,1938,27.0
1938-04-25,1938,0.4
1938-04-27,1938,0.0
1938-04-28,1938,0.0
1938-04-29,1938,0.0
1938-05-03,1938,53.4
1938-05-04,1938,0.4
1938-05-06,1938,0.0
1938-05-09,1938,0.7
1938-05-10,1938,0.0
1938-05-11,1938,0.0
1938-05-12,1938,0.0
1938-05-13,1938,0.0
1938-05-14,1938,0.0
1938-05-15,1938,0.0
1938-05-16,1938,0.0
1938-05-18,1938,1.4
1938-05-19,1938,3.5
1938-05-20,1938,95.7
1938-05-21,1938,6.1
1938-05-22,1938,15.2
1938-05-23,1938,3.9
1938-05-24,1938,14.9
1938-05-25,1938,21.8
1938-05-26,1938,2.1
1938-05-28,1938,0.0
1938-05-29,1938,1.2
1938-05-30,1938,0.7
1938-05-31,1938,0.0
1938-06-01,1938,0.0
1938-06-05,1938,0.0
1938-06-06,1938,0.0
1938-06-07,1938,0.0
1938-06-08,1938,0.0
1938-06-09,1938,0.0
1938-06-10,1938,15.7
1938-06-11,1938,8.6
1938-06-12,1938,3.8
1938-06-14,1938,1.4
1938-06-15,1938,1.1
1938-06-16,1938,12.4
1938-06-18,1938,12.8
1938-06-19,1938,0.0
1938-06-20,1938,13.4
1938-06-21,1938,3.4
1938-06-22,1938,1.5
1938-06-23,1938,1.6
1938-06-24,1938,0.1
1938-06-25,1938,0.0
1938-06-26,1938,0.3
1938-06-28,1938,0.0
1938-06-29,1938,0.0
1938-06-30,1938,0.0
1938-07-01,1938,0.0
1938-07-02,1938,4.4
1938-07-03,1938,49.5
1938-07-04,1938,6.6
1938-07-05,1938,72.3
1938-07-06,1938,0.0
1938-07-07,1938,3.2
1938-07-08,1938,8.0
1938-07-09,1938,50.5
1938-07-10,1938,2.5
1938-07-13,1938,0.0
1938-07-14,1938,0.0
1938-07-15,1938,0.0
1938-07-16,1938,8.8
1938-07-18,1938,5.2
1938-07-19,1938,0.1
1938-07-20,1938,8.6
1938-07-21,1938,0.5
1938-07-22,1938,0.1
1938-07-23,1938,0.4
1938-07-24,1938,2.7
1938-07-25,1938,1.3
1938-07-26,1938,0.5
1938-07-27,1938,7.4
1938-07-28,1938,60.4
1938-07-29,1938,5.8
1938-07-30,1938,4.0
1938-07-31,1938,8.0
1938-08-01,1938,2.0
1938-08-02,1938,1.4
1938-08-03,1938,1.9
1938-08-04,1938,4.2
1938-08-06,1938,2.7
1938-08-07,1938,76.2
1938-08-09,1938,3.8
1938-08-12,1938,0.0
1938-08-13,1938,3.4
1938-08-14,1938,0.2
1938-08-15,1938,0.0
1938-08-16,1938,0.5
1938-08-18,1938,0.8
1938-08-19,1938,34.8
1938-08-20,1938,0.4
1938-08-21,1938,6.5
1938-08-22,1938,1.5
1938-08-23,1938,0.0
1938-08-25,1938,0.1
1938-08-26,1938,0.0
1938-08-27,1938,0.1
1938-08-28,1938,29.0
1938-08-29,1938,14.0
1938-08-30,1938,3.1
1938-08-31,1938,13.5
1938-09-03,1938,3.7
1938-09-05,1938,0.0
1938-09-07,1938,0.6
1938-09-08,1938,13.2
1938-09-09,1938,0.0
1938-09-10,1938,5.1
1938-09-11,1938,3.3
1938-09-12,1938,5.1
1938-09-13,1938,5.3
1938-09-15,1938,0.9
1938-09-17,1938,14.9
1938-09-18,1938,0.0
1938-09-19,1938,0.0
1938-09-20,1938,10.0
1938-09-21,1938,3.7
1938-09-22,1938,0.0
1938-09-24,1938,0.4
1938-09-26,1938,0.0
1938-09-27,1938,0.0
1938-09-28,1938,0.8
1938-09-30,1938,41.9
1938-10-02,1938,0.4
1938-10-03,1938,30.5
1938-10-04,1938,63.1
1938-10-05,1938,10.5
1938-10-06,1938,0.0
1938-10-07,1938,23.1
1938-10-08,1938,1.4
1938-10-09,1938,3.5
1938-10-10,1938,11.0
1938-10-11,1938,0.2
1938-10-12,1938,6.9
1938-10-13,1938,0.0
1938-10-14,1938,2.9
1938-10-15,1938,0.7
1938-10-16,1938,0.0
1938-10-17,1938,0.0
1938-10-18,1938,0.0
1938-10-19,1938,0.0
1938-10-20,1938,0.0
1938-10-21,1938,0.0
1938-10-22,1938,0.0
1938-10-23,1938,0.0
1938-10-24,1938,0.0
1938-10-25,1938,0.0
1938-10-26,1938,0.0
1938-10-27,1938,0.0
1938-10-29,1938,0.0
1938-10-30,1938,0.0
1938-11-02,1938,0.0
1938-11-03,1938,0.0
1938-11-04,1938,0.0
1938-11-05,1938,0.0
1938-11-07,1938,4.6
1938-11-09,1938,0.2
1938-11-10,1938,8.8
1938-11-11,1938,0.0
1938-11-13,1938,0.0
1938-11-16,1938,0.0
1938-11-17,1938,0.0
1938-11-18,1938,0.0
1938-11-19,1938,0.0
1938-11-20,1938,0.0
1938-11-21,1938,0.0
1938-11-22,1938,0.0
1938-11-23,1938,0.0
1938-11-24,1938,0.0
1938-11-25,1938,0.0
1938-11-26,1938,0.0
1938-11-27,1938,0.0
1938-11-29,1938,0.0
1938-11-30,1938,0.0
1938-12-03,1938,0.0
1938-12-04,1938,0.0
1938-12-05,1938,0.0
1938-12-06,1938,0.0
1938-12-07,1938,0.0
1938-12-08,1938,0.0
1938-12-09,1938,0.0
1938-12-13,1938,0.0
1938-12-14,1938,0.0
1938-12-16,1938,0.0
1938-12-18,1938,0.1
1938-12-19,1938,0.0
1938-12-20,1938,0.1
1938-12-22,1938,0.0
1938-12-24,1938,0.0
1938-12-25,1938,0.0
1938-12-26,1938,0.0
1938-12-27,1938,0.0
1938-12-29,1938,0.0
1938-12-30,1938,0.0
1938-12-31,1938,0.0
1939-01-01,1939,0.0
1939-01-05,1939,1.9
1939-01-06,1939,0.2
1939-01-07,1939,12.1
1939-01-08,1939,0.0
1939-01-09,1939,0.0
1939-01-10,1939,0.0
1939-01-11,1939,0.0
1939-01-12,1939,0.0
1939-01-13,1939,0.0
1939-01-14,1939,0.0
1939-01-15,1939,0.0
1939-01-16,1939,7.0
1939-01-17,1939,1.0
1939-01-18,1939,0.0
1939-01-19,1939,0.0
1939-01-20,1939,0.0
1939-01-21,1939,0.0
1939-01-22,1939,0.0
1939-01-25,1939,0.0
1939-01-26,1939,0.0
1939-01-27,1939,0.0
1939-01-28,1939,0.0
1939-01-29,1939,1.7
1939-01-30,1939,4.3
1939-01-31,1939,0.0
1939-02-01,1939,0.5
1939-02-02,1939,0.0
1939-02-03,1939,0.0
1939-02-04,1939,0.0
1939-02-05,1939,0.0
1939-02-06,1939,0.0
1939-02-07,1939,0.0
1939-02-09,1939,0.0
1939-02-10,1939,0.0
1939-02-11,1939,0.0
1939-02-12,1939,0.0
1939-02-13,1939,0.0
1939-02-14,1939,0.0
1939-02-15,1939,0.0
1939-02-16,1939,0.0
1939-02-17,1939,0.0
1939-02-18,1939,0.0
1939-02-21,1939,0.0
1939-02-23,1939,0.0
1939-02-25,1939,0.0
1939-03-01,1939,0.0
1939-03-03,1939,0.4
1939-03-04,1939,0.0
1939-03-05,1939,0.0
1939-03-07,1939,0.8
1939-03-08,1939,0.9
1939-03-10,1939,17.9
1939-03-11,1939,3.9
1939-03-12,1939,16.4
1939-03-13,1939,0.6
1939-03-15,1939,0.3
1939-03-16,1939,0.0
1939-03-17,1939,0.8
1939-03-18,1939,0.0
1939-03-19,1939,0.1
1939-03-22,1939,16.7
1939-03-23,1939,15.4
1939-03-24,1939,2.4
1939-03-25,1939,12.8
1939-03-28,1939,0.2
1939-03-29,1939,0.5
1939-03-31,1939,0.0
1939-04-01,1939,0.0
1939-04-02,1939,18.6
1939-04-04,1939,6.5
1939-04-05,1939,2.4
1939-04-06,1939,0.0
1939-04-07,1939,0.0
1939-04-08,1939,0.0
1939-04-09,1939,0.0
1939-04-10,1939,0.0
1939-04-11,1939,0.0
1939-04-15,1939,56.3
1939-04-16,1939,24.6
1939-04-17,1939,7.1
1939-04-18,1939,0.0
1939-04-19,1939,68.9
1939-04-20,1939,145.2
1939-04-21,1939,0.0
1939-04-22,1939,1.1
1939-04-23,1939,0.6
1939-04-25,1939,0.0
1939-04-26,1939,12.2
1939-04-28,1939,22.8
1939-04-29,1939,35.0
1939-04-30,1939,0.0
1939-05-01,1939,3.9
1939-05-02,1939,0.1
1939-05-04,1939,0.3
1939-05-05,1939,0.0
1939-05-06,1939,0.1
1939-05-07,1939,0.0
1939-05-08,1939,0.0
1939-05-10,1939,2.7
1939-05-11,1939,104.1
1939-05-12,1939,0.0
1939-05-13,1939,0.0
1939-05-14,1939,0.0
1939-05-15,1939,0.8
1939-05-16,1939,0.7
1939-05-17,1939,2.1
1939-05-18,1939,0.0
1939-05-19,1939,23.0
1939-05-20,1939,112.2
1939-05-21,1939,40.2
1939-05-22,1939,138.6
1939-05-23,1939,0.0
1939-05-24,1939,0.1
1939-05-25,1939,18.0
1939-05-26,1939,0.1
1939-05-27,1939,4.8
1939-05-28,1939,4.6
1939-05-29,1939,19.8
1939-05-30,1939,41.5
1939-05-31,1939,15.1
1939-06-01,1939,3.5
1939-06-02,1939,0.1
1939-06-03,1939,3.8
1939-06-04,1939,0.7
1939-06-05,1939,0.0
1939-06-06,1939,1.8
1939-06-07,1939,0.5
1939-06-08,1939,3.1
1939-06-09,1939,18.4
1939-06-10,1939,12.0
1939-06-11,1939,13.2
1939-06-13,1939,67.1
1939-06-14,1939,50.2
1939-06-15,1939,2.2
1939-06-16,1939,0.2
1939-06-18,1939,0.1
1939-06-19,1939,0.1
1939-06-20,1939,2.0
1939-06-21,1939,5.1
1939-06-22,1939,4.8
1939-06-23,1939,15.0
1939-06-24,1939,9.6
1939-06-25,1939,0.0
1939-06-26,1939,0.5
1939-06-29,1939,5.0
1939-06-30,1939,0.1
1939-07-01,1939,15.4
1939-07-02,1939,22.3
1939-07-03,1939,0.0
1939-07-04,1939,0.1
1939-07-05,1939,1.5
1939-07-06,1939,0.0
1939-07-07,1939,0.0
1939-07-08,1939,0.0
1939-07-09,1939,0.0
1939-07-10,1939,0.0
1939-07-11,1939,0.0
1939-07-12,1939,0.0
1939-07-13,1939,0.0
1939-07-14,1939,0.0
1939-07-15,1939,0.0
1939-07-16,1939,0.6
1939-07-17,1939,90.5
1939-07-18,1939,11.2
1939-07-19,1939,16.0
1939-07-20,1939,22.7
1939-07-21,1939,0.0
1939-07-22,1939,34.4
1939-07-23,1939,0.3
1939-07-25,1939,4.0
1939-07-26,1939,9.0
1939-07-27,1939,32.3
1939-07-28,1939,10.6
1939-07-29,1939,40.3
1939-07-30,1939,10.8
1939-07-31,1939,0.7
1939-08-01,1939,1.0
1939-08-02,1939,0.0
1939-08-03,1939,56.5
1939-08-04,1939,0.0
1939-08-05,1939,0.0
1939-08-06,1939,26.9
1939-08-07,1939,1.1
1939-08-08,1939,25.5
1939-08-09,1939,1.2
1939-08-10,1939,21.3
1939-08-11,1939,30.8
1939-08-12,1939,6.4
1939-08-13,1939,0.0
1939-08-14,1939,20.8
1939-08-15,1939,15.2
1939-08-16,1939,0.3
1939-08-17,1939,13.4
1939-08-18,1939,34.1
1939-08-19,1939,33.8
1939-08-20,1939,0.0
1939-08-21,1939,0.0
1939-08-22,1939,4.0
1939-08-23,1939,6.0
1939-08-24,1939,11.0
1939-08-25,1939,0.6
1939-08-26,1939,15.9
1939-08-27,1939,0.0
1939-08-28,1939,0.0
1939-08-29,1939,0.0
1939-08-30,1939,0.0
1939-08-31,1939,0.0
1939-09-02,1939,0.0
1939-09-04,1939,60.1
1939-09-05,1939,0.5
1939-09-06,1939,7.7
1939-09-07,1939,1.4
1939-09-08,1939,32.5
1939-09-09,1939,0.0
1939-09-10,1939,0.0
1939-09-11,1939,0.0
1939-09-12,1939,0.0
1939-09-13,1939,0.0
1939-09-14,1939,0.0
1939-09-15,1939,0.0
1939-09-16,1939,0.0
1939-09-17,1939,0.3
1939-09-18,1939,0.0
1939-09-19,1939,0.0
1939-09-20,1939,0.0
1939-09-21,1939,4.6
1939-09-22,1939,0.7
1939-09-23,1939,0.4
1939-09-24,1939,0.0
1939-09-26,1939,4.8
1939-09-27,1939,5.9
1939-09-29,1939,2.8
1939-09-30,1939,2.2
1939-10-01,1939,4.5
1939-10-02,1939,18.1
1939-10-03,1939,0.1
1939-10-04,1939,2.5
1939-10-05,1939,0.0
1939-10-06,1939,0.0
1939-10-07,1939,0.0
1939-10-08,1939,0.0
1939-10-09,1939,0.0
1939-10-10,1939,0.0
1939-10-11,1939,0.0
1939-10-12,1939,0.0
1939-10-13,1939,0.0
1939-10-14,1939,0.0
1939-10-15,1939,0.0
1939-10-16,1939,0.0
1939-10-17,1939,0.0
1939-10-18,1939,10.0
1939-10-20,1939,0.5
1939-10-24,1939,0.0
1939-10-26,1939,0.0
1939-10-27,1939,0.0
1939-11-01,1939,0.0
1939-11-02,1939,1.2
1939-11-03,1939,0.1
1939-11-04,1939,0.0
1939-11-07,1939,0.0
1939-11-08,1939,0.0
1939-11-09,1939,0.0
1939-11-10,1939,0.0
1939-11-14,1939,0.0
1939-11-16,1939,0.3
1939-11-17,1939,0.0
1939-11-19,1939,0.1
1939-11-20,1939,0.0
1939-11-21,1939,0.1
1939-11-22,1939,18.1
1939-11-23,1939,102.2
1939-11-24,1939,0.0
1939-11-25,1939,0.0
1939-11-26,1939,0.5
1939-11-27,1939,0.0
1939-11-28,1939,0.0
1939-11-29,1939,0.0
1939-11-30,1939,0.0
1939-12-01,1939,0.0
1939-12-02,1939,0.0
1939-12-03,1939,0.0
1939-12-04,1939,0.0
1939-12-05,1939,0.0
1939-12-06,1939,0.0
1939-12-07,1939,0.0
1939-12-08,1939,0.0
1939-12-09,1939,0.0
1939-12-10,1939,0.0
1939-12-11,1939,0.0
1939-12-12,1939,0.0
1939-12-13,1939,0.0
1939-12-14,1939,0.0
1939-12-15,1939,0.0
1939-12-16,1939,0.0
1939-12-17,1939,0.0
1939-12-19,1939,0.0
1939-12-20,1939,0.0
1939-12-21,1939,0.0
1939-12-22,1939,0.0
1939-12-23,1939,0.0
1939-12-24,1939,0.0
1939-12-25,1939,0.0
1939-12-26,1939,0.0
1939-12-27,1939,0.0
1939-12-28,1939,0.0
1939-12-29,1939,0.0
1939-12-30,1939,0.0
1939-12-31,1939,0.0
1947-01-01,1947,0.0
1947-01-02,1947,0.0
1947-01-03,1947,0.0
1947-01-04,1947,0.0
1947-01-05,1947,0.0
1947-01-06,1947,0.0
1947-01-09,1947,0.0
1947-01-16,1947,8.2
1947-01-17,1947,15.9
1947-01-18,1947,2.5
1947-01-22,1947,12.5
1947-01-23,1947,0.3
1947-01-24,1947,1.2
1947-01-25,1947,1.9
1947-01-26,1947,13.7
1947-01-27,1947,0.0
1947-01-28,1947,0.0
1947-01-30,1947,9.9
1947-01-31,1947,0.0
1947-02-01,1947,0.0
1947-02-02,1947,0.0
1947-02-04,1947,1.8
1947-02-05,1947,0.0
1947-02-06,1947,0.0
1947-02-07,1947,1.0
1947-02-08,1947,1.3
1947-02-10,1947,0.0
1947-02-11,1947,0.0
1947-02-13,1947,7.6
1947-02-14,1947,0.0
1947-02-16,1947,1.3
1947-02-18,1947,0.0
1947-02-19,1947,0.0
1947-02-20,1947,0.0
1947-02-23,1947,0.0
1947-02-24,1947,0.0
1947-02-25,1947,0.0
1947-02-26,1947,0.0
1947-02-27,1947,0.0
1947-02-28,1947,0.0
1947-03-01,1947,0.0
1947-03-02,1947,0.3
1947-03-03,1947,4.7
1947-03-04,1947,11.6
1947-03-05,1947,13.5
1947-03-06,1947,0.4
1947-03-07,1947,4.8
1947-03-08,1947,22.0
1947-03-10,1947,0.0
1947-03-11,1947,0.0
1947-03-12,1947,0.0
1947-03-13,1947,0.0
1947-03-14,1947,0.0
1947-03-15,1947,0.0
1947-03-17,1947,0.0
1947-03-18,1947,0.0
1947-03-22,1947,0.4
1947-03-23,1947,14.7
1947-03-25,1947,0.0
1947-03-26,1947,0.0
1947-03-27,1947,0.0
1947-03-28,1947,0.0
1947-03-29,1947,0.0
1947-03-30,1947,0.0
1947-04-01,1947,4.5
1947-04-02,1947,0.5
1947-04-03,1947,0.0
1947-04-05,1947,1.0
1947-04-06,1947,6.9
1947-04-07,1947,1.9
1947-04-08,1947,3.0
1947-04-10,1947,0.0
1947-04-11,1947,0.0
1947-04-12,1947,0.0
1947-04-13,1947,0.0
1947-04-14,1947,0.0
1947-04-15,1947,0.0
1947-04-16,1947,0.0
1947-04-17,1947,0.0
1947-04-19,1947,14.0
1947-04-22,1947,2.2
1947-04-23,1947,1.4
1947-04-24,1947,0.3
1947-04-25,1947,0.4
1947-04-26,1947,0.1
1947-04-28,1947,23.9
1947-04-29,1947,0.3
1947-05-02,1947,0.0
1947-05-05,1947,0.3
1947-05-06,1947,0.0
1947-05-07,1947,0.7
1947-05-10,1947,0.0
1947-05-13,1947,3.1
1947-05-14,1947,4.9
1947-05-15,1947,6.7
1947-05-16,1947,5.7
1947-05-17,1947,22.6
1947-05-18,1947,35.5
1947-05-20,1947,3.4
1947-05-21,1947,0.3
1947-05-22,1947,20.2
1947-05-23,1947,6.5
1947-05-24,1947,0.0
1947-05-25,1947,7.4
1947-05-26,1947,45.3
1947-05-28,1947,21.0
1947-05-29,1947,0.0
1947-05-31,1947,1.6
1947-06-01,1947,0.1
1947-06-02,1947,55.1
1947-06-03,1947,7.6
1947-06-04,1947,40.8
1947-06-05,1947,10.1
1947-06-06,1947,70.8
1947-06-07,1947,159.4
1947-06-08,1947,28.6
1947-06-09,1947,5.5
1947-06-10,1947,1.2
1947-06-12,1947,4.9
1947-06-13,1947,2.6
1947-06-14,1947,2.0
1947-06-15,1947,3.6
1947-06-16,1947,1.7
1947-06-17,1947,7.4
1947-06-18,1947,0.1
1947-06-21,1947,0.0
1947-06-22,1947,3.4
1947-06-23,1947,23.7
1947-06-24,1947,6.8
1947-06-25,1947,3.2
1947-06-26,1947,1.3
1947-06-27,1947,0.0
1947-06-28,1947,13.0
1947-06-29,1947,40.0
1947-06-30,1947,56.6
1947-07-01,1947,172.7
1947-07-02,1947,4.5
1947-07-03,1947,0.7
1947-07-04,1947,0.0
1947-07-05,1947,0.0
1947-07-06,1947,0.0
1947-07-07,1947,2.3
1947-07-08,1947,28.5
1947-07-09,1947,8.7
1947-07-10,1947,1.9
1947-07-11,1947,8.0
1947-07-13,1947,4.9
1947-07-14,1947,41.4
1947-07-15,1947,5.9
1947-07-16,1947,1.3
1947-07-17,1947,0.0
1947-07-18,1947,1.9
1947-07-19,1947,29.9
1947-07-20,1947,39.2
1947-07-21,1947,28.9
1947-07-22,1947,15.3
1947-07-23,1947,28.5
1947-07-24,1947,39.4
1947-07-25,1947,71.5
1947-07-26,1947,41.0
1947-07-27,1947,0.0
1947-07-28,1947,0.0
1947-07-30,1947,2.6
1947-07-31,1947,0.6
1947-08-01,1947,8.5
1947-08-02,1947,1.1
1947-08-03,1947,21.6
1947-08-04,1947,115.8
1947-08-05,1947,33.6
1947-08-06,1947,42.3
1947-08-07,1947,69.4
1947-08-09,1947,0.0
1947-08-10,1947,0.3
1947-08-11,1947,0.0
1947-08-12,1947,11.0
1947-08-13,1947,8.9
1947-08-15,1947,0.0
1947-08-17,1947,13.1
1947-08-18,1947,70.0
1947-08-19,1947,12.9
1947-08-21,1947,0.0
1947-08-22,1947,0.0
1947-08-23,1947,10.2
1947-08-25,1947,0.0
1947-08-26,1947,0.0
1947-08-27,1947,1.7
1947-08-28,1947,10.2
1947-08-29,1947,7.6
1947-08-30,1947,7.3
1947-08-31,1947,129.2
1947-09-01,1947,21.9
1947-09-02,1947,62.5
1947-09-03,1947,20.5
1947-09-04,1947,47.8
1947-09-05,1947,31.4
1947-09-06,1947,1.0
1947-09-07,1947,0.0
1947-09-08,1947,0.0
1947-09-09,1947,19.7
1947-09-10,1947,9.6
1947-09-11,1947,18.3
1947-09-12,1947,128.4
1947-09-13,1947,26.7
1947-09-14,1947,4.0
1947-09-15,1947,2.2
1947-09-16,1947,0.5
1947-09-17,1947,22.0
1947-09-18,1947,6.7
1947-09-19,1947,0.0
1947-09-20,1947,0.0
1947-09-22,1947,0.0
1947-09-23,1947,5.7
1947-09-24,1947,7.4
1947-09-25,1947,4.4
1947-09-26,1947,0.0
1947-09-27,1947,5.5
1947-09-28,1947,3.3
1947-09-29,1947,0.0
1947-09-30,1947,0.0
1947-10-01,1947,0.0
1947-10-02,1947,0.0
1947-10-03,1947,1.5
1947-10-04,1947,7.3
1947-10-05,1947,7.6
1947-10-06,1947,0.0
1947-10-07,1947,0.5
1947-10-09,1947,0.0
1947-10-10,1947,0.2
1947-10-11,1947,0.0
1947-10-12,1947,0.0
1947-10-13,1947,0.0
1947-10-14,1947,0.0
1947-10-15,1947,0.0
1947-10-17,1947,0.0
1947-10-18,1947,0.0
1947-10-19,1947,0.0
1947-10-21,1947,0.0
1947-10-22,1947,0.0
1947-10-23,1947,0.0
1947-10-24,1947,0.0
1947-10-25,1947,0.0
1947-10-26,1947,0.0
1947-10-27,1947,0.0
1947-10-28,1947,0.8
1947-10-30,1947,0.0
1947-10-31,1947,0.0
1947-11-01,1947,0.0
1947-11-02,1947,3.1
1947-11-03,1947,1.6
1947-11-05,1947,0.0
1947-11-06,1947,0.0
1947-11-07,1947,0.0
1947-11-08,1947,0.0
1947-11-11,1947,9.3
1947-11-12,1947,0.3
1947-11-14,1947,0.0
1947-11-15,1947,0.0
1947-11-16,1947,0.0
1947-11-17,1947,0.0
1947-11-19,1947,0.0
1947-11-20,1947,0.0
1947-11-21,1947,0.0
1947-11-22,1947,0.0
1947-11-23,1947,0.0
1947-11-24,1947,0.0
1947-11-25,1947,0.0
1947-11-26,1947,0.0
1947-11-27,1947,0.0
1947-11-28,1947,0.0
1947-11-30,1947,0.0
1947-12-01,1947,0.0
1947-12-02,1947,0.0
1947-12-03,1947,0.0
1947-12-04,1947,0.0
1947-12-05,1947,0.0
1947-12-06,1947,0.0
1947-12-08,1947,1.0
1947-12-09,1947,5.5
1947-12-10,1947,1.0
1947-12-11,1947,0.3
1947-12-12,1947,0.5
1947-12-13,1947,0.3
1947-12-16,1947,0.0
1947-12-17,1947,0.0
1947-12-18,1947,0.0
1947-12-19,1947,0.0
1947-12-20,1947,0.0
1947-12-21,1947,0.0
1947-12-22,1947,0.0
1947-12-23,1947,0.0
1947-12-25,1947,0.0
1947-12-26,1947,0.3
1947-12-27,1947,0.0
1947-12-28,1947,0.0
1947-12-29,1947,0.0
1947-12-30,1947,0.0
1947-12-31,1947,0.0
1948-01-01,1948,0.0
1948-01-02,1948,0.0
1948-01-03,1948,0.0
1948-01-04,1948,0.0
1948-01-05,1948,0.0
1948-01-06,1948,0.0
1948-01-07,1948,0.0
1948-01-09,1948,0.0
1948-01-10,1948,0.0
1948-01-11,1948,0.0
1948-01-12,1948,0.0
1948-01-13,1948,0.0
1948-01-14,1948,0.0
1948-01-15,1948,0.0
1948-01-16,1948,0.0
1948-01-17,1948,0.0
1948-01-18,1948,0.0
1948-01-19,1948,0.0
1948-01-20,1948,0.0
1948-01-21,1948,30.7
1948-01-22,1948,0.0
1948-01-24,1948,0.4
1948-01-25,1948,0.1
1948-01-26,1948,0.2
1948-01-27,1948,0.2
1948-01-29,1948,0.0
1948-01-30,1948,0.0
1948-02-01,1948,0.3
1948-02-02,1948,0.0
1948-02-05,1948,0.3
1948-02-08,1948,0.0
1948-02-09,1948,0.2
1948-02-10,1948,0.2
1948-02-11,1948,0.0
1948-02-13,1948,0.0
1948-02-14,1948,0.0
1948-02-16,1948,0.0
1948-02-17,1948,0.0
1948-02-18,1948,0.0
1948-02-19,1948,0.0
1948-02-21,1948,0.0
1948-02-24,1948,3.3
1948-02-25,1948,0.0
1948-02-27,1948,0.0
1948-02-28,1948,0.0
1948-03-01,1948,0.1
1948-03-02,1948,6.1
1948-03-03,1948,0.4
1948-03-04,1948,0.0
1948-03-05,1948,0.0
1948-03-06,1948,0.0
1948-03-08,1948,0.0
1948-03-09,1948,0.0
1948-03-10,1948,0.0
1948-03-11,1948,0.0
1948-03-12,1948,0.0
1948-03-14,1948,0.0
1948-03-15,1948,2.2
1948-03-16,1948,0.9
1948-03-17,1948,0.0
1948-03-18,1948,1.5
1948-03-19,1948,4.2
1948-03-20,1948,1.7
1948-03-22,1948,3.0
1948-03-23,1948,0.1
1948-03-25,1948,0.0
1948-03-26,1948,0.0
1948-03-27,1948,0.0
1948-03-28,1948,0.0
1948-03-29,1948,0.0
1948-03-30,1948,0.0
1948-03-31,1948,0.0
1948-04-01,1948,0.0
1948-04-02,1948,0.0
1948-04-03,1948,0.0
1948-04-04,1948,0.0
1948-04-05,1948,1.1
1948-04-06,1948,5.4
1948-04-07,1948,0.2
1948-04-09,1948,4.1
1948-04-10,1948,1.6
1948-04-12,1948,0.0
1948-04-13,1948,0.0
1948-04-14,1948,0.4
1948-04-15,1948,0.1
1948-04-16,1948,28.3
1948-04-17,1948,0.1
1948-04-18,1948,0.0
1948-04-19,1948,0.3
1948-04-20,1948,0.3
1948-04-21,1948,46.8
1948-04-22,1948,20.1
1948-04-23,1948,6.2
1948-04-24,1948,0.1
1948-04-25,1948,6.6
1948-04-26,1948,31.3
1948-04-27,1948,0.0
1948-04-28,1948,0.0
1948-04-29,1948,0.6
1948-04-30,1948,0.4
1948-05-01,1948,1.1
1948-05-03,1948,0.1
1948-05-04,1948,0.4
1948-05-07,1948,0.0
1948-05-08,1948,56.6
1948-05-09,1948,20.3
1948-05-10,1948,0.4
1948-05-11,1948,3.0
1948-05-12,1948,0.6
1948-05-13,1948,3.4
1948-05-18,1948,0.0
1948-05-19,1948,0.0
1948-05-20,1948,0.2
1948-05-22,1948,0.0
1948-05-23,1948,0.0
1948-05-25,1948,23.9
1948-05-26,1948,4.4
1948-05-27,1948,28.4
1948-05-28,1948,7.0
1948-05-29,1948,55.4
1948-05-30,1948,25.5
1948-05-31,1948,1.6
1948-06-01,1948,0.0
1948-06-02,1948,0.5
1948-06-03,1948,0.0
1948-06-04,1948,0.0
1948-06-05,1948,0.0
1948-06-06,1948,0.0
1948-06-08,1948,13.4
1948-06-09,1948,6.4
1948-06-10,1948,49.9
1948-06-11,1948,144.7
1948-06-12,1948,76.6
1948-06-13,1948,0.1
1948-06-14,1948,12.9
1948-06-16,1948,2.7
1948-06-17,1948,17.0
1948-06-18,1948,30.3
1948-06-19,1948,12.0
1948-06-20,1948,2.7
1948-06-21,1948,15.7
1948-06-22,1948,6.5
1948-06-23,1948,6.7
1948-06-24,1948,10.8
1948-06-25,1948,0.3
1948-06-26,1948,12.5
1948-06-27,1948,14.1
1948-06-28,1948,0.1
1948-06-30,1948,0.0
1948-07-01,1948,0.6
1948-07-03,1948,5.9
1948-07-04,1948,0.6
1948-07-05,1948,0.0
1948-07-06,1948,0.0
1948-07-07,1948,2.0
1948-07-08,1948,6.0
1948-07-09,1948,21.3
1948-07-10,1948,72.9
1948-07-11,1948,19.9
1948-07-12,1948,1.2
1948-07-13,1948,0.0
1948-07-14,1948,4.0
1948-07-15,1948,26.6
1948-07-16,1948,2.8
1948-07-18,1948,14.8
1948-07-19,1948,0.6
1948-07-20,1948,32.9
1948-07-21,1948,0.6
1948-07-22,1948,6.9
1948-07-23,1948,60.2
1948-07-24,1948,50.0
1948-07-25,1948,1.3
1948-07-26,1948,0.0
1948-07-27,1948,162.5
1948-07-28,1948,107.4
1948-07-30,1948,0.8
1948-07-31,1948,5.2
1948-08-01,1948,7.6
1948-08-02,1948,5.4
1948-08-03,1948,2.5
1948-08-04,1948,0.0
1948-08-05,1948,0.0
1948-08-06,1948,0.0
1948-08-07,1948,0.0
1948-08-08,1948,0.0
1948-08-09,1948,0.0
1948-08-10,1948,0.0
1948-08-11,1948,0.0
1948-08-12,1948,2.0
1948-08-13,1948,15.6
1948-08-14,1948,0.0
1948-08-15,1948,0.0
1948-08-16,1948,8.3
1948-08-17,1948,0.0
1948-08-18,1948,0.2
1948-08-19,1948,9.2
1948-08-20,1948,1.1
1948-08-21,1948,43.1
1948-08-22,1948,13.5
1948-08-23,1948,2.2
1948-08-24,1948,31.6
1948-08-25,1948,14.1
1948-08-26,1948,22.3
1948-08-27,1948,0.8
1948-08-28,1948,76.4
1948-08-29,1948,42.2
1948-08-30,1948,15.3
1948-08-31,1948,0.0
1948-09-01,1948,0.0
1948-09-02,1948,51.2
1948-09-03,1948,15.1
1948-09-04,1948,18.9
1948-09-06,1948,0.0
1948-09-07,1948,0.0
1948-09-08,1948,0.0
1948-09-09,1948,47.0
1948-09-10,1948,0.0
1948-09-11,1948,0.0
1948-09-12,1948,0.0
1948-09-13,1948,1.0
1948-09-14,1948,6.4
1948-09-15,1948,0.0
1948-09-16,1948,0.0
1948-09-17,1948,0.0
1948-09-18,1948,1.0
1948-09-19,1948,27.6
1948-09-20,1948,38.9
1948-09-21,1948,12.8
1948-09-22,1948,149.3
1948-09-23,1948,74.0
1948-09-24,1948,0.0
1948-09-26,1948,20.8
1948-09-27,1948,52.4
1948-09-28,1948,64.0
1948-09-29,1948,0.0
1948-09-30,1948,0.1
1948-10-01,1948,0.0
1948-10-02,1948,1.0
1948-10-03,1948,0.0
1948-10-04,1948,0.0
1948-10-05,1948,0.0
1948-10-06,1948,0.0
1948-10-07,1948,0.0
1948-10-08,1948,19.5
1948-10-09,1948,2.5
1948-10-10,1948,0.0
1948-10-11,1948,0.0
1948-10-12,1948,0.0
1948-10-13,1948,1.8
1948-10-15,1948,0.0
1948-10-16,1948,0.0
1948-10-17,1948,0.1
1948-10-18,1948,11.0
1948-10-19,1948,40.0
1948-10-20,1948,0.0
1948-10-23,1948,1.0
1948-10-24,1948,0.0
1948-10-25,1948,0.0
1948-10-26,1948,0.0
1948-10-27,1948,0.0
1948-10-28,1948,2.6
1948-10-29,1948,0.0
1948-10-30,1948,0.0
1948-10-31,1948,0.0
1948-11-01,1948,0.0
1948-11-02,1948,0.0
1948-11-03,1948,0.0
1948-11-04,1948,1.3
1948-11-05,1948,0.0
1948-11-06,1948,0.0
1948-11-07,1948,0.0
1948-11-08,1948,0.0
1948-11-09,1948,0.0
1948-11-10,1948,2.2
1948-11-12,1948,0.0
1948-11-15,1948,0.0
1948-11-16,1948,0.0
1948-11-17,1948,0.0
1948-11-18,1948,0.0
1948-11-19,1948,0.0
1948-11-20,1948,0.0
1948-11-22,1948,0.3
1948-11-23,1948,0.0
1948-11-24,1948,0.0
1948-11-25,1948,0.1
1948-11-26,1948,0.0
1948-11-27,1948,0.0
1948-11-28,1948,0.0
1948-11-29,1948,0.0
1948-11-30,1948,0.0
1948-12-01,1948,0.3
1948-12-02,1948,12.3
1948-12-04,1948,0.1
1948-12-05,1948,0.0
1948-12-06,1948,0.0
1948-12-08,1948,0.0
1948-12-09,1948,0.0
1948-12-10,1948,0.0
1948-12-11,1948,0.0
1948-12-12,1948,0.0
1948-12-13,1948,0.0
1948-12-14,1948,0.0
1948-12-15,1948,0.0
1948-12-16,1948,0.0
1948-12-18,1948,6.5
1948-12-22,1948,0.3
1948-12-24,1948,0.4
1948-12-25,1948,0.0
1948-12-27,1948,0.0
1948-12-28,1948,0.1
1948-12-30,1948,0.2
1949-01-02,1949,0.2
1949-01-03,1949,1.2
1949-01-06,1949,0.0
1949-01-07,1949,0.6
1949-01-09,1949,0.0
1949-01-10,1949,0.0
1949-01-11,1949,0.0
1949-01-12,1949,0.0
1949-01-13,1949,0.0
1949-01-14,1949,0.0
1949-01-15,1949,0.0
1949-01-16,1949,0.0
1949-01-17,1949,0.0
1949-01-18,1949,0.0
1949-01-19,1949,0.0
1949-01-20,1949,0.0
1949-01-21,1949,0.0
1949-01-22,1949,0.0
1949-01-23,1949,0.0
1949-01-24,1949,0.0
1949-01-25,1949,0.0
1949-01-26,1949,0.0
1949-01-27,1949,0.0
1949-01-28,1949,0.0
1949-01-29,1949,0.0
1949-01-31,1949,0.0
1949-02-01,1949,0.0
1949-02-02,1949,0.0
1949-02-03,1949,0.0
1949-02-04,1949,0.5
1949-02-06,1949,0.4
1949-02-09,1949,2.6
1949-02-10,1949,34.9
1949-02-11,1949,86.1
1949-02-12,1949,0.7
1949-02-13,1949,0.0
1949-02-14,1949,0.0
1949-02-15,1949,0.0
1949-02-16,1949,0.0
1949-02-17,1949,0.0
1949-02-18,1949,0.0
1949-02-19,1949,0.0
1949-02-20,1949,0.0
1949-02-23,1949,0.7
1949-02-27,1949,0.1
1949-03-01,1949,0.0
1949-03-02,1949,0.0
1949-03-03,1949,0.0
1949-03-05,1949,0.0
1949-03-07,1949,0.0
1949-03-09,1949,0.0
1949-03-10,1949,0.9
1949-03-11,1949,0.1
1949-03-12,1949,0.0
1949-03-18,1949,0.0
1949-03-21,1949,0.0
1949-03-23,1949,0.1
1949-03-25,1949,1.5
1949-03-26,1949,1.5
1949-03-27,1949,0.0
1949-03-28,1949,0.0
1949-03-29,1949,0.1
1949-03-31,1949,0.0
1949-04-03,1949,0.0
1949-04-05,1949,1.4
1949-04-06,1949,3.8
1949-04-07,1949,0.6
1949-04-08,1949,0.8
1949-04-09,1949,0.0
1949-04-11,1949,0.1
1949-04-12,1949,32.6
1949-04-13,1949,12.1
1949-04-14,1949,0.0
1949-04-15,1949,0.0
1949-04-16,1949,0.0
1949-04-17,1949,0.1
1949-04-18,1949,35.7
1949-04-19,1949,0.6
1949-04-20,1949,4.2
1949-04-21,1949,0.0
1949-04-22,1949,0.0
1949-04-23,1949,0.0
1949-04-24,1949,0.0
1949-04-25,1949,0.0
1949-04-26,1949,0.0
1949-04-27,1949,0.0
1949-04-29,1949,0.0
1949-04-30,1949,40.2
1949-05-01,1949,18.0
1949-05-02,1949,0.2
1949-05-03,1949,0.0
1949-05-06,1949,0.0
1949-05-07,1949,0.0
1949-05-09,1949,1.2
1949-05-10,1949,0.0
1949-05-11,1949,23.2
1949-05-13,1949,0.0
1949-05-14,1949,1.3
1949-05-16,1949,5.9
1949-05-17,1949,2.0
1949-05-18,1949,0.0
1949-05-19,1949,0.0
1949-05-20,1949,0.0
1949-05-21,1949,0.0
1949-05-22,1949,0.0
1949-05-23,1949,46.0
1949-05-24,1949,17.1
1949-05-25,1949,0.0
1949-05-26,1949,0.0
1949-05-30,1949,1.1
1949-05-31,1949,0.0
1949-06-01,1949,0.0
1949-06-02,1949,0.0
1949-06-03,1949,0.0
1949-06-04,1949,1.5
1949-06-05,1949,0.3
1949-06-07,1949,6.0
1949-06-08,1949,0.9
1949-06-09,1949,8.3
1949-06-10,1949,42.4
1949-06-11,1949,19.4
1949-06-12,1949,1.4
1949-06-14,1949,0.0
1949-06-15,1949,0.0
1949-06-16,1949,50.3
1949-06-17,1949,1.7
1949-06-18,1949,6.3
1949-06-20,1949,0.0
1949-06-21,1949,0.0
1949-06-22,1949,0.1
1949-06-23,1949,5.3
1949-06-24,1949,115.9
1949-06-25,1949,164.1
1949-06-26,1949,105.7
1949-06-27,1949,0.2
1949-06-29,1949,11.9
1949-06-30,1949,1.8
1949-07-01,1949,13.5
1949-07-02,1949,2.7
1949-07-03,1949,1.5
1949-07-04,1949,8.0
1949-07-06,1949,0.0
1949-07-07,1949,0.0
1949-07-08,1949,0.0
1949-07-09,1949,0.0
1949-07-10,1949,9.9
1949-07-11,1949,12.6
1949-07-12,1949,6.7
1949-07-13,1949,32.9
1949-07-14,1949,12.2
1949-07-16,1949,25.6
1949-07-17,1949,4.3
1949-07-18,1949,0.0
1949-07-19,1949,7.3
1949-07-20,1949,0.0
1949-07-22,1949,0.0
1949-07-26,1949,0.6
1949-07-27,1949,3.4
1949-07-28,1949,24.2
1949-07-29,1949,0.0
1949-07-30,1949,0.0
1949-07-31,1949,4.9
1949-08-01,1949,21.7
1949-08-02,1949,54.8
1949-08-03,1949,35.7
1949-08-04,1949,33.2
1949-08-05,1949,11.6
1949-08-06,1949,3.3
1949-08-07,1949,7.7
1949-08-08,1949,2.7
1949-08-09,1949,0.8
1949-08-10,1949,14.7
1949-08-11,1949,1.6
1949-08-12,1949,0.0
1949-08-13,1949,0.0
1949-08-14,1949,2.2
1949-08-15,1949,1.7
1949-08-16,1949,15.0
1949-08-17,1949,0.7
1949-08-18,1949,1.9
1949-08-19,1949,5.2
1949-08-20,1949,2.0
1949-08-21,1949,2.4
1949-08-22,1949,1.8
1949-08-23,1949,1.4
1949-08-24,1949,1.5
1949-08-25,1949,5.6
1949-08-27,1949,0.0
1949-08-28,1949,0.0
1949-08-29,1949,4.1
1949-08-30,1949,13.8
1949-08-31,1949,110.3
1949-09-01,1949,20.0
1949-09-02,1949,0.0
1949-09-04,1949,0.0
1949-09-05,1949,0.0
1949-09-07,1949,16.8
1949-09-08,1949,168.7
1949-09-09,1949,26.1
1949-09-10,1949,1.4
1949-09-11,1949,0.0
1949-09-12,1949,0.0
1949-09-13,1949,10.4
1949-09-14,1949,0.0
1949-09-15,1949,4.7
1949-09-16,1949,28.5
1949-09-17,1949,0.0
1949-09-18,1949,0.0
1949-09-19,1949,0.0
1949-09-20,1949,39.5
1949-09-21,1949,30.9
1949-09-22,1949,1.5
1949-09-23,1949,29.2
1949-09-24,1949,2.4
1949-09-25,1949,21.7
1949-09-27,1949,5.8
1949-09-28,1949,8.5
1949-09-29,1949,16.2
1949-09-30,1949,0.0
1949-10-01,1949,0.0
1949-10-02,1949,3.0
1949-10-03,1949,0.0
1949-10-04,1949,0.0
1949-10-05,1949,0.0
1949-10-06,1949,0.2
1949-10-07,1949,58.5
1949-10-08,1949,13.2
1949-10-09,1949,1.7
1949-10-11,1949,1.2
1949-10-13,1949,0.0
1949-10-14,1949,0.0
1949-10-15,1949,0.0
1949-10-18,1949,0.0
1949-10-21,1949,0.0
1949-10-22,1949,0.0
1949-10-23,1949,0.0
1949-10-25,1949,0.0
1949-10-26,1949,0.0
1949-10-27,1949,0.0
1949-10-28,1949,0.0
1949-10-29,1949,0.0
1949-10-30,1949,0.0
1949-11-02,1949,0.0
1949-11-03,1949,0.0
1949-11-04,1949,0.0
1949-11-08,1949,0.0
1949-11-09,1949,0.2
1949-11-10,1949,0.1
1949-11-11,1949,0.2
1949-11-12,1949,0.1
1949-11-13,1949,0.7
1949-11-14,1949,6.1
1949-11-15,1949,116.2
1949-11-16,1949,4.9
1949-11-17,1949,0.4
1949-11-18,1949,0.0
1949-11-19,1949,0.0
1949-11-20,1949,0.0
1949-11-21,1949,0.0
1949-11-22,1949,0.0
1949-11-23,1949,0.0
1949-11-24,1949,0.0
1949-11-26,1949,0.0
1949-11-27,1949,0.0
1949-11-28,1949,0.4
1949-11-29,1949,0.0
1949-11-30,1949,0.0
1949-12-01,1949,0.0
1949-12-02,1949,0.0
1949-12-03,1949,0.0
1949-12-04,1949,0.0
1949-12-05,1949,0.0
1949-12-07,1949,0.6
1949-12-08,1949,0.7
1949-12-09,1949,1.0
1949-12-10,1949,0.3
1949-12-14,1949,0.7
1949-12-15,1949,1.5
1949-12-17,1949,0.0
1949-12-18,1949,0.0
1949-12-19,1949,0.7
1949-12-21,1949,0.1
1949-12-23,1949,0.6
1949-12-24,1949,0.0
1949-12-26,1949,0.0
1949-12-27,1949,0.0
1949-12-28,1949,0.0
1949-12-30,1949,2.6
1949-12-31,1949,1.4
1950-01-02,1950,0.0
1950-01-05,1950,0.0
1950-01-06,1950,0.0
1950-01-07,1950,0.0
1950-01-08,1950,0.0
1950-01-09,1950,0.0
1950-01-10,1950,0.0
1950-01-11,1950,0.0
1950-01-12,1950,5.0
1950-01-13,1950,4.1
1950-01-14,1950,0.0
1950-01-15,1950,0.0
1950-01-16,1950,2.1
1950-01-17,1950,0.0
1950-01-18,1950,21.7
1950-01-19,1950,5.5
1950-01-20,1950,0.0
1950-01-21,1950,0.0
1950-01-22,1950,0.0
1950-01-23,1950,0.0
1950-01-24,1950,0.0
1950-01-25,1950,0.2
1950-01-26,1950,0.0
1950-01-28,1950,0.7
1950-01-29,1950,0.1
1950-01-30,1950,0.0
1950-02-01,1950,0.2
1950-02-02,1950,1.7
1950-02-03,1950,0.0
1950-02-04,1950,0.0
1950-02-05,1950,0.0
1950-02-06,1950,0.0
1950-02-08,1950,10.9
1950-02-09,1950,1.5
1950-02-10,1950,4.7
1950-02-11,1950,0.2
1950-02-12,1950,0.1
1950-02-14,1950,11.5
1950-02-15,1950,1.2
1950-02-18,1950,0.0
1950-02-19,1950,0.0
1950-02-20,1950,0.0
1950-02-21,1950,0.0
1950-02-22,1950,0.0
1950-02-23,1950,0.0
1950-02-24,1950,0.0
1950-02-25,1950,0.0
1950-02-27,1950,0.0
1950-02-28,1950,0.0
1950-03-01,1950,0.0
1950-03-02,1950,0.0
1950-03-03,1950,0.0
1950-03-04,1950,0.0
1950-03-05,1950,0.0
1950-03-06,1950,0.0
1950-03-07,1950,0.0
1950-03-08,1950,1.0
1950-03-10,1950,17.8
1950-03-11,1950,1.2
1950-03-12,1950,0.0
1950-03-13,1950,0.0
1950-03-14,1950,0.0
1950-03-15,1950,0.0
1950-03-16,1950,0.0
1950-03-17,1950,0.0
1950-03-18,1950,0.0
1950-03-19,1950,0.0
1950-03-20,1950,0.0
1950-03-21,1950,0.0
1950-03-22,1950,8.9
1950-03-23,1950,6.5
1950-03-24,1950,0.3
1950-03-25,1950,0.7
1950-03-26,1950,0.0
1950-03-27,1950,0.0
1950-03-29,1950,0.0
1950-03-30,1950,0.0
1950-04-01,1950,0.0
1950-04-02,1950,0.0
1950-04-05,1950,1.1
1950-04-06,1950,4.0
1950-04-07,1950,0.9
1950-04-08,1950,1.5
1950-04-09,1950,0.0
1950-04-10,1950,0.0
1950-04-11,1950,0.8
1950-04-12,1950,1.4
1950-04-13,1950,0.0
1950-04-16,1950,1.9
1950-04-17,1950,25.3
1950-04-18,1950,0.0
1950-04-19,1950,1.6
1950-04-20,1950,6.4
1950-04-21,1950,18.6
1950-04-22,1950,14.3
1950-04-23,1950,38.8
1950-04-24,1950,31.9
1950-04-25,1950,0.1
1950-04-26,1950,0.7
1950-04-27,1950,8.0
1950-04-29,1950,9.0
1950-05-01,1950,14.5
1950-05-02,1950,23.2
1950-05-03,1950,0.0
1950-05-04,1950,2.0
1950-05-05,1950,19.2
1950-05-06,1950,11.4
1950-05-07,1950,8.7
1950-05-08,1950,0.0
1950-05-09,1950,0.0
1950-05-10,1950,0.0
1950-05-11,1950,0.0
1950-05-12,1950,0.0
1950-05-13,1950,11.2
1950-05-14,1950,46.6
1950-05-15,1950,0.8
1950-05-17,1950,15.6
1950-05-18,1950,24.7
1950-05-19,1950,0.3
1950-05-20,1950,101.5
1950-05-21,1950,4.4
1950-05-22,1950,13.3
1950-05-23,1950,0.7
1950-05-24,1950,0.1
1950-05-25,1950,2.4
1950-05-26,1950,2.6
1950-05-27,1950,0.3
1950-05-29,1950,55.9
1950-05-30,1950,31.1
1950-05-31,1950,0.1
1950-06-01,1950,6.7
1950-06-02,1950,5.8
1950-06-05,1950,0.0
1950-06-07,1950,0.2
1950-06-08,1950,0.0
1950-06-09,1950,0.7
1950-06-10,1950,36.2
1950-06-11,1950,25.3
1950-06-12,1950,39.0
1950-06-13,1950,26.8
1950-06-14,1950,0.3
1950-06-15,1950,1.4
1950-06-16,1950,0.3
1950-06-17,1950,0.4
1950-06-18,1950,0.4
1950-06-19,1950,2.2
1950-06-20,1950,10.0
1950-06-21,1950,19.9
1950-06-22,1950,15.7
1950-06-23,1950,5.7
1950-06-24,1950,1.8
1950-06-25,1950,7.3
1950-06-26,1950,3.7
1950-06-27,1950,3.6
1950-06-28,1950,30.1
1950-06-29,1950,28.3
1950-06-30,1950,0.6
1950-07-01,1950,7.2
1950-07-02,1950,0.2
1950-07-04,1950,4.1
1950-07-06,1950,0.0
1950-07-07,1950,6.2
1950-07-08,1950,35.4
1950-07-09,1950,47.5
1950-07-10,1950,4.3
1950-07-11,1950,3.7
1950-07-12,1950,0.3
1950-07-15,1950,1.9
1950-07-16,1950,8.8
1950-07-17,1950,1.0
1950-07-19,1950,0.0
1950-07-20,1950,0.2
1950-07-21,1950,7.0
1950-07-22,1950,0.0
1950-07-23,1950,57.7
1950-07-24,1950,5.2
1950-07-25,1950,45.3
1950-07-26,1950,2.2
1950-07-27,1950,72.1
1950-07-28,1950,21.3
1950-07-29,1950,11.2
1950-07-30,1950,0.7
1950-08-01,1950,11.9
1950-08-02,1950,0.0
1950-08-03,1950,1.2
1950-08-04,1950,6.5
1950-08-05,1950,16.1
1950-08-06,1950,11.7
1950-08-07,1950,2.9
1950-08-08,1950,0.0
1950-08-09,1950,0.0
1950-08-10,1950,13.9
1950-08-11,1950,36.7
1950-08-12,1950,40.0
1950-08-13,1950,16.2
1950-08-14,1950,19.5
1950-08-15,1950,5.0
1950-08-16,1950,0.3
1950-08-17,1950,3.0
1950-08-19,1950,77.0
1950-08-20,1950,0.0
1950-08-21,1950,1.5
1950-08-22,1950,0.0
1950-08-23,1950,0.0
1950-08-24,1950,6.0
1950-08-25,1950,6.9
1950-08-26,1950,1.5
1950-08-27,1950,10.7
1950-08-28,1950,8.4
1950-08-29,1950,0.0
1950-08-30,1950,0.0
1950-08-31,1950,0.0
1950-09-01,1950,0.0
1950-09-02,1950,0.0
1950-09-03,1950,0.0
1950-09-04,1950,0.0
1950-09-05,1950,0.3
1950-09-06,1950,5.8
1950-09-07,1950,13.9
1950-09-08,1950,2.7
1950-09-09,1950,0.3
1950-09-10,1950,0.0
1950-09-11,1950,1.8
1950-09-12,1950,0.0
1950-09-13,1950,0.0
1950-09-14,1950,0.0
1950-09-15,1950,3.9
1950-09-16,1950,0.1
1950-09-19,1950,0.0
1950-09-20,1950,5.4
1950-09-21,1950,0.1
1950-09-22,1950,1.3
1950-09-23,1950,1.1
1950-09-24,1950,89.0
1950-09-25,1950,2.5
1950-09-26,1950,0.0
1950-09-27,1950,24.7
1950-09-28,1950,99.2
1950-09-29,1950,0.1
1950-09-30,1950,0.4
1950-10-02,1950,0.0
1950-10-03,1950,0.0
1950-10-05,1950,98.4
1950-10-06,1950,78.7
1950-10-07,1950,1.9
1950-10-09,1950,0.3
1950-10-10,1950,0.0
1950-10-11,1950,0.0
1950-10-14,1950,0.9
1950-10-15,1950,1.1
1950-10-16,1950,0.0
1950-10-17,1950,0.0
1950-10-18,1950,0.0
1950-10-19,1950,0.0
1950-10-20,1950,0.0
1950-10-21,1950,0.0
1950-10-22,1950,0.0
1950-10-23,1950,0.9
1950-10-24,1950,0.0
1950-10-25,1950,0.0
1950-10-26,1950,0.4
1950-10-27,1950,0.0
1950-10-28,1950,0.0
1950-10-29,1950,0.0
1950-10-30,1950,0.0
1950-10-31,1950,0.0
1950-11-01,1950,0.7
1950-11-03,1950,0.0
1950-11-04,1950,0.0
1950-11-05,1950,0.0
1950-11-06,1950,0.0
1950-11-07,1950,0.0
1950-11-08,1950,0.0
1950-11-09,1950,0.0
1950-11-10,1950,0.0
1950-11-11,1950,0.0
1950-11-15,1950,0.0
1950-11-16,1950,0.0
1950-11-17,1950,0.0
1950-11-18,1950,0.0
1950-11-19,1950,0.0
1950-11-21,1950,0.0
1950-11-23,1950,16.9
1950-11-24,1950,36.3
1950-11-25,1950,0.6
1950-11-26,1950,2.9
1950-11-28,1950,0.0
1950-11-29,1950,0.8
1950-11-30,1950,0.6
1950-12-02,1950,0.0
1950-12-03,1950,0.0
1950-12-04,1950,0.0
1950-12-05,1950,0.0
1950-12-08,1950,1.1
1950-12-09,1950,0.0
1950-12-10,1950,0.0
1950-12-11,1950,0.0
1950-12-13,1950,0.0
1950-12-14,1950,0.0
1950-12-15,1950,0.0
1950-12-16,1950,0.0
1950-12-17,1950,0.0
1950-12-18,1950,0.0
1950-12-20,1950,2.9
1950-12-21,1950,0.0
1950-12-22,1950,0.0
1950-12-23,1950,0.0
1950-12-24,1950,0.0
1950-12-25,1950,0.0
1950-12-26,1950,0.0
1950-12-27,1950,0.0
1950-12-28,1950,0.0
1950-12-29,1950,0.0
1950-12-30,1950,0.0
1950-12-31,1950,0.0
1951-01-02,1951,0.2
1951-01-03,1951,8.6
1951-01-04,1951,0.1
1951-01-05,1951,0.0
1951-01-09,1951,0.0
1951-01-10,1951,0.1
1951-01-11,1951,14.7
1951-01-12,1951,3.6
1951-01-13,1951,0.4
1951-01-14,1951,0.0
1951-01-15,1951,0.0
1951-01-16,1951,0.0
1951-01-17,1951,0.0
1951-01-19,1951,0.0
1951-01-20,1951,0.0
1951-01-21,1951,0.0
1951-01-22,1951,0.1
1951-01-24,1951,0.0
1951-01-26,1951,0.4
1951-01-27,1951,0.5
1951-01-28,1951,3.4
1951-01-29,1951,0.0
1951-01-30,1951,0.0
1951-01-31,1951,0.0
1951-02-01,1951,0.0
1951-02-02,1951,0.0
1951-02-03,1951,0.0
1951-02-04,1951,0.0
1951-02-05,1951,0.0
1951-02-06,1951,0.0
1951-02-07,1951,0.0
1951-02-08,1951,4.7
1951-02-09,1951,0.0
1951-02-13,1951,6.6
1951-02-14,1951,0.0
1951-02-15,1951,0.7
1951-02-16,1951,4.3
1951-02-17,1951,0.0
1951-02-18,1951,0.0
1951-02-19,1951,0.0
1951-02-20,1951,0.0
1951-02-21,1951,0.0
1951-02-22,1951,0.0
1951-02-23,1951,0.0
1951-02-24,1951,0.0
1951-02-26,1951,0.9
1951-02-27,1951,6.6
1951-02-28,1951,0.6
1951-03-01,1951,2.4
1951-03-03,1951,0.1
1951-03-04,1951,0.0
1951-03-06,1951,0.7
1951-03-07,1951,0.0
1951-03-09,1951,0.0
1951-03-10,1951,0.0
1951-03-11,1951,0.0
1951-03-12,1951,0.5
1951-03-14,1951,0.0
1951-03-16,1951,0.3
1951-03-17,1951,0.1
1951-03-18,1951,0.0
1951-03-19,1951,2.9
1951-03-20,1951,0.3
1951-03-21,1951,22.9
1951-03-22,1951,30.8
1951-03-23,1951,1.1
1951-03-26,1951,0.3
1951-03-28,1951,1.3
1951-03-29,1951,32.2
1951-03-30,1951,0.2
1951-04-03,1951,24.9
1951-04-04,1951,4.1
1951-04-05,1951,0.1
1951-04-06,1951,4.7
1951-04-07,1951,8.1
1951-04-08,1951,10.4
1951-04-09,1951,3.9
1951-04-10,1951,1.4
1951-04-11,1951,0.0
1951-04-12,1951,3.5
1951-04-13,1951,0.0
1951-04-14,1951,0.1
1951-04-18,1951,0.3
1951-04-19,1951,38.7
1951-04-20,1951,0.3
1951-04-22,1951,44.7
1951-04-23,1951,25.3
1951-04-24,1951,1.8
1951-04-25,1951,0.1
1951-04-26,1951,0.1
1951-04-29,1951,0.0
1951-05-01,1951,67.5
1951-05-05,1951,0.0
1951-05-06,1951,0.0
1951-05-07,1951,0.0
1951-05-08,1951,0.0
1951-05-09,1951,0.0
1951-05-10,1951,0.0
1951-05-11,1951,0.0
1951-05-12,1951,33.8
1951-05-13,1951,180.0
1951-05-14,1951,14.4
1951-05-15,1951,0.0
1951-05-16,1951,0.3
1951-05-17,1951,28.6
1951-05-18,1951,37.3
1951-05-19,1951,3.7
1951-05-20,1951,0.0
1951-05-21,1951,0.0
1951-05-22,1951,0.0
1951-05-23,1951,0.0
1951-05-24,1951,0.0
1951-05-27,1951,11.6
1951-05-28,1951,4.4
1951-05-29,1951,65.6
1951-05-30,1951,104.4
1951-05-31,1951,2.2
1951-06-01,1951,51.4
1951-06-02,1951,43.4
1951-06-03,1951,0.5
1951-06-04,1951,0.1
1951-06-05,1951,30.9
1951-06-06,1951,23.9
1951-06-07,1951,135.5
1951-06-08,1951,28.4
1951-06-09,1951,4.1
1951-06-10,1951,0.0
1951-06-11,1951,0.0
1951-06-12,1951,27.2
1951-06-13,1951,59.0
1951-06-14,1951,11.5
1951-06-15,1951,17.0
1951-06-16,1951,0.6
1951-06-17,1951,0.1
1951-06-18,1951,9.9
1951-06-19,1951,16.5
1951-06-20,1951,10.5
1951-06-21,1951,13.7
1951-06-22,1951,0.7
1951-06-23,1951,0.0
1951-06-24,1951,1.3
1951-06-26,1951,0.0
1951-06-27,1951,0.7
1951-06-28,1951,11.2
1951-06-29,1951,62.8
1951-06-30,1951,0.0
1951-07-01,1951,0.0
1951-07-02,1951,0.0
1951-07-03,1951,13.8
1951-07-04,1951,85.3
1951-07-05,1951,4.8
1951-07-06,1951,9.2
1951-07-07,1951,0.3
1951-07-08,1951,2.5
1951-07-09,1951,6.5
1951-07-10,1951,20.5
1951-07-11,1951,6.1
1951-07-12,1951,3.9
1951-07-13,1951,0.6
1951-07-14,1951,2.8
1951-07-15,1951,7.5
1951-07-16,1951,2.3
1951-07-17,1951,0.0
1951-07-18,1951,0.0
1951-07-20,1951,3.5
1951-07-21,1951,1.1
1951-07-23,1951,0.9
1951-07-24,1951,33.1
1951-07-26,1951,0.4
1951-07-27,1951,0.0
1951-07-28,1951,0.0
1951-07-29,1951,0.0
1951-07-30,1951,0.0
1951-07-31,1951,4.3
1951-08-01,1951,41.0
1951-08-02,1951,64.8
1951-08-03,1951,2.9
1951-08-04,1951,4.1
1951-08-05,1951,0.8
1951-08-06,1951,0.0
1951-08-07,1951,0.3
1951-08-08,1951,37.1
1951-08-09,1951,73.3
1951-08-10,1951,1.3
1951-08-12,1951,1.8
1951-08-13,1951,10.3
1951-08-14,1951,55.0
1951-08-15,1951,18.2
1951-08-16,1951,65.9
1951-08-17,1951,19.1
1951-08-18,1951,26.8
1951-08-19,1951,36.2
1951-08-20,1951,0.0
1951-08-21,1951,0.0
1951-08-22,1951,0.7
1951-08-23,1951,2.6
1951-08-24,1951,4.2
1951-08-25,1951,0.0
1951-08-26,1951,0.0
1951-08-27,1951,0.0
1951-08-29,1951,13.8
1951-08-30,1951,0.3
1951-08-31,1951,0.0
1951-09-01,1951,0.3
1951-09-02,1951,7.0
1951-09-03,1951,3.1
1951-09-04,1951,1.5
1951-09-05,1951,31.3
1951-09-06,1951,9.4
1951-09-07,1951,1.1
1951-09-08,1951,0.0
1951-09-09,1951,0.0
1951-09-10,1951,0.0
1951-09-11,1951,0.0
1951-09-12,1951,0.0
1951-09-13,1951,0.0
1951-09-14,1951,0.0
1951-09-15,1951,0.3
1951-09-18,1951,0.0
1951-09-19,1951,0.0
1951-09-20,1951,0.6
1951-09-21,1951,1.1
1951-09-22,1951,0.5
1951-09-23,1951,1.3
1951-09-24,1951,0.3
1951-09-25,1951,0.0
1951-09-26,1951,0.0
1951-09-27,1951,12.1
1951-09-28,1951,0.0
1951-09-29,1951,0.0
1951-09-30,1951,0.0
1951-10-01,1951,2.0
1951-10-02,1951,0.1
1951-10-05,1951,50.8
1951-10-06,1951,0.3
1951-10-08,1951,1.1
1951-10-10,1951,18.8
1951-10-11,1951,0.0
1951-10-13,1951,0.0
1951-10-14,1951,0.0
1951-10-20,1951,8.4
1951-10-22,1951,1.2
1951-10-23,1951,0.0
1951-10-24,1951,0.0
1951-10-25,1951,0.0
1951-10-27,1951,0.0
1951-10-28,1951,0.0
1951-10-29,1951,0.0
1951-10-30,1951,0.0
1951-10-31,1951,0.0
1951-11-01,1951,0.0
1951-11-02,1951,0.1
1951-11-03,1951,0.0
1951-11-04,1951,0.0
1951-11-05,1951,0.0
1951-11-07,1951,0.1
1951-11-08,1951,0.0
1951-11-09,1951,0.2
1951-11-10,1951,10.3
1951-11-11,1951,35.0
1951-11-12,1951,12.3
1951-11-13,1951,2.2
1951-11-14,1951,1.0
1951-11-15,1951,1.6
1951-11-18,1951,0.5
1951-11-22,1951,0.0
1951-11-23,1951,0.0
1951-11-24,1951,0.0
1951-11-25,1951,0.0
1951-11-26,1951,0.0
1951-11-27,1951,0.0
1951-11-29,1951,2.4
1951-11-30,1951,3.9
1951-12-01,1951,0.0
1951-12-02,1951,0.0
1951-12-03,1951,0.0
1951-12-04,1951,0.0
1951-12-05,1951,0.0
1951-12-06,1951,0.0
1951-12-07,1951,0.0
1951-12-08,1951,0.0
1951-12-09,1951,0.0
1951-12-10,1951,0.0
1951-12-11,1951,0.0
1951-12-12,1951,0.0
1951-12-13,1951,0.0
1951-12-14,1951,0.0
1951-12-15,1951,0.0
1951-12-16,1951,0.0
1951-12-17,1951,0.1
1951-12-19,1951,0.3
1951-12-20,1951,5.6
1951-12-21,1951,0.1
1951-12-22,1951,0.0
1951-12-23,1951,0.0
1951-12-27,1951,0.8
1951-12-28,1951,0.0
1951-12-29,1951,4.0
1951-12-30,1951,1.1
1952-01-02,1952,0.6
1952-01-03,1952,0.0
1952-01-04,1952,0.0
1952-01-05,1952,0.0
1952-01-06,1952,0.0
1952-01-07,1952,0.0
1952-01-08,1952,0.0
1952-01-09,1952,1.0
1952-01-10,1952,0.3
1952-01-12,1952,0.0
1952-01-13,1952,0.2
1952-01-14,1952,0.0
1952-01-15,1952,0.6
1952-01-16,1952,19.5
1952-01-17,1952,0.6
1952-01-18,1952,0.0
1952-01-19,1952,0.0
1952-01-20,1952,0.0
1952-01-21,1952,0.0
1952-01-22,1952,0.0
1952-01-23,1952,0.0
1952-01-24,1952,0.0
1952-01-25,1952,0.1
1952-01-26,1952,0.0
1952-01-27,1952,0.0
1952-01-28,1952,0.0
1952-01-29,1952,0.0
1952-01-30,1952,1.0
1952-02-02,1952,0.9
1952-02-03,1952,0.1
1952-02-04,1952,0.2
1952-02-05,1952,0.2
1952-02-07,1952,0.0
1952-02-08,1952,0.0
1952-02-09,1952,0.0
1952-02-11,1952,0.0
1952-02-12,1952,0.0
1952-02-13,1952,0.0
1952-02-14,1952,0.0
1952-02-15,1952,2.7
1952-02-16,1952,17.9
1952-02-17,1952,4.6
1952-02-18,1952,3.2
1952-02-19,1952,0.0
1952-02-20,1952,0.0
1952-02-21,1952,0.0
1952-02-22,1952,0.0
1952-02-23,1952,0.0
1952-02-24,1952,0.0
1952-02-29,1952,0.3
1952-03-05,1952,7.6
1952-03-06,1952,0.3
1952-03-08,1952,1.6
1952-03-09,1952,0.2
1952-03-13,1952,0.0
1952-03-15,1952,0.0
1952-03-16,1952,0.0
1952-03-17,1952,0.1
1952-03-19,1952,6.9
1952-03-20,1952,8.7
1952-03-21,1952,5.6
1952-03-23,1952,0.0
1952-03-27,1952,5.4
1952-03-31,1952,0.0
1952-04-02,1952,0.0
1952-04-03,1952,1.2
1952-04-04,1952,0.3
1952-04-05,1952,22.9
1952-04-06,1952,31.6
1952-04-07,1952,46.9
1952-04-08,1952,0.0
1952-04-09,1952,0.3
1952-04-10,1952,0.1
1952-04-11,1952,0.4
1952-04-12,1952,0.1
1952-04-13,1952,2.2
1952-04-14,1952,0.0
1952-04-15,1952,0.0
1952-04-16,1952,0.0
1952-04-17,1952,0.0
1952-04-18,1952,0.0
1952-04-20,1952,0.0
1952-04-21,1952,29.5
1952-04-22,1952,42.5
1952-04-23,1952,1.7
1952-04-24,1952,11.8
1952-04-25,1952,0.3
1952-04-27,1952,0.7
1952-04-29,1952,0.3
1952-04-30,1952,1.4
1952-05-01,1952,0.3
1952-05-03,1952,0.1
1952-05-04,1952,0.0
1952-05-06,1952,19.7
1952-05-07,1952,26.8
1952-05-08,1952,21.9
1952-05-09,1952,0.8
1952-05-10,1952,0.7
1952-05-11,1952,0.0
1952-05-12,1952,11.0
1952-05-13,1952,0.4
1952-05-15,1952,0.0
1952-05-17,1952,0.0
1952-05-19,1952,0.0
1952-05-20,1952,0.0
1952-05-21,1952,0.0
1952-05-22,1952,0.0
1952-05-24,1952,2.5
1952-05-25,1952,42.2
1952-05-26,1952,1.4
1952-05-27,1952,24.0
1952-05-28,1952,26.8
1952-05-29,1952,0.3
1952-05-30,1952,4.7
1952-05-31,1952,0.8
1952-06-01,1952,4.2
1952-06-02,1952,1.6
1952-06-03,1952,1.5
1952-06-04,1952,1.0
1952-06-05,1952,0.3
1952-06-06,1952,0.4
1952-06-07,1952,17.9
1952-06-08,1952,0.7
1952-06-09,1952,5.0
1952-06-11,1952,32.8
1952-06-12,1952,59.2
1952-06-13,1952,155.9
1952-06-14,1952,46.1
1952-06-15,1952,6.6
1952-06-16,1952,5.3
1952-06-17,1952,0.1
1952-06-18,1952,0.1
1952-06-19,1952,0.0
1952-06-20,1952,0.0
1952-06-21,1952,0.0
1952-06-22,1952,1.9
1952-06-23,1952,76.6
1952-06-24,1952,49.4
1952-06-25,1952,51.0
1952-06-26,1952,27.1
1952-06-27,1952,13.9
1952-06-28,1952,3.8
1952-06-29,1952,17.8
1952-06-30,1952,16.4
1952-07-01,1952,2.0
1952-07-02,1952,1.3
1952-07-03,1952,0.0
1952-07-04,1952,0.0
1952-07-05,1952,5.9
1952-07-06,1952,12.0
1952-07-07,1952,0.6
1952-07-08,1952,0.0
1952-07-09,1952,0.0
1952-07-10,1952,0.0
1952-07-12,1952,0.1
1952-07-13,1952,0.9
1952-07-15,1952,17.3
1952-07-16,1952,5.1
1952-07-17,1952,0.0
1952-07-18,1952,0.0
1952-07-19,1952,34.2
1952-07-20,1952,3.5
1952-07-22,1952,7.0
1952-07-23,1952,13.1
1952-07-24,1952,4.4
1952-07-25,1952,16.7
1952-07-26,1952,8.5
1952-07-27,1952,8.9
1952-07-28,1952,1.9
1952-07-29,1952,1.9
1952-07-30,1952,31.1
1952-07-31,1952,10.9
1952-08-01,1952,0.9
1952-08-02,1952,0.0
1952-08-03,1952,0.0
1952-08-04,1952,0.0
1952-08-06,1952,0.0
1952-08-07,1952,0.0
1952-08-08,1952,0.6
1952-08-09,1952,80.7
1952-08-10,1952,26.9
1952-08-11,1952,41.6
1952-08-12,1952,49.9
1952-08-13,1952,2.7
1952-08-14,1952,0.0
1952-08-15,1952,6.4
1952-08-16,1952,29.8
1952-08-17,1952,0.2
1952-08-18,1952,0.0
1952-08-19,1952,23.3
1952-08-20,1952,22.5
1952-08-21,1952,14.4
1952-08-22,1952,13.6
1952-08-23,1952,10.9
1952-08-24,1952,0.4
1952-08-26,1952,0.0
1952-08-27,1952,28.7
1952-08-28,1952,31.2
1952-08-29,1952,3.4
1952-08-30,1952,2.4
1952-08-31,1952,20.3
1952-09-01,1952,0.0
1952-09-02,1952,0.0
1952-09-03,1952,6.3
1952-09-04,1952,10.0
1952-09-05,1952,15.0
1952-09-06,1952,87.3
1952-09-07,1952,61.7
1952-09-08,1952,11.4
1952-09-10,1952,0.0
1952-09-11,1952,0.0
1952-09-12,1952,0.9
1952-09-13,1952,98.5
1952-09-14,1952,141.2
1952-09-15,1952,41.6
1952-09-16,1952,37.8
1952-09-17,1952,89.0
1952-09-18,1952,6.2
1952-09-19,1952,0.6
1952-09-20,1952,42.2
1952-09-21,1952,52.0
1952-09-22,1952,73.2
1952-09-23,1952,50.3
1952-09-24,1952,3.2
1952-09-26,1952,0.0
1952-09-27,1952,14.6
1952-09-28,1952,0.6
1952-09-30,1952,0.6
1952-10-01,1952,0.0
1952-10-03,1952,6.3
1952-10-04,1952,0.0
1952-10-05,1952,0.0
1952-10-06,1952,0.0
1952-10-07,1952,0.0
1952-10-08,1952,0.0
1952-10-09,1952,0.0
1952-10-10,1952,0.0
1952-10-12,1952,0.0
1952-10-13,1952,0.0
1952-10-15,1952,0.0
1952-10-16,1952,0.0
1952-10-17,1952,0.0
1952-10-20,1952,0.0
1952-10-21,1952,0.0
1952-10-22,1952,1.7
1952-10-23,1952,0.0
1952-10-25,1952,0.0
1952-10-29,1952,3.1
1952-10-30,1952,1.7
1952-10-31,1952,0.2
1952-11-01,1952,0.0
1952-11-02,1952,0.0
1952-11-03,1952,0.0
1952-11-04,1952,0.0
1952-11-05,1952,0.0
1952-11-06,1952,0.0
1952-11-07,1952,0.0
1952-11-08,1952,0.0
1952-11-09,1952,0.0
1952-11-10,1952,0.0
1952-11-11,1952,0.0
1952-11-12,1952,0.0
1952-11-13,1952,0.0
1952-11-14,1952,0.0
1952-11-18,1952,0.0
1952-11-19,1952,4.8
1952-11-20,1952,3.3
1952-11-24,1952,0.0
1952-11-25,1952,0.0
1952-11-26,1952,0.0
1952-11-27,1952,0.0
1952-11-28,1952,0.0
1952-11-29,1952,0.3
1952-11-30,1952,0.0
1952-12-02,1952,0.5
1952-12-03,1952,9.0
1952-12-05,1952,0.0
1952-12-06,1952,0.0
1952-12-07,1952,0.0
1952-12-08,1952,0.0
1952-12-09,1952,0.0
1952-12-10,1952,0.0
1952-12-11,1952,0.0
1952-12-12,1952,0.0
1952-12-13,1952,0.0
1952-12-14,1952,0.0
1952-12-15,1952,0.0
1952-12-16,1952,0.0
1952-12-18,1952,0.9
1952-12-19,1952,0.0
1952-12-22,1952,0.0
1952-12-23,1952,0.0
1952-12-27,1952,2.4
1952-12-28,1952,2.2
1952-12-29,1952,0.0
1952-12-30,1952,0.0
1952-12-31,1952,0.0
1953-01-01,1953,1.7
1953-01-02,1953,0.9
1953-01-04,1953,0.0
1953-01-05,1953,0.0
1953-01-06,1953,0.0
1953-01-07,1953,0.0
1953-01-08,1953,0.0
1953-01-09,1953,1.2
1953-01-10,1953,0.0
1953-01-11,1953,0.0
1953-01-13,1953,0.0
1953-01-16,1953,2.6
1953-01-17,1953,0.0
1953-01-20,1953,0.0
1953-01-21,1953,0.0
1953-01-22,1953,0.0
1953-01-23,1953,0.0
1953-01-25,1953,0.0
1953-01-26,1953,14.5
1953-01-27,1953,0.5
1953-01-28,1953,0.0
1953-01-29,1953,0.0
1953-01-31,1953,8.5
1953-02-01,1953,3.2
1953-02-02,1953,7.9
1953-02-03,1953,1.9
1953-02-04,1953,0.0
1953-02-05,1953,0.5
1953-02-07,1953,3.6
1953-02-08,1953,0.0
1953-02-09,1953,0.0
1953-02-10,1953,0.1
1953-02-11,1953,0.0
1953-02-12,1953,0.0
1953-02-13,1953,0.0
1953-02-16,1953,2.6
1953-02-17,1953,9.6
1953-02-18,1953,0.6
1953-02-20,1953,0.9
1953-02-21,1953,0.3
1953-02-23,1953,0.4
1953-02-24,1953,0.1
1953-02-26,1953,0.0
1953-02-27,1953,0.1
1953-02-28,1953,24.7
1953-03-07,1953,34.7
1953-03-08,1953,0.2
1953-03-09,1953,1.1
1953-03-10,1953,0.0
1953-03-14,1953,3.1
1953-03-15,1953,5.0
1953-03-16,1953,13.0
1953-03-17,1953,0.0
1953-03-21,1953,0.2
1953-03-23,1953,0.0
1953-03-24,1953,0.0
1953-03-25,1953,0.0
1953-03-26,1953,0.5
1953-03-27,1953,30.3
1953-03-28,1953,7.8
1953-03-29,1953,19.7
1953-03-30,1953,5.4
1953-03-31,1953,12.2
1953-04-01,1953,6.2
1953-04-02,1953,0.5
1953-04-03,1953,0.0
1953-04-04,1953,0.0
1953-04-10,1953,0.0
1953-04-12,1953,5.3
1953-04-13,1953,4.5
1953-04-14,1953,1.2
1953-04-15,1953,34.9
1953-04-16,1953,19.1
1953-04-17,1953,3.3
1953-04-18,1953,1.1
1953-04-19,1953,0.3
1953-04-21,1953,0.2
1953-04-22,1953,3.9
1953-04-23,1953,16.5
1953-04-24,1953,1.1
1953-04-25,1953,0.2
1953-04-28,1953,0.0
1953-04-29,1953,0.4
1953-04-30,1953,14.3
1953-05-01,1953,23.6
1953-05-03,1953,0.1
1953-05-05,1953,4.9
1953-05-06,1953,7.4
1953-05-08,1953,0.0
1953-05-09,1953,0.0
1953-05-10,1953,0.0
1953-05-11,1953,0.7
1953-05-13,1953,10.9
1953-05-14,1953,44.9
1953-05-15,1953,2.0
1953-05-16,1953,2.4
1953-05-17,1953,5.4
1953-05-18,1953,40.0
1953-05-19,1953,52.1
1953-05-20,1953,5.0
1953-05-21,1953,2.9
1953-05-22,1953,0.8
1953-05-23,1953,54.4
1953-05-24,1953,7.0
1953-05-26,1953,9.2
1953-05-27,1953,22.8
1953-05-28,1953,10.2
1953-05-29,1953,9.1
1953-05-30,1953,46.6
1953-05-31,1953,1.9
1953-06-01,1953,26.0
1953-06-02,1953,9.3
1953-06-03,1953,4.8
1953-06-04,1953,0.0
1953-06-05,1953,46.1
1953-06-06,1953,73.8
1953-06-07,1953,25.2
1953-06-08,1953,2.1
1953-06-09,1953,28.7
1953-06-10,1953,4.2
1953-06-11,1953,7.0
1953-06-13,1953,6.9
1953-06-14,1953,12.4
1953-06-15,1953,0.0
1953-06-16,1953,14.2
1953-06-17,1953,9.6
1953-06-18,1953,19.1
1953-06-19,1953,0.0
1953-06-20,1953,0.0
1953-06-21,1953,0.0
1953-06-22,1953,0.2
1953-06-23,1953,0.6
1953-06-24,1953,1.4
1953-06-26,1953,0.0
1953-06-27,1953,0.0
1953-06-28,1953,1.3
1953-06-29,1953,65.7
1953-06-30,1953,46.8
1953-07-01,1953,11.1
1953-07-02,1953,13.3
1953-07-03,1953,0.0
1953-07-04,1953,0.0
1953-07-05,1953,5.0
1953-07-06,1953,7.0
1953-07-07,1953,2.4
1953-07-08,1953,5.4
1953-07-09,1953,4.1
1953-07-11,1953,0.6
1953-07-14,1953,0.0
1953-07-15,1953,0.5
1953-07-16,1953,0.0
1953-07-17,1953,0.0
1953-07-18,1953,0.0
1953-07-21,1953,0.0
1953-07-22,1953,0.0
1953-07-24,1953,5.7
1953-07-25,1953,84.2
1953-07-26,1953,7.8
1953-07-27,1953,3.1
1953-07-28,1953,0.0
1953-07-29,1953,0.0
1953-07-30,1953,0.0
1953-07-31,1953,0.0
1953-08-01,1953,0.0
1953-08-02,1953,2.1
1953-08-03,1953,0.1
1953-08-04,1953,7.6
1953-08-05,1953,1.0
1953-08-06,1953,0.0
1953-08-08,1953,0.0
1953-08-10,1953,8.6
1953-08-11,1953,7.8
1953-08-13,1953,21.2
1953-08-14,1953,63.8
1953-08-15,1953,28.3
1953-08-16,1953,0.0
1953-08-17,1953,0.0
1953-08-18,1953,4.5
1953-08-19,1953,65.2
1953-08-20,1953,46.9
1953-08-22,1953,61.3
1953-08-23,1953,29.5
1953-08-24,1953,0.1
1953-08-25,1953,0.0
1953-08-26,1953,0.0
1953-08-27,1953,0.0
1953-08-28,1953,1.2
1953-08-29,1953,0.0
1953-08-30,1953,0.0
1953-09-01,1953,6.3
1953-09-02,1953,79.8
1953-09-03,1953,7.7
1953-09-04,1953,12.6
1953-09-05,1953,32.5
1953-09-06,1953,2.4
1953-09-07,1953,16.0
1953-09-08,1953,0.1
1953-09-09,1953,0.1
1953-09-10,1953,0.0
1953-09-11,1953,0.0
1953-09-12,1953,0.5
1953-09-13,1953,0.2
1953-09-15,1953,0.0
1953-09-16,1953,10.9
1953-09-17,1953,3.2
1953-09-18,1953,92.8
1953-09-19,1953,95.8
1953-09-20,1953,21.5
1953-09-22,1953,0.0
1953-09-23,1953,0.1
1953-09-24,1953,0.0
1953-09-26,1953,30.0
1953-09-27,1953,153.6
1953-09-28,1953,17.5
1953-09-29,1953,0.0
1953-09-30,1953,0.0
1953-10-01,1953,2.4
1953-10-02,1953,2.8
1953-10-03,1953,0.1
1953-10-05,1953,8.0
1953-10-06,1953,0.0
1953-10-07,1953,0.5
1953-10-08,1953,0.0
1953-10-09,1953,6.2
1953-10-10,1953,0.2
1953-10-11,1953,0.1
1953-10-12,1953,0.0
1953-10-13,1953,0.0
1953-10-14,1953,0.0
1953-10-16,1953,0.0
1953-10-17,1953,0.4
1953-10-18,1953,0.0
1953-10-20,1953,0.0
1953-10-22,1953,2.4
1953-10-23,1953,0.6
1953-10-24,1953,1.9
1953-10-26,1953,0.0
1953-10-27,1953,0.0
1953-10-28,1953,0.0
1953-10-29,1953,0.0
1953-10-30,1953,0.8
1953-10-31,1953,17.0
1953-11-01,1953,6.5
1953-11-02,1953,6.0
1953-11-03,1953,0.1
1953-11-04,1953,0.2
1953-11-05,1953,1.9
1953-11-06,1953,0.0
1953-11-07,1953,0.1
1953-11-08,1953,0.1
1953-11-09,1953,0.0
1953-11-10,1953,35.2
1953-11-11,1953,3.2
1953-11-12,1953,0.0
1953-11-13,1953,0.0
1953-11-15,1953,0.0
1953-11-16,1953,0.0
1953-11-17,1953,0.0
1953-11-18,1953,0.0
1953-11-19,1953,0.0
1953-11-20,1953,0.0
1953-11-21,1953,0.0
1953-11-22,1953,0.0
1953-11-24,1953,0.0
1953-11-26,1953,0.0
1953-11-28,1953,0.0
1953-11-29,1953,0.0
1953-11-30,1953,0.0
1953-12-01,1953,0.2
1953-12-02,1953,60.1
1953-12-03,1953,10.9
1953-12-04,1953,1.6
1953-12-06,1953,4.0
1953-12-07,1953,1.2
1953-12-08,1953,0.0
1953-12-09,1953,0.0
1953-12-10,1953,0.0
1953-12-11,1953,0.0
1953-12-13,1953,0.0
1953-12-14,1953,0.0
1953-12-15,1953,0.0
1953-12-16,1953,0.0
1953-12-17,1953,0.0
1953-12-18,1953,0.1
1953-12-19,1953,0.0
1953-12-20,1953,0.0
1953-12-21,1953,0.0
1953-12-22,1953,0.0
1953-12-23,1953,0.0
1953-12-24,1953,0.1
1953-12-25,1953,0.0
1953-12-26,1953,0.0
1953-12-27,1953,0.0
1953-12-28,1953,0.0
1953-12-29,1953,0.0
1953-12-30,1953,0.0
1953-12-31,1953,0.0
1954-01-01,1954,0.0
1954-01-02,1954,0.0
1954-01-03,1954,0.0
1954-01-04,1954,0.0
1954-01-05,1954,0.0
1954-01-07,1954,0.0
1954-01-09,1954,0.0
1954-01-10,1954,0.0
1954-01-11,1954,0.0
1954-01-12,1954,0.0
1954-01-13,1954,0.0
1954-01-16,1954,0.0
1954-01-23,1954,8.2
1954-01-24,1954,20.7
1954-01-25,1954,18.6
1954-01-28,1954,1.6
1954-01-29,1954,0.0
1954-01-31,1954,0.0
1954-02-02,1954,11.9
1954-02-03,1954,0.5
1954-02-04,1954,0.1
1954-02-05,1954,0.0
1954-02-06,1954,0.0
1954-02-07,1954,0.0
1954-02-08,1954,0.0
1954-02-09,1954,0.0
1954-02-11,1954,0.9
1954-02-12,1954,0.0
1954-02-14,1954,9.9
1954-02-15,1954,0.2
1954-02-17,1954,3.1
1954-02-18,1954,0.2
1954-02-20,1954,2.3
1954-02-21,1954,0.1
1954-02-22,1954,0.2
1954-02-23,1954,0.0
1954-02-24,1954,0.0
1954-02-25,1954,0.0
1954-02-27,1954,0.0
1954-02-28,1954,0.5
1954-03-01,1954,0.1
1954-03-02,1954,0.7
1954-03-03,1954,0.2
1954-03-04,1954,0.2
1954-03-07,1954,0.0
1954-03-08,1954,0.0
1954-03-10,1954,0.0
1954-03-12,1954,3.9
1954-03-13,1954,0.6
1954-03-15,1954,0.0
1954-03-16,1954,0.0
1954-03-17,1954,0.1
1954-03-18,1954,0.0
1954-03-19,1954,0.0
1954-03-22,1954,0.0
1954-03-23,1954,0.0
1954-03-24,1954,0.0
1954-03-25,1954,0.0
1954-03-26,1954,0.0
1954-03-27,1954,0.0
1954-03-28,1954,15.4
1954-03-29,1954,24.5
1954-03-30,1954,0.0
1954-03-31,1954,3.6
1954-04-01,1954,0.0
1954-04-04,1954,0.0
1954-04-05,1954,0.0
1954-04-07,1954,9.4
1954-04-08,1954,44.7
1954-04-09,1954,2.5
1954-04-10,1954,11.3
1954-04-11,1954,35.2
1954-04-12,1954,0.0
1954-04-13,1954,4.3
1954-04-14,1954,0.0
1954-04-16,1954,0.9
1954-04-17,1954,0.2
1954-04-18,1954,2.1
1954-04-19,1954,0.4
1954-04-20,1954,23.5
1954-04-21,1954,0.3
1954-04-22,1954,7.6
1954-04-23,1954,2.7
1954-04-25,1954,0.8
1954-04-26,1954,0.4
1954-04-27,1954,1.6
1954-04-28,1954,6.1
1954-04-29,1954,2.1
1954-04-30,1954,0.0
1954-05-01,1954,0.0
1954-05-02,1954,0.0
1954-05-03,1954,2.0
1954-05-07,1954,0.0
1954-05-08,1954,0.0
1954-05-09,1954,0.0
1954-05-11,1954,1.5
1954-05-12,1954,17.5
1954-05-13,1954,3.0
1954-05-17,1954,0.0
1954-05-18,1954,0.0
1954-05-19,1954,0.0
1954-05-20,1954,0.0
1954-05-21,1954,0.0
1954-05-22,1954,1.9
1954-05-23,1954,39.5
1954-05-24,1954,0.9
1954-05-25,1954,0.0
1954-05-26,1954,0.0
1954-05-27,1954,0.0
1954-05-28,1954,0.0
1954-05-29,1954,0.0
1954-05-30,1954,1.1
1954-05-31,1954,11.5
1954-06-01,1954,27.8
1954-06-02,1954,0.0
1954-06-03,1954,0.0
1954-06-04,1954,11.2
1954-06-05,1954,33.4
1954-06-06,1954,31.4
1954-06-07,1954,0.2
1954-06-08,1954,5.5
1954-06-09,1954,1.2
1954-06-10,1954,11.8
1954-06-11,1954,21.5
1954-06-12,1954,4.7
1954-06-14,1954,0.1
1954-06-15,1954,1.8
1954-06-16,1954,0.5
1954-06-17,1954,5.9
1954-06-19,1954,3.3
1954-06-20,1954,22.3
1954-06-21,1954,20.4
1954-06-22,1954,14.2
1954-06-23,1954,0.9
1954-06-24,1954,0.5
1954-06-26,1954,0.0
1954-06-27,1954,0.0
1954-06-28,1954,0.0
1954-06-29,1954,0.0
1954-06-30,1954,0.0
1954-07-01,1954,5.1
1954-07-02,1954,3.3
1954-07-03,1954,18.7
1954-07-04,1954,0.8
1954-07-05,1954,0.2
1954-07-06,1954,0.3
1954-07-07,1954,0.6
1954-07-08,1954,67.6
1954-07-09,1954,37.3
1954-07-10,1954,3.1
1954-07-13,1954,0.1
1954-07-14,1954,3.4
1954-07-15,1954,0.6
1954-07-16,1954,0.0
1954-07-17,1954,0.0
1954-07-18,1954,0.0
1954-07-20,1954,0.2
1954-07-22,1954,2.5
1954-07-23,1954,0.2
1954-07-24,1954,0.1
1954-07-26,1954,9.8
1954-07-27,1954,0.8
1954-07-28,1954,0.4
1954-07-29,1954,0.4
1954-07-30,1954,0.4
1954-07-31,1954,1.8
1954-08-01,1954,0.0
1954-08-02,1954,1.8
1954-08-03,1954,0.6
1954-08-04,1954,15.3
1954-08-05,1954,53.4
1954-08-06,1954,36.3
1954-08-07,1954,24.1
1954-08-08,1954,0.1
1954-08-09,1954,8.5
1954-08-11,1954,0.0
1954-08-12,1954,0.0
1954-08-13,1954,0.0
1954-08-14,1954,0.0
1954-08-15,1954,0.0
1954-08-16,1954,0.0
1954-08-17,1954,0.0
1954-08-18,1954,0.0
1954-08-19,1954,15.0
1954-08-20,1954,65.2
1954-08-21,1954,0.0
1954-08-22,1954,0.0
1954-08-23,1954,0.2
1954-08-25,1954,0.0
1954-08-26,1954,4.0
1954-08-27,1954,4.3
1954-08-28,1954,0.0
1954-08-29,1954,32.1
1954-08-30,1954,4.0
1954-08-31,1954,0.5
1954-09-01,1954,1.5
1954-09-02,1954,24.2
1954-09-03,1954,10.1
1954-09-05,1954,0.1
1954-09-06,1954,0.0
1954-09-08,1954,8.1
1954-09-09,1954,57.5
1954-09-10,1954,18.8
1954-09-11,1954,41.7
1954-09-12,1954,0.4
1954-09-13,1954,0.0
1954-09-14,1954,0.0
1954-09-15,1954,0.0
1954-09-16,1954,0.2
1954-09-17,1954,3.3
1954-09-18,1954,0.0
1954-09-19,1954,0.0
1954-09-20,1954,0.0
1954-09-21,1954,29.5
1954-09-22,1954,0.1
1954-09-23,1954,0.0
1954-09-24,1954,0.0
1954-09-25,1954,0.0
1954-09-26,1954,20.3
1954-09-27,1954,7.5
1954-10-01,1954,1.6
1954-10-02,1954,9.4
1954-10-03,1954,0.0
1954-10-04,1954,9.3
1954-10-06,1954,0.3
1954-10-07,1954,2.4
1954-10-08,1954,0.3
1954-10-09,1954,0.0
1954-10-11,1954,0.2
1954-10-13,1954,0.0
1954-10-14,1954,0.0
1954-10-15,1954,0.0
1954-10-16,1954,0.0
1954-10-17,1954,0.0
1954-10-18,1954,0.0
1954-10-19,1954,0.0
1954-10-20,1954,0.0
1954-10-21,1954,0.0
1954-10-22,1954,0.0
1954-10-23,1954,0.0
1954-10-24,1954,0.0
1954-10-25,1954,0.0
1954-10-26,1954,0.0
1954-10-27,1954,0.0
1954-10-28,1954,0.0
1954-10-29,1954,0.0
1954-10-30,1954,0.0
1954-10-31,1954,1.2
1954-11-01,1954,0.0
1954-11-03,1954,0.0
1954-11-04,1954,0.0
1954-11-05,1954,0.0
1954-11-06,1954,93.5
1954-11-07,1954,1.6
1954-11-08,1954,0.2
1954-11-09,1954,0.0
1954-11-10,1954,2.7
1954-11-11,1954,13.7
1954-11-12,1954,0.1
1954-11-13,1954,0.0
1954-11-14,1954,0.0
1954-11-15,1954,0.0
1954-11-16,1954,0.0
1954-11-17,1954,0.0
1954-11-18,1954,0.0
1954-11-19,1954,0.0
1954-11-20,1954,0.0
1954-11-21,1954,0.0
1954-11-23,1954,1.2
1954-11-25,1954,0.0
1954-11-26,1954,0.0
1954-11-27,1954,0.0
1954-11-28,1954,0.0
1954-11-29,1954,0.0
1954-11-30,1954,0.0
1954-12-01,1954,0.0
1954-12-02,1954,0.0
1954-12-03,1954,0.0
1954-12-06,1954,0.2
1954-12-08,1954,0.0
1954-12-09,1954,0.0
1954-12-10,1954,0.0
1954-12-12,1954,0.0
1954-12-13,1954,0.0
1954-12-15,1954,0.0
1954-12-16,1954,0.0
1954-12-17,1954,0.0
1954-12-18,1954,0.0
1954-12-19,1954,0.0
1954-12-20,1954,0.0
1954-12-21,1954,0.0
1954-12-22,1954,0.0
1954-12-23,1954,0.0
1954-12-26,1954,0.0
1954-12-27,1954,0.0
1954-12-28,1954,0.0
1954-12-29,1954,0.1
1954-12-31,1954,0.7
1955-01-01,1955,0.2
1955-01-02,1955,0.0
1955-01-04,1955,3.5
1955-01-06,1955,0.0
1955-01-07,1955,0.0
1955-01-08,1955,0.0
1955-01-09,1955,0.0
1955-01-10,1955,0.0
1955-01-11,1955,0.0
1955-01-12,1955,0.0
1955-01-13,1955,0.0
1955-01-14,1955,0.0
1955-01-15,1955,0.0
1955-01-16,1955,0.0
1955-01-17,1955,0.0
1955-01-18,1955,0.0
1955-01-20,1955,0.0
1955-01-21,1955,0.0
1955-01-22,1955,0.0
1955-01-23,1955,0.0
1955-01-25,1955,0.0
1955-01-26,1955,0.0
1955-01-28,1955,0.0
1955-01-29,1955,0.0
1955-01-30,1955,0.0
1955-01-31,1955,0.0
1955-02-01,1955,0.0
1955-02-02,1955,0.0
1955-02-04,1955,0.0
1955-02-11,1955,0.1
1955-02-12,1955,0.0
1955-02-13,1955,0.0
1955-02-15,1955,0.0
1955-02-16,1955,0.0
1955-02-17,1955,0.0
1955-02-18,1955,0.0
1955-02-20,1955,0.0
1955-02-21,1955,0.0
1955-02-22,1955,0.0
1955-02-23,1955,0.0
1955-02-24,1955,0.0
1955-02-25,1955,0.0
1955-02-26,1955,0.0
1955-02-27,1955,0.0
1955-02-28,1955,0.0
1955-03-01,1955,0.0
1955-03-04,1955,0.6
1955-03-05,1955,0.1
1955-03-07,1955,0.0
1955-03-08,1955,0.0
1955-03-09,1955,0.4
1955-03-10,1955,3.4
1955-03-12,1955,0.0
1955-03-15,1955,0.0
1955-03-16,1955,0.0
1955-03-17,1955,0.0
1955-03-28,1955,0.0
1955-03-29,1955,1.2
1955-03-31,1955,46.9
1955-04-01,1955,130.2
1955-04-02,1955,34.3
1955-04-03,1955,2.0
1955-04-04,1955,0.5
1955-04-05,1955,0.0
1955-04-07,1955,5.8
1955-04-09,1955,0.0
1955-04-10,1955,0.0
1955-04-11,1955,0.0
1955-04-12,1955,0.0
1955-04-14,1955,0.0
1955-04-15,1955,0.0
1955-04-16,1955,0.0
1955-04-17,1955,0.0
1955-04-18,1955,0.8
1955-04-22,1955,0.0
1955-04-23,1955,0.0
1955-04-24,1955,0.0
1955-04-25,1955,0.0
1955-04-26,1955,0.0
1955-04-27,1955,0.0
1955-04-28,1955,0.0
1955-04-29,1955,0.0
1955-04-30,1955,0.0
1955-05-01,1955,0.0
1955-05-03,1955,1.0
1955-05-07,1955,0.0
1955-05-08,1955,78.5
1955-05-09,1955,103.7
1955-05-10,1955,135.0
1955-05-11,1955,69.1
1955-05-12,1955,0.7
1955-05-13,1955,0.2
1955-05-14,1955,0.0
1955-05-15,1955,0.0
1955-05-16,1955,0.0
1955-05-17,1955,0.0
1955-05-19,1955,0.1
1955-05-20,1955,0.0
1955-05-21,1955,0.0
1955-05-22,1955,0.5
1955-05-23,1955,0.0
1955-05-24,1955,2.5
1955-05-25,1955,1.0
1955-05-26,1955,10.5
1955-05-28,1955,0.0
1955-05-29,1955,0.0
1955-05-30,1955,10.9
1955-05-31,1955,27.2
1955-06-01,1955,9.0
1955-06-02,1955,0.2
1955-06-03,1955,5.1
1955-06-04,1955,4.1
1955-06-05,1955,30.9
1955-06-06,1955,0.2
1955-06-07,1955,0.0
1955-06-08,1955,0.0
1955-06-09,1955,0.0
1955-06-10,1955,39.3
1955-06-11,1955,15.2
1955-06-12,1955,1.4
1955-06-13,1955,66.3
1955-06-14,1955,1.9
1955-06-15,1955,24.9
1955-06-16,1955,1.1
1955-06-17,1955,0.7
1955-06-18,1955,6.7
1955-06-19,1955,3.1
1955-06-20,1955,3.3
1955-06-21,1955,0.8
1955-06-22,1955,9.4
1955-06-24,1955,4.8
1955-06-25,1955,11.2
1955-06-26,1955,48.0
1955-06-27,1955,4.3
1955-06-28,1955,0.8
1955-06-29,1955,0.3
1955-06-30,1955,0.9
1955-07-01,1955,30.7
1955-07-02,1955,14.2
1955-07-03,1955,8.5
1955-07-04,1955,27.3
1955-07-05,1955,3.2
1955-07-07,1955,0.0
1955-07-09,1955,0.9
1955-07-10,1955,99.7
1955-07-11,1955,29.6
1955-07-12,1955,6.1
1955-07-13,1955,3.9
1955-07-14,1955,0.3
1955-07-15,1955,25.9
1955-07-16,1955,0.4
1955-07-17,1955,113.7
1955-07-18,1955,62.5
1955-07-19,1955,36.3
1955-07-20,1955,11.5
1955-07-21,1955,38.0
1955-07-22,1955,78.6
1955-07-23,1955,17.9
1955-07-24,1955,0.4
1955-07-26,1955,0.7
1955-07-28,1955,0.2
1955-07-29,1955,7.4
1955-07-31,1955,1.1
1955-08-01,1955,1.1
1955-08-02,1955,30.6
1955-08-03,1955,102.0
1955-08-04,1955,0.8
1955-08-05,1955,0.2
1955-08-06,1955,0.7
1955-08-07,1955,2.7
1955-08-08,1955,0.0
1955-08-09,1955,0.0
1955-08-10,1955,0.0
1955-08-11,1955,0.0
1955-08-12,1955,4.3
1955-08-13,1955,3.2
1955-08-14,1955,0.3
1955-08-15,1955,1.1
1955-08-17,1955,12.6
1955-08-18,1955,135.3
1955-08-19,1955,60.9
1955-08-21,1955,0.3
1955-08-22,1955,0.0
1955-08-23,1955,0.0
1955-08-24,1955,0.0
1955-08-25,1955,2.5
1955-08-26,1955,10.4
1955-08-27,1955,14.1
1955-08-28,1955,34.3
1955-08-29,1955,116.7
1955-08-30,1955,12.3
1955-08-31,1955,1.5
1955-09-01,1955,33.7
1955-09-02,1955,11.7
1955-09-03,1955,0.0
1955-09-04,1955,0.0
1955-09-05,1955,0.0
1955-09-06,1955,0.0
1955-09-07,1955,0.0
1955-09-08,1955,0.0
1955-09-09,1955,0.0
1955-09-10,1955,0.0
1955-09-11,1955,0.0
1955-09-12,1955,0.0
1955-09-13,1955,0.0
1955-09-14,1955,3.0
1955-09-15,1955,12.0
1955-09-16,1955,0.0
1955-09-17,1955,0.0
1955-09-18,1955,0.0
1955-09-19,1955,0.0
1955-09-20,1955,0.0
1955-09-21,1955,0.0
1955-09-22,1955,0.5
1955-09-23,1955,7.0
1955-09-24,1955,16.6
1955-09-25,1955,26.6
1955-09-26,1955,31.7
1955-09-28,1955,0.0
1955-09-29,1955,0.0
1955-09-30,1955,0.0
1955-10-02,1955,6.0
1955-10-03,1955,0.0
1955-10-04,1955,0.0
1955-10-05,1955,0.0
1955-10-06,1955,0.2
1955-10-08,1955,0.0
1955-10-09,1955,0.0
1955-10-10,1955,0.0
1955-10-11,1955,0.0
1955-10-12,1955,0.0
1955-10-13,1955,0.0
1955-10-14,1955,0.0
1955-10-15,1955,0.0
1955-10-16,1955,0.0
1955-10-17,1955,0.0
1955-10-18,1955,0.0
1955-10-19,1955,0.0
1955-10-20,1955,0.0
1955-10-21,1955,0.0
1955-10-22,1955,0.0
1955-10-23,1955,0.0
1955-10-24,1955,0.0
1955-10-25,1955,0.0
1955-10-26,1955,0.0
1955-10-27,1955,0.0
1955-10-28,1955,0.0
1955-10-30,1955,0.0
1955-10-31,1955,0.0
1955-11-04,1955,0.0
1955-11-05,1955,0.0
1955-11-06,1955,0.0
1955-11-07,1955,0.0
1955-11-08,1955,0.0
1955-11-11,1955,0.0
1955-11-12,1955,0.0
1955-11-13,1955,0.0
1955-11-15,1955,0.8
1955-11-16,1955,12.6
1955-11-17,1955,31.9
1955-11-18,1955,0.0
1955-11-19,1955,0.1
1955-11-20,1955,0.0
1955-11-21,1955,0.0
1955-11-22,1955,0.0
1955-11-23,1955,0.0
1955-11-24,1955,0.0
1955-11-25,1955,0.0
1955-11-26,1955,0.0
1955-11-27,1955,0.0
1955-11-28,1955,0.0
1955-11-29,1955,0.0
1955-11-30,1955,0.0
1955-12-01,1955,0.0
1955-12-02,1955,0.0
1955-12-03,1955,0.0
1955-12-04,1955,0.0
1955-12-05,1955,0.0
1955-12-06,1955,0.0
1955-12-07,1955,0.0
1955-12-08,1955,0.0
1955-12-09,1955,0.0
1955-12-10,1955,0.0
1955-12-11,1955,0.0
1955-12-12,1955,0.0
1955-12-13,1955,0.0
1955-12-14,1955,1.5
1955-12-16,1955,0.0
1955-12-19,1955,14.9
1955-12-20,1955,5.4
1955-12-21,1955,0.0
1955-12-22,1955,0.0
1955-12-23,1955,0.0
1955-12-24,1955,0.0
1955-12-25,1955,0.0
1955-12-26,1955,0.0
1955-12-27,1955,0.0
1955-12-28,1955,0.0
1955-12-29,1955,0.1
1955-12-30,1955,2.2
1955-12-31,1955,0.0
1956-01-01,1956,0.0
1956-01-02,1956,7.8
1956-01-03,1956,50.4
1956-01-04,1956,0.0
1956-01-05,1956,0.0
1956-01-06,1956,1.3
1956-01-07,1956,4.6
1956-01-09,1956,0.0
1956-01-10,1956,0.0
1956-01-11,1956,0.0
1956-01-12,1956,0.0
1956-01-13,1956,0.0
1956-01-14,1956,0.0
1956-01-15,1956,0.0
1956-01-16,1956,0.0
1956-01-17,1956,1.8
1956-01-18,1956,10.1
1956-01-19,1956,0.2
1956-01-20,1956,0.8
1956-01-21,1956,0.0
1956-01-23,1956,0.1
1956-01-24,1956,0.0
1956-01-25,1956,0.0
1956-01-26,1956,0.0
1956-01-27,1956,0.0
1956-01-28,1956,0.0
1956-01-29,1956,0.0
1956-01-30,1956,0.0
1956-01-31,1956,0.0
1956-02-02,1956,0.0
1956-02-03,1956,0.0
1956-02-04,1956,0.0
1956-02-05,1956,0.0
1956-02-07,1956,0.0
1956-02-08,1956,0.0
1956-02-09,1956,0.0
1956-02-10,1956,0.0
1956-02-13,1956,5.4
1956-02-14,1956,11.9
1956-02-16,1956,0.0
1956-02-21,1956,4.5
1956-02-22,1956,3.2
1956-02-23,1956,15.7
1956-02-24,1956,0.3
1956-02-26,1956,24.6
1956-02-27,1956,0.0
1956-02-28,1956,0.0
1956-02-29,1956,0.0
1956-03-01,1956,0.0
1956-03-03,1956,0.6
1956-03-04,1956,0.0
1956-03-05,1956,0.0
1956-03-06,1956,0.0
1956-03-08,1956,0.0
1956-03-11,1956,0.0
1956-03-12,1956,0.0
1956-03-17,1956,0.0
1956-03-19,1956,7.6
1956-03-20,1956,0.4
1956-03-21,1956,0.1
1956-03-23,1956,0.0
1956-03-24,1956,0.0
1956-03-25,1956,0.0
1956-04-01,1956,0.0
1956-04-02,1956,0.0
1956-04-03,1956,0.0
1956-04-04,1956,0.0
1956-04-05,1956,0.0
1956-04-06,1956,0.0
1956-04-07,1956,0.0
1956-04-09,1956,0.0
1956-04-10,1956,0.0
1956-04-11,1956,0.0
1956-04-13,1956,0.0
1956-04-14,1956,0.0
1956-04-15,1956,0.0
1956-04-16,1956,0.0
1956-04-17,1956,0.0
1956-04-18,1956,2.8
1956-04-19,1956,0.5
1956-04-20,1956,2.2
1956-04-21,1956,0.1
1956-04-22,1956,0.0
1956-04-23,1956,0.0
1956-04-24,1956,0.3
1956-04-26,1956,0.0
1956-04-27,1956,3.4
1956-04-28,1956,5.4
1956-04-29,1956,1.3
1956-04-30,1956,53.7
1956-05-01,1956,0.0
1956-05-02,1956,42.3
1956-05-03,1956,11.6
1956-05-04,1956,2.1
1956-05-05,1956,0.4
1956-05-06,1956,7.6
1956-05-07,1956,6.0
1956-05-08,1956,0.5
1956-05-09,1956,0.0
1956-05-10,1956,0.0
1956-05-11,1956,0.9
1956-05-12,1956,7.4
1956-05-13,1956,3.5
1956-05-14,1956,0.2
1956-05-15,1956,0.5
1956-05-16,1956,15.4
1956-05-17,1956,9.9
1956-05-18,1956,9.2
1956-05-19,1956,5.5
1956-05-20,1956,3.5
1956-05-21,1956,1.5
1956-05-22,1956,1.2
1956-05-23,1956,0.5
1956-05-24,1956,0.0
1956-05-25,1956,33.1
1956-05-27,1956,2.0
1956-05-28,1956,33.7
1956-05-29,1956,15.9
1956-05-30,1956,9.5
1956-05-31,1956,15.8
1956-06-01,1956,29.7
1956-06-02,1956,9.3
1956-06-03,1956,18.9
1956-06-04,1956,0.5
1956-06-05,1956,29.7
1956-06-06,1956,7.9
1956-06-07,1956,23.2
1956-06-08,1956,0.7
1956-06-09,1956,1.4
1956-06-10,1956,0.0
1956-06-11,1956,0.9
1956-06-13,1956,45.5
1956-06-14,1956,55.5
1956-06-15,1956,61.4
1956-06-16,1956,47.1
1956-06-17,1956,34.7
1956-06-18,1956,0.9
1956-06-20,1956,11.7
1956-06-21,1956,17.2
1956-06-23,1956,0.0
1956-06-24,1956,0.0
1956-06-26,1956,7.3
1956-06-27,1956,0.6
1956-06-28,1956,0.0
1956-06-29,1956,0.0
1956-06-30,1956,9.7
1956-07-01,1956,9.2
1956-07-02,1956,0.2
1956-07-03,1956,12.1
1956-07-04,1956,0.9
1956-07-05,1956,0.0
1956-07-06,1956,0.0
1956-07-07,1956,2.9
1956-07-08,1956,3.2
1956-07-09,1956,5.8
1956-07-10,1956,0.0
1956-07-11,1956,0.0
1956-07-12,1956,3.2
1956-07-13,1956,3.8
1956-07-14,1956,0.0
1956-07-16,1956,51.5
1956-07-17,1956,14.3
1956-07-18,1956,5.3
1956-07-19,1956,9.6
1956-07-20,1956,9.9
1956-07-21,1956,0.0
1956-07-22,1956,0.7
1956-07-23,1956,2.1
1956-07-24,1956,0.0
1956-07-25,1956,0.0
1956-07-26,1956,0.0
1956-07-27,1956,0.0
1956-07-28,1956,2.3
1956-07-29,1956,8.9
1956-07-30,1956,0.0
1956-07-31,1956,0.0
1956-08-01,1956,0.0
1956-08-02,1956,0.0
1956-08-03,1956,0.0
1956-08-04,1956,4.4
1956-08-05,1956,32.8
1956-08-06,1956,118.1
1956-08-07,1956,34.8
1956-08-08,1956,86.5
1956-08-09,1956,0.0
1956-08-10,1956,0.0
1956-08-11,1956,0.0
1956-08-12,1956,26.0
1956-08-13,1956,10.9
1956-08-14,1956,0.0
1956-08-15,1956,0.0
1956-08-16,1956,0.0
1956-08-17,1956,7.6
1956-08-18,1956,12.0
1956-08-19,1956,0.6
1956-08-20,1956,0.7
1956-08-21,1956,14.8
1956-08-22,1956,0.5
1956-08-23,1956,0.2
1956-08-24,1956,0.0
1956-08-25,1956,0.0
1956-08-26,1956,19.9
1956-08-28,1956,0.0
1956-08-29,1956,0.0
1956-08-30,1956,0.8
1956-08-31,1956,18.0
1956-09-01,1956,0.4
1956-09-02,1956,0.0
1956-09-03,1956,0.0
1956-09-04,1956,0.0
1956-09-05,1956,0.0
1956-09-06,1956,30.6
1956-09-07,1956,0.3
1956-09-09,1956,0.0
1956-09-10,1956,0.0
1956-09-11,1956,2.6
1956-09-12,1956,0.0
1956-09-13,1956,0.0
1956-09-14,1956,38.0
1956-09-15,1956,46.8
1956-09-16,1956,0.7
1956-09-17,1956,0.0
1956-09-18,1956,0.0
1956-09-19,1956,0.0
1956-09-20,1956,0.0
1956-09-21,1956,0.0
1956-09-22,1956,0.0
1956-09-23,1956,0.0
1956-09-24,1956,0.0
1956-09-26,1956,3.8
1956-09-27,1956,0.1
1956-09-28,1956,0.1
1956-09-29,1956,38.4
1956-09-30,1956,0.1
1956-10-01,1956,0.0
1956-10-02,1956,0.0
1956-10-03,1956,0.3
1956-10-04,1956,5.8
1956-10-05,1956,0.6
1956-10-06,1956,6.6
1956-10-07,1956,3.6
1956-10-08,1956,0.0
1956-10-09,1956,0.0
1956-10-10,1956,0.4
1956-10-11,1956,0.0
1956-10-12,1956,0.0
1956-10-13,1956,0.0
1956-10-14,1956,1.9
1956-10-15,1956,0.0
1956-10-16,1956,0.0
1956-10-17,1956,0.0
1956-10-18,1956,0.0
1956-10-19,1956,0.0
1956-10-20,1956,0.0
1956-10-21,1956,0.0
1956-10-23,1956,2.1
1956-10-24,1956,12.5
1956-10-25,1956,2.7
1956-10-26,1956,0.9
1956-10-27,1956,0.0
1956-10-29,1956,0.0
1956-10-31,1956,0.0
1956-11-01,1956,0.0
1956-11-02,1956,0.0
1956-11-05,1956,1.7
1956-11-07,1956,0.1
1956-11-08,1956,0.0
1956-11-09,1956,0.0
1956-11-11,1956,0.5
1956-11-13,1956,0.0
1956-11-14,1956,0.0
1956-11-15,1956,0.0
1956-11-16,1956,0.0
1956-11-17,1956,0.0
1956-11-18,1956,0.0
1956-11-19,1956,1.7
1956-11-20,1956,15.8
1956-11-21,1956,6.8
1956-11-22,1956,4.7
1956-11-23,1956,2.3
1956-11-24,1956,0.0
1956-11-25,1956,0.0
1956-11-26,1956,0.0
1956-11-27,1956,0.0
1956-11-28,1956,0.0
1956-11-29,1956,0.0
1956-12-02,1956,0.0
1956-12-03,1956,0.0
1956-12-04,1956,0.0
1956-12-05,1956,0.0
1956-12-06,1956,0.0
1956-12-07,1956,0.0
1956-12-08,1956,0.0
1956-12-09,1956,0.0
1956-12-10,1956,0.0
1956-12-11,1956,0.0
1956-12-13,1956,1.6
1956-12-14,1956,4.0
1956-12-15,1956,0.4
1956-12-16,1956,0.0
1956-12-17,1956,0.0
1956-12-18,1956,0.1
1956-12-19,1956,0.3
1956-12-20,1956,0.0
1956-12-22,1956,0.4
1956-12-23,1956,0.5
1956-12-24,1956,0.0
1956-12-25,1956,0.0
1956-12-26,1956,0.0
1956-12-27,1956,0.0
1956-12-28,1956,0.0
1956-12-29,1956,0.0
1956-12-30,1956,0.0
1956-12-31,1956,0.0
1957-01-01,1957,0.0
1957-01-02,1957,0.0
1957-01-04,1957,0.4
1957-01-05,1957,0.1
1957-01-06,1957,0.0
1957-01-08,1957,0.0
1957-01-14,1957,0.1
1957-01-15,1957,0.7
1957-01-16,1957,0.7
1957-01-17,1957,0.0
1957-01-18,1957,0.0
1957-01-19,1957,3.7
1957-01-20,1957,9.8
1957-01-21,1957,0.0
1957-01-22,1957,0.0
1957-01-23,1957,0.0
1957-01-24,1957,0.0
1957-01-25,1957,0.0
1957-01-26,1957,0.0
1957-01-27,1957,0.0
1957-01-28,1957,0.1
1957-01-29,1957,0.0
1957-02-04,1957,16.3
1957-02-05,1957,73.3
1957-02-06,1957,0.0
1957-02-07,1957,0.0
1957-02-08,1957,3.9
1957-02-10,1957,0.6
1957-02-11,1957,0.0
1957-02-12,1957,0.0
1957-02-14,1957,0.0
1957-02-15,1957,0.0
1957-02-16,1957,0.0
1957-02-17,1957,0.0
1957-02-18,1957,0.0
1957-02-23,1957,0.8
1957-02-24,1957,1.6
1957-02-25,1957,2.7
1957-02-26,1957,0.1
1957-02-28,1957,0.0
1957-03-01,1957,0.0
1957-03-02,1957,0.0
1957-03-04,1957,0.0
1957-03-08,1957,0.0
1957-03-09,1957,0.0
1957-03-12,1957,0.4
1957-03-13,1957,20.5
1957-03-14,1957,7.5
1957-03-15,1957,6.0
1957-03-16,1957,2.1
1957-03-17,1957,0.0
1957-03-18,1957,7.7
1957-03-19,1957,12.3
1957-03-20,1957,7.6
1957-03-21,1957,0.0
1957-03-24,1957,22.9
1957-03-25,1957,0.2
1957-03-26,1957,5.1
1957-03-27,1957,4.9
1957-03-28,1957,0.0
1957-03-29,1957,0.0
1957-03-31,1957,0.0
1957-04-02,1957,5.6
1957-04-04,1957,0.0
1957-04-05,1957,0.0
1957-04-06,1957,0.0
1957-04-09,1957,0.1
1957-04-10,1957,8.5
1957-04-11,1957,0.0
1957-04-13,1957,0.5
1957-04-14,1957,2.7
1957-04-15,1957,0.0
1957-04-16,1957,0.0
1957-04-19,1957,35.3
1957-04-20,1957,17.8
1957-04-21,1957,0.3
1957-04-23,1957,0.0
1957-04-24,1957,0.0
1957-04-26,1957,0.0
1957-04-27,1957,1.0
1957-04-28,1957,0.0
1957-04-29,1957,0.1
1957-04-30,1957,0.0
1957-05-01,1957,0.0
1957-05-02,1957,0.0
1957-05-03,1957,0.0
1957-05-05,1957,0.0
1957-05-06,1957,0.0
1957-05-07,1957,23.3
1957-05-08,1957,0.0
1957-05-09,1957,62.3
1957-05-10,1957,0.0
1957-05-11,1957,0.0
1957-05-12,1957,5.1
1957-05-13,1957,10.7
1957-05-14,1957,12.5
1957-05-17,1957,86.0
1957-05-18,1957,0.3
1957-05-19,1957,0.0
1957-05-20,1957,23.5
1957-05-21,1957,136.1
1957-05-22,1957,246.2
1957-05-23,1957,31.8
1957-05-24,1957,34.1
1957-05-25,1957,27.8
1957-05-26,1957,9.0
1957-05-27,1957,41.2
1957-05-28,1957,78.1
1957-05-29,1957,59.9
1957-05-30,1957,3.8
1957-05-31,1957,2.5
1957-06-02,1957,23.0
1957-06-03,1957,2.8
1957-06-04,1957,5.1
1957-06-05,1957,92.3
1957-06-06,1957,28.1
1957-06-07,1957,0.0
1957-06-08,1957,0.0
1957-06-09,1957,0.0
1957-06-10,1957,0.0
1957-06-11,1957,0.0
1957-06-12,1957,0.0
1957-06-13,1957,0.0
1957-06-14,1957,0.0
1957-06-15,1957,0.6
1957-06-16,1957,10.2
1957-06-17,1957,154.3
1957-06-18,1957,0.6
1957-06-19,1957,8.8
1957-06-20,1957,22.7
1957-06-21,1957,3.8
1957-06-22,1957,1.3
1957-06-23,1957,0.0
1957-06-24,1957,0.0
1957-06-25,1957,1.1
1957-06-26,1957,36.0
1957-06-27,1957,1.2
1957-06-28,1957,0.0
1957-06-29,1957,35.1
1957-06-30,1957,35.3
1957-07-02,1957,0.0
1957-07-03,1957,29.5
1957-07-04,1957,25.9
1957-07-05,1957,58.2
1957-07-06,1957,30.8
1957-07-07,1957,0.1
1957-07-09,1957,3.7
1957-07-10,1957,12.8
1957-07-11,1957,0.9
1957-07-12,1957,1.0
1957-07-13,1957,2.0
1957-07-14,1957,1.8
1957-07-15,1957,0.0
1957-07-16,1957,66.6
1957-07-17,1957,131.8
1957-07-18,1957,10.1
1957-07-19,1957,1.9
1957-07-20,1957,0.0
1957-07-21,1957,0.0
1957-07-22,1957,0.0
1957-07-23,1957,0.0
1957-07-24,1957,0.8
1957-07-25,1957,7.8
1957-07-26,1957,0.3
1957-07-27,1957,8.6
1957-07-31,1957,0.6
1957-08-01,1957,0.0
1957-08-02,1957,0.0
1957-08-03,1957,0.0
1957-08-04,1957,20.5
1957-08-05,1957,0.0
1957-08-06,1957,1.1
1957-08-07,1957,0.3
1957-08-08,1957,0.0
1957-08-09,1957,0.0
1957-08-10,1957,0.0
1957-08-11,1957,0.0
1957-08-12,1957,0.0
1957-08-13,1957,0.0
1957-08-15,1957,0.0
1957-08-16,1957,24.0
1957-08-17,1957,53.4
1957-08-18,1957,35.0
1957-08-19,1957,24.4
1957-08-20,1957,35.9
1957-08-21,1957,3.8
1957-08-22,1957,0.1
1957-08-23,1957,0.0
1957-08-24,1957,1.0
1957-08-25,1957,21.0
1957-08-26,1957,64.2
1957-08-27,1957,58.3
1957-08-28,1957,24.0
1957-08-29,1957,4.8
1957-08-30,1957,15.7
1957-08-31,1957,0.0
1957-09-01,1957,0.0
1957-09-02,1957,20.9
1957-09-03,1957,32.7
1957-09-04,1957,0.0
1957-09-05,1957,0.0
1957-09-06,1957,0.0
1957-09-07,1957,0.0
1957-09-08,1957,12.1
1957-09-09,1957,1.4
1957-09-10,1957,0.0
1957-09-11,1957,0.0
1957-09-12,1957,0.0
1957-09-13,1957,0.0
1957-09-14,1957,0.0
1957-09-15,1957,0.0
1957-09-16,1957,5.1
1957-09-17,1957,0.4
1957-09-19,1957,3.1
1957-09-20,1957,0.2
1957-09-22,1957,199.9
1957-09-23,1957,76.3
1957-09-24,1957,5.3
1957-09-25,1957,39.9
1957-09-26,1957,1.8
1957-09-27,1957,4.3
1957-09-28,1957,7.8
1957-09-29,1957,9.5
1957-09-30,1957,48.9
1957-10-02,1957,0.0
1957-10-04,1957,0.0
1957-10-05,1957,0.0
1957-10-06,1957,0.0
1957-10-07,1957,0.0
1957-10-08,1957,0.0
1957-10-09,1957,0.0
1957-10-10,1957,0.0
1957-10-12,1957,1.4
1957-10-13,1957,0.0
1957-10-15,1957,20.9
1957-10-16,1957,2.1
1957-10-18,1957,0.6
1957-10-19,1957,0.0
1957-10-20,1957,0.0
1957-10-21,1957,0.0
1957-10-22,1957,6.2
1957-10-23,1957,0.1
1957-10-24,1957,0.0
1957-10-25,1957,0.0
1957-10-26,1957,0.0
1957-10-28,1957,16.0
1957-10-29,1957,0.0
1957-10-30,1957,0.0
1957-11-01,1957,0.0
1957-11-02,1957,0.0
1957-11-03,1957,0.0
1957-11-04,1957,0.0
1957-11-05,1957,0.0
1957-11-06,1957,0.0
1957-11-07,1957,2.2
1957-11-08,1957,0.0
1957-11-10,1957,0.0
1957-11-11,1957,0.0
1957-11-12,1957,0.0
1957-11-13,1957,0.0
1957-11-14,1957,0.0
1957-11-15,1957,0.0
1957-11-16,1957,0.0
1957-11-17,1957,0.0
1957-11-18,1957,0.0
1957-11-19,1957,0.0
1957-11-20,1957,0.0
1957-11-21,1957,0.0
1957-11-22,1957,0.0
1957-11-24,1957,0.0
1957-11-25,1957,0.0
1957-11-26,1957,0.0
1957-11-27,1957,0.0
1957-11-28,1957,0.0
1957-11-29,1957,0.0
1957-11-30,1957,0.0
1957-12-01,1957,0.0
1957-12-02,1957,0.0
1957-12-03,1957,0.0
1957-12-04,1957,0.0
1957-12-05,1957,0.0
1957-12-06,1957,0.0
1957-12-07,1957,0.0
1957-12-08,1957,0.0
1957-12-09,1957,0.0
1957-12-10,1957,0.0
1957-12-12,1957,0.0
1957-12-13,1957,0.8
1957-12-15,1957,0.0
1957-12-16,1957,0.0
1957-12-17,1957,0.0
1957-12-18,1957,0.0
1957-12-20,1957,0.0
1957-12-22,1957,0.0
1957-12-23,1957,0.0
1957-12-25,1957,7.1
1957-12-27,1957,0.0
1957-12-28,1957,0.0
1957-12-29,1957,0.0
1957-12-30,1957,0.1
1957-12-31,1957,0.0
1958-01-01,1958,0.1
1958-01-02,1958,1.7
1958-01-03,1958,0.0
1958-01-04,1958,0.0
1958-01-05,1958,0.0
1958-01-06,1958,0.0
1958-01-07,1958,0.0
1958-01-08,1958,0.8
1958-01-09,1958,9.6
1958-01-10,1958,22.3
1958-01-13,1958,0.0
1958-01-15,1958,0.0
1958-01-16,1958,0.2
1958-01-17,1958,2.6
1958-01-18,1958,0.4
1958-01-19,1958,0.2
1958-01-20,1958,0.0
1958-01-21,1958,0.0
1958-01-22,1958,0.0
1958-01-23,1958,0.0
1958-01-25,1958,0.0
1958-01-27,1958,0.0
1958-01-28,1958,0.0
1958-01-29,1958,0.3
1958-01-30,1958,1.4
1958-01-31,1958,14.4
1958-02-01,1958,27.8
1958-02-03,1958,0.0
1958-02-04,1958,3.7
1958-02-05,1958,5.5
1958-02-06,1958,6.2
1958-02-07,1958,9.2
1958-02-08,1958,1.8
1958-02-09,1958,9.6
1958-02-10,1958,1.0
1958-02-12,1958,0.0
1958-02-13,1958,0.0
1958-02-14,1958,0.0
1958-02-15,1958,0.0
1958-02-16,1958,0.0
1958-02-17,1958,13.9
1958-02-18,1958,8.9
1958-02-19,1958,0.0
1958-02-20,1958,0.0
1958-02-21,1958,0.0
1958-02-22,1958,0.0
1958-02-23,1958,0.0
1958-02-24,1958,0.0
1958-02-25,1958,0.0
1958-02-26,1958,0.0
1958-02-27,1958,0.0
1958-02-28,1958,0.2
1958-03-01,1958,0.0
1958-03-02,1958,0.2
1958-03-03,1958,0.0
1958-03-04,1958,0.0
1958-03-06,1958,0.0
1958-03-08,1958,0.0
1958-03-09,1958,0.0
1958-03-10,1958,0.0
1958-03-11,1958,0.0
1958-03-12,1958,0.2
1958-03-13,1958,0.0
1958-03-14,1958,0.0
1958-03-15,1958,0.0
1958-03-16,1958,0.0
1958-03-17,1958,0.0
1958-03-18,1958,33.3
1958-03-19,1958,5.4
1958-03-20,1958,0.7
1958-03-21,1958,9.2
1958-03-22,1958,0.5
1958-03-23,1958,1.2
1958-03-24,1958,0.1
1958-03-25,1958,0.0
1958-03-26,1958,1.0
1958-03-27,1958,32.0
1958-03-28,1958,34.2
1958-03-29,1958,0.0
1958-03-30,1958,0.0
1958-03-31,1958,0.0
1958-04-01,1958,0.0
1958-04-02,1958,0.0
1958-04-03,1958,25.4
1958-04-04,1958,6.4
1958-04-05,1958,0.0
1958-04-07,1958,0.0
1958-04-08,1958,0.0
1958-04-09,1958,0.0
1958-04-10,1958,2.5
1958-04-11,1958,0.0
1958-04-12,1958,0.8
1958-04-13,1958,11.2
1958-04-15,1958,0.0
1958-04-16,1958,0.0
1958-04-17,1958,0.0
1958-04-18,1958,0.0
1958-04-19,1958,0.0
1958-04-20,1958,0.0
1958-04-21,1958,0.0
1958-04-23,1958,0.0
1958-04-24,1958,0.0
1958-04-25,1958,0.0
1958-04-26,1958,0.0
1958-04-27,1958,0.9
1958-04-28,1958,0.4
1958-04-29,1958,0.4
1958-04-30,1958,0.0
1958-05-02,1958,0.0
1958-05-03,1958,0.0
1958-05-05,1958,15.6
1958-05-10,1958,0.6
1958-05-12,1958,5.3
1958-05-13,1958,0.7
1958-05-16,1958,20.4
1958-05-17,1958,0.3
1958-05-18,1958,1.0
1958-05-19,1958,0.0
1958-05-20,1958,0.0
1958-05-21,1958,0.0
1958-05-23,1958,89.8
1958-05-25,1958,0.0
1958-05-26,1958,0.0
1958-05-27,1958,0.0
1958-05-28,1958,0.0
1958-05-29,1958,15.4
1958-05-30,1958,16.2
1958-05-31,1958,60.2
1958-06-01,1958,21.8
1958-06-02,1958,26.7
1958-06-03,1958,0.0
1958-06-04,1958,0.2
1958-06-05,1958,1.2
1958-06-07,1958,0.1
1958-06-08,1958,67.8
1958-06-09,1958,2.4
1958-06-11,1958,0.0
1958-06-13,1958,0.0
1958-06-14,1958,0.0
1958-06-15,1958,0.0
1958-06-16,1958,49.5
1958-06-17,1958,16.2
1958-06-18,1958,0.0
1958-06-19,1958,0.0
1958-06-20,1958,0.1
1958-06-21,1958,0.8
1958-06-22,1958,0.6
1958-06-23,1958,0.2
1958-06-24,1958,18.0
1958-06-25,1958,35.3
1958-06-26,1958,2.1
1958-06-29,1958,0.2
1958-06-30,1958,0.4
1958-07-01,1958,6.3
1958-07-02,1958,0.3
1958-07-03,1958,0.7
1958-07-04,1958,0.0
1958-07-05,1958,0.0
1958-07-06,1958,8.6
1958-07-07,1958,0.1
1958-07-08,1958,0.0
1958-07-09,1958,0.0
1958-07-10,1958,0.0
1958-07-11,1958,0.0
1958-07-12,1958,1.6
1958-07-13,1958,3.2
1958-07-14,1958,6.0
1958-07-15,1958,0.0
1958-07-16,1958,4.2
1958-07-17,1958,44.8
1958-07-18,1958,50.0
1958-07-19,1958,77.3
1958-07-20,1958,20.0
1958-07-21,1958,10.2
1958-07-22,1958,0.0
1958-07-23,1958,1.4
1958-07-24,1958,28.4
1958-07-26,1958,81.8
1958-07-27,1958,25.2
1958-07-28,1958,103.5
1958-07-29,1958,0.5
1958-07-30,1958,2.2
1958-07-31,1958,2.8
1958-08-01,1958,0.0
1958-08-02,1958,0.0
1958-08-04,1958,0.0
1958-08-06,1958,47.5
1958-08-07,1958,37.5
1958-08-08,1958,29.6
1958-08-09,1958,2.7
1958-08-10,1958,9.2
1958-08-12,1958,0.0
1958-08-13,1958,0.0
1958-08-15,1958,25.0
1958-08-16,1958,0.0
1958-08-17,1958,0.6
1958-08-19,1958,0.0
1958-08-20,1958,0.0
1958-08-21,1958,0.0
1958-08-22,1958,0.0
1958-08-23,1958,0.0
1958-08-24,1958,0.0
1958-08-25,1958,0.0
1958-08-26,1958,1.0
1958-08-27,1958,12.1
1958-08-28,1958,2.9
1958-08-29,1958,1.0
1958-08-30,1958,0.0
1958-08-31,1958,5.5
1958-09-01,1958,22.4
1958-09-02,1958,113.5
1958-09-03,1958,15.0
1958-09-04,1958,0.0
1958-09-05,1958,5.2
1958-09-06,1958,1.5
1958-09-07,1958,4.7
1958-09-08,1958,0.0
1958-09-10,1958,55.3
1958-09-11,1958,26.1
1958-09-12,1958,54.5
1958-09-13,1958,0.2
1958-09-14,1958,0.0
1958-09-15,1958,0.0
1958-09-16,1958,0.0
1958-09-17,1958,19.6
1958-09-18,1958,0.0
1958-09-19,1958,3.5
1958-09-20,1958,50.3
1958-09-21,1958,9.7
1958-09-22,1958,29.5
1958-09-23,1958,22.5
1958-09-24,1958,9.5
1958-09-25,1958,1.1
1958-09-26,1958,11.7
1958-09-27,1958,0.0
1958-09-29,1958,7.7
1958-09-30,1958,86.3
1958-10-01,1958,2.3
1958-10-02,1958,0.4
1958-10-05,1958,0.0
1958-10-06,1958,0.0
1958-10-07,1958,0.7
1958-10-09,1958,0.0
1958-10-12,1958,7.2
1958-10-13,1958,34.0
1958-10-14,1958,0.3
1958-10-15,1958,0.0
1958-10-16,1958,2.5
1958-10-17,1958,0.2
1958-10-21,1958,0.0
1958-10-22,1958,0.0
1958-10-23,1958,0.0
1958-10-27,1958,0.0
1958-10-28,1958,0.0
1958-10-29,1958,0.0
1958-10-30,1958,0.0
1958-10-31,1958,0.0
1958-11-01,1958,0.0
1958-11-02,1958,0.0
1958-11-03,1958,0.0
1958-11-04,1958,0.0
1958-11-05,1958,0.0
1958-11-06,1958,0.0
1958-11-07,1958,0.0
1958-11-08,1958,0.0
1958-11-09,1958,0.0
1958-11-10,1958,0.0
1958-11-11,1958,0.0
1958-11-12,1958,0.0
1958-11-13,1958,0.3
1958-11-14,1958,0.0
1958-11-16,1958,0.0
1958-11-17,1958,0.0
1958-11-19,1958,0.4
1958-11-20,1958,0.0
1958-11-21,1958,0.0
1958-11-22,1958,0.0
1958-11-23,1958,0.0
1958-11-24,1958,0.0
1958-11-25,1958,0.0
1958-11-26,1958,0.0
1958-11-27,1958,0.0
1958-11-28,1958,0.0
1958-11-29,1958,0.0
1958-11-30,1958,0.0
1958-12-01,1958,0.0
1958-12-02,1958,0.0
1958-12-03,1958,0.0
1958-12-04,1958,0.0
1958-12-05,1958,0.0
1958-12-06,1958,0.0
1958-12-07,1958,0.0
1958-12-08,1958,0.0
1958-12-09,1958,0.0
1958-12-10,1958,0.0
1958-12-11,1958,0.0
1958-12-12,1958,0.0
1958-12-13,1958,0.0
1958-12-14,1958,0.0
1958-12-15,1958,0.0
1958-12-16,1958,0.0
1958-12-18,1958,0.0
1958-12-19,1958,0.0
1958-12-20,1958,0.0
1958-12-21,1958,0.0
1958-12-22,1958,0.0
1958-12-23,1958,0.0
1958-12-24,1958,3.6
1958-12-25,1958,1.3
1958-12-26,1958,0.0
1958-12-27,1958,0.0
1958-12-28,1958,0.0
1958-12-29,1958,0.0
1958-12-30,1958,0.0
1959-01-01,1959,1.2
1959-01-02,1959,0.0
1959-01-04,1959,0.0
1959-01-05,1959,0.0
1959-01-06,1959,0.0
1959-01-08,1959,0.0
1959-01-11,1959,0.0
1959-01-12,1959,0.0
1959-01-13,1959,0.0
1959-01-14,1959,0.0
1959-01-16,1959,0.0
1959-01-17,1959,0.0
1959-01-18,1959,0.0
1959-01-20,1959,0.0
1959-01-21,1959,0.0
1959-01-22,1959,0.0
1959-01-23,1959,0.0
1959-01-24,1959,0.0
1959-01-26,1959,0.0
1959-01-27,1959,0.0
1959-01-28,1959,0.0
1959-01-30,1959,0.0
1959-01-31,1959,0.0
1959-02-01,1959,0.0
1959-02-03,1959,0.0
1959-02-06,1959,0.1
1959-02-07,1959,36.8
1959-02-08,1959,2.5
1959-02-09,1959,0.3
1959-02-10,1959,0.3
1959-02-13,1959,0.7
1959-02-14,1959,0.3
1959-02-17,1959,0.7
1959-02-18,1959,10.9
1959-02-19,1959,1.1
1959-02-20,1959,55.5
1959-02-21,1959,17.5
1959-02-22,1959,45.7
1959-02-23,1959,19.3
1959-02-24,1959,0.8
1959-02-25,1959,0.5
1959-02-26,1959,1.8
1959-02-27,1959,1.7
1959-02-28,1959,13.7
1959-03-01,1959,18.8
1959-03-02,1959,6.7
1959-03-03,1959,0.0
1959-03-04,1959,0.3
1959-03-06,1959,0.4
1959-03-09,1959,6.0
1959-03-10,1959,2.9
1959-03-11,1959,0.0
1959-03-12,1959,2.5
1959-03-13,1959,4.2
1959-03-14,1959,2.2
1959-03-15,1959,0.0
1959-03-16,1959,0.0
1959-03-17,1959,0.0
1959-03-18,1959,0.0
1959-03-19,1959,0.0
1959-03-20,1959,0.0
1959-03-21,1959,0.0
1959-03-22,1959,0.0
1959-03-23,1959,0.0
1959-03-24,1959,0.0
1959-03-25,1959,0.0
1959-03-26,1959,0.0
1959-03-29,1959,0.1
1959-03-30,1959,0.3
1959-03-31,1959,0.0
1959-04-04,1959,0.0
1959-04-05,1959,0.0
1959-04-07,1959,0.0
1959-04-08,1959,0.0
1959-04-09,1959,0.0
1959-04-10,1959,0.0
1959-04-11,1959,0.0
1959-04-12,1959,0.2
1959-04-14,1959,0.0
1959-04-15,1959,0.0
1959-04-16,1959,0.1
1959-04-17,1959,0.0
1959-04-18,1959,0.0
1959-04-19,1959,32.2
1959-04-20,1959,58.2
1959-04-21,1959,90.0
1959-04-22,1959,20.3
1959-04-23,1959,2.2
1959-04-24,1959,84.6
1959-04-25,1959,2.1
1959-04-26,1959,3.3
1959-04-27,1959,0.2
1959-04-28,1959,0.6
1959-04-29,1959,0.0
1959-04-30,1959,0.0
1959-05-01,1959,0.0
1959-05-02,1959,0.0
1959-05-03,1959,0.1
1959-05-04,1959,0.0
1959-05-05,1959,0.2
1959-05-06,1959,0.0
1959-05-08,1959,0.1
1959-05-10,1959,1.7
1959-05-11,1959,0.0
1959-05-12,1959,0.0
1959-05-14,1959,0.0
1959-05-15,1959,0.0
1959-05-17,1959,21.3
1959-05-18,1959,25.5
1959-05-19,1959,20.6
1959-05-20,1959,1.1
1959-05-22,1959,12.0
1959-05-23,1959,0.5
1959-05-24,1959,0.7
1959-05-25,1959,0.0
1959-05-26,1959,0.0
1959-05-30,1959,2.6
1959-05-31,1959,3.7
1959-06-01,1959,94.3
1959-06-02,1959,1.1
1959-06-03,1959,0.0
1959-06-04,1959,0.8
1959-06-05,1959,0.3
1959-06-06,1959,2.6
1959-06-07,1959,5.2
1959-06-08,1959,0.0
1959-06-10,1959,0.4
1959-06-11,1959,28.8
1959-06-12,1959,97.1
1959-06-13,1959,175.5
1959-06-14,1959,181.7
1959-06-15,1959,270.3
1959-06-16,1959,0.0
1959-06-17,1959,0.3
1959-06-18,1959,0.0
1959-06-19,1959,0.0
1959-06-20,1959,0.1
1959-06-21,1959,0.4
1959-06-22,1959,5.6
1959-06-23,1959,10.2
1959-06-24,1959,8.9
1959-06-25,1959,0.0
1959-06-26,1959,0.0
1959-06-27,1959,0.0
1959-06-28,1959,16.0
1959-06-29,1959,8.8
1959-06-30,1959,5.3
1959-07-01,1959,0.2
1959-07-02,1959,2.0
1959-07-03,1959,8.0
1959-07-04,1959,3.3
1959-07-05,1959,0.1
1959-07-06,1959,19.3
1959-07-07,1959,126.2
1959-07-08,1959,4.4
1959-07-09,1959,33.3
1959-07-10,1959,12.0
1959-07-11,1959,0.0
1959-07-12,1959,0.0
1959-07-13,1959,0.0
1959-07-14,1959,0.0
1959-07-15,1959,2.5
1959-07-16,1959,3.7
1959-07-17,1959,0.3
1959-07-18,1959,32.3
1959-07-19,1959,16.4
1959-07-20,1959,15.2
1959-07-21,1959,0.0
1959-07-22,1959,0.0
1959-07-23,1959,0.0
1959-07-25,1959,0.0
1959-07-26,1959,28.2
1959-07-27,1959,10.6
1959-07-28,1959,0.4
1959-07-29,1959,18.6
1959-07-30,1959,14.2
1959-07-31,1959,1.3
1959-08-01,1959,9.4
1959-08-02,1959,94.7
1959-08-03,1959,57.9
1959-08-04,1959,27.0
1959-08-05,1959,0.0
1959-08-06,1959,0.0
1959-08-07,1959,0.0
1959-08-08,1959,45.5
1959-08-09,1959,137.0
1959-08-10,1959,16.5
1959-08-11,1959,1.4
1959-08-12,1959,0.2
1959-08-14,1959,0.0
1959-08-15,1959,0.0
1959-08-16,1959,0.1
1959-08-17,1959,0.0
1959-08-19,1959,26.5
1959-08-20,1959,23.7
1959-08-21,1959,11.1
1959-08-22,1959,1.8
1959-08-23,1959,8.9
1959-08-24,1959,41.0
1959-08-25,1959,29.1
1959-08-26,1959,5.7
1959-08-27,1959,0.0
1959-08-28,1959,0.4
1959-08-29,1959,1.7
1959-08-30,1959,11.5
1959-08-31,1959,52.7
1959-09-01,1959,7.7
1959-09-02,1959,51.3
1959-09-03,1959,30.3
1959-09-04,1959,0.0
1959-09-05,1959,0.0
1959-09-06,1959,0.0
1959-09-07,1959,0.0
1959-09-08,1959,0.0
1959-09-09,1959,1.4
1959-09-10,1959,70.1
1959-09-11,1959,0.0
1959-09-12,1959,5.4
1959-09-13,1959,20.7
1959-09-14,1959,0.5
1959-09-17,1959,5.3
1959-09-18,1959,22.3
1959-09-19,1959,65.8
1959-09-20,1959,0.2
1959-09-21,1959,0.0
1959-09-22,1959,0.0
1959-09-23,1959,0.0
1959-09-25,1959,0.0
1959-09-26,1959,0.0
1959-09-27,1959,0.0
1959-09-28,1959,0.0
1959-09-29,1959,0.0
1959-09-30,1959,0.0
1959-10-01,1959,0.0
1959-10-02,1959,0.0
1959-10-03,1959,0.0
1959-10-04,1959,0.0
1959-10-05,1959,0.0
1959-10-06,1959,0.0
1959-10-07,1959,0.0
1959-10-08,1959,0.0
1959-10-09,1959,0.0
1959-10-10,1959,0.0
1959-10-11,1959,0.0
1959-10-12,1959,0.0
1959-10-13,1959,0.0
1959-10-15,1959,0.0
1959-10-16,1959,0.0
1959-10-17,1959,0.0
1959-10-18,1959,0.0
1959-10-19,1959,0.0
1959-10-20,1959,0.0
1959-10-21,1959,0.0
1959-10-22,1959,0.0
1959-10-23,1959,0.0
1959-10-25,1959,0.0
1959-10-27,1959,0.0
1959-10-28,1959,0.0
1959-10-29,1959,0.0
1959-10-30,1959,0.0
1959-10-31,1959,1.0
1959-11-01,1959,0.0
1959-11-02,1959,0.0
1959-11-03,1959,0.0
1959-11-05,1959,0.0
1959-11-06,1959,0.0
1959-11-07,1959,0.0
1959-11-08,1959,0.0
1959-11-10,1959,0.0
1959-11-11,1959,0.0
1959-11-12,1959,0.0
1959-11-13,1959,0.0
1959-11-14,1959,0.0
1959-11-15,1959,0.1
1959-11-16,1959,0.0
1959-11-17,1959,0.0
1959-11-18,1959,0.0
1959-11-19,1959,0.0
1959-11-20,1959,0.0
1959-11-21,1959,0.0
1959-11-23,1959,0.0
1959-11-24,1959,0.0
1959-11-26,1959,0.0
1959-11-27,1959,0.0
1959-11-28,1959,0.0
1959-11-29,1959,0.0
1959-11-30,1959,0.0
1959-12-01,1959,0.0
1959-12-03,1959,0.0
1959-12-04,1959,0.0
1959-12-06,1959,0.0
1959-12-08,1959,0.0
1959-12-09,1959,0.0
1959-12-10,1959,0.0
1959-12-11,1959,0.0
1959-12-12,1959,0.0
1959-12-13,1959,0.2
1959-12-14,1959,0.1
1959-12-15,1959,2.9
1959-12-16,1959,2.1
1959-12-17,1959,0.1
1959-12-20,1959,0.0
1959-12-22,1959,0.0
1959-12-23,1959,0.0
1959-12-24,1959,0.0
1959-12-25,1959,0.0
1959-12-27,1959,0.0
1959-12-28,1959,0.0
1959-12-30,1959,0.0
1959-12-31,1959,0.0
1960-01-01,1960,0.0
1960-01-02,1960,0.0
1960-01-03,1960,0.0
1960-01-04,1960,0.0
1960-01-05,1960,0.0
1960-01-06,1960,0.0
1960-01-07,1960,0.0
1960-01-08,1960,0.0
1960-01-09,1960,0.0
1960-01-10,1960,0.0
1960-01-11,1960,0.0
1960-01-12,1960,0.0
1960-01-13,1960,0.0
1960-01-15,1960,0.0
1960-01-17,1960,1.0
1960-01-18,1960,1.5
1960-01-19,1960,0.0
1960-01-22,1960,0.0
1960-01-25,1960,0.0
1960-01-26,1960,0.0
1960-01-28,1960,0.0
1960-01-29,1960,0.3
1960-01-30,1960,5.6
1960-01-31,1960,6.6
1960-02-01,1960,0.0
1960-02-02,1960,0.0
1960-02-03,1960,0.0
1960-02-04,1960,0.0
1960-02-05,1960,0.0
1960-02-06,1960,0.0
1960-02-07,1960,0.0
1960-02-08,1960,0.0
1960-02-09,1960,0.0
1960-02-11,1960,0.0
1960-02-12,1960,0.0
1960-02-13,1960,0.0
1960-02-14,1960,0.0
1960-02-15,1960,0.0
1960-02-17,1960,0.0
1960-02-18,1960,0.0
1960-02-19,1960,0.0
1960-02-20,1960,0.0
1960-02-21,1960,0.0
1960-02-22,1960,0.0
1960-02-23,1960,0.0
1960-02-24,1960,0.0
1960-02-25,1960,0.0
1960-02-26,1960,0.0
1960-02-27,1960,0.0
1960-02-28,1960,0.0
1960-02-29,1960,0.0
1960-03-01,1960,1.0
1960-03-02,1960,0.0
1960-03-03,1960,0.0
1960-03-05,1960,0.0
1960-03-08,1960,0.0
1960-03-09,1960,0.0
1960-03-10,1960,0.0
1960-03-11,1960,0.0
1960-03-13,1960,8.6
1960-03-14,1960,9.1
1960-03-15,1960,0.7
1960-03-16,1960,1.2
1960-03-18,1960,1.0
1960-03-21,1960,0.9
1960-03-22,1960,1.0
1960-03-24,1960,0.0
1960-03-26,1960,8.1
1960-03-31,1960,32.9
1960-04-01,1960,0.0
1960-04-02,1960,0.8
1960-04-03,1960,2.1
1960-04-04,1960,8.4
1960-04-05,1960,0.0
1960-04-06,1960,0.0
1960-04-07,1960,0.0
1960-04-10,1960,0.0
1960-04-12,1960,0.0
1960-04-13,1960,0.0
1960-04-14,1960,0.0
1960-04-15,1960,0.0
1960-04-19,1960,2.5
1960-04-21,1960,0.0
1960-04-22,1960,0.0
1960-04-23,1960,0.3
1960-04-24,1960,0.0
1960-04-25,1960,0.0
1960-04-26,1960,0.0
1960-04-27,1960,0.0
1960-04-28,1960,27.2
1960-04-30,1960,0.3
1960-05-01,1960,4.8
1960-05-02,1960,0.0
1960-05-03,1960,0.0
1960-05-04,1960,7.6
1960-05-05,1960,0.9
1960-05-06,1960,41.5
1960-05-07,1960,1.1
1960-05-08,1960,0.4
1960-05-11,1960,2.4
1960-05-12,1960,0.4
1960-05-13,1960,1.8
1960-05-14,1960,96.1
1960-05-17,1960,9.3
1960-05-18,1960,1.3
1960-05-19,1960,35.5
1960-05-20,1960,13.0
1960-05-21,1960,1.9
1960-05-24,1960,0.0
1960-05-25,1960,0.0
1960-05-26,1960,12.7
1960-05-27,1960,0.0
1960-05-28,1960,2.3
1960-05-29,1960,5.5
1960-05-30,1960,6.7
1960-05-31,1960,0.2
1960-06-01,1960,9.5
1960-06-03,1960,0.0
1960-06-06,1960,7.4
1960-06-07,1960,20.7
1960-06-08,1960,163.1
1960-06-09,1960,236.1
1960-06-10,1960,0.2
1960-06-11,1960,0.0
1960-06-12,1960,2.6
1960-06-13,1960,10.7
1960-06-14,1960,0.0
1960-06-16,1960,61.1
1960-06-17,1960,1.7
1960-06-18,1960,0.2
1960-06-19,1960,3.2
1960-06-20,1960,0.0
1960-06-21,1960,0.5
1960-06-23,1960,0.0
1960-06-24,1960,0.0
1960-06-25,1960,27.4
1960-06-26,1960,17.5
1960-06-27,1960,1.2
1960-06-28,1960,5.0
1960-06-29,1960,91.0
1960-06-30,1960,17.5
1960-07-01,1960,23.7
1960-07-02,1960,16.0
1960-07-03,1960,3.6
1960-07-04,1960,0.5
1960-07-05,1960,2.3
1960-07-06,1960,0.0
1960-07-07,1960,0.0
1960-07-09,1960,0.0
1960-07-10,1960,9.2
1960-07-11,1960,0.0
1960-07-12,1960,0.0
1960-07-13,1960,0.0
1960-07-14,1960,0.0
1960-07-15,1960,4.7
1960-07-16,1960,2.5
1960-07-17,1960,0.0
1960-07-18,1960,0.0
1960-07-19,1960,0.0
1960-07-20,1960,0.0
1960-07-21,1960,1.6
1960-07-22,1960,0.9
1960-07-23,1960,0.0
1960-07-24,1960,0.0
1960-07-25,1960,0.0
1960-07-27,1960,9.5
1960-07-28,1960,51.8
1960-07-29,1960,9.3
1960-07-30,1960,25.0
1960-07-31,1960,0.0
1960-08-01,1960,0.0
1960-08-02,1960,13.2
1960-08-03,1960,0.1
1960-08-04,1960,0.4
1960-08-05,1960,0.6
1960-08-06,1960,1.9
1960-08-07,1960,17.4
1960-08-08,1960,0.0
1960-08-09,1960,0.2
1960-08-10,1960,28.4
1960-08-11,1960,10.8
1960-08-12,1960,51.3
1960-08-14,1960,7.0
1960-08-15,1960,7.3
1960-08-16,1960,4.9
1960-08-18,1960,2.4
1960-08-19,1960,0.0
1960-08-20,1960,0.1
1960-08-21,1960,0.0
1960-08-22,1960,0.0
1960-08-23,1960,12.8
1960-08-24,1960,0.4
1960-08-25,1960,91.2
1960-08-26,1960,97.0
1960-08-27,1960,45.3
1960-08-28,1960,59.0
1960-08-29,1960,24.4
1960-08-30,1960,47.1
1960-08-31,1960,21.7
1960-09-01,1960,0.3
1960-09-02,1960,0.0
1960-09-03,1960,0.0
1960-09-04,1960,31.8
1960-09-05,1960,13.7
1960-09-06,1960,6.0
1960-09-07,1960,1.7
1960-09-08,1960,0.8
1960-09-09,1960,7.8
1960-09-10,1960,103.2
1960-09-11,1960,45.3
1960-09-12,1960,8.8
1960-09-13,1960,9.0
1960-09-14,1960,1.4
1960-09-15,1960,0.3
1960-09-17,1960,0.0
1960-09-18,1960,0.6
1960-09-19,1960,2.7
1960-09-20,1960,0.4
1960-09-21,1960,0.2
1960-09-22,1960,1.3
1960-09-23,1960,4.6
1960-09-24,1960,6.3
1960-09-25,1960,31.4
1960-09-26,1960,30.0
1960-09-27,1960,2.3
1960-09-28,1960,1.1
1960-09-29,1960,0.0
1960-09-30,1960,0.0
1960-10-01,1960,0.0
1960-10-02,1960,7.0
1960-10-03,1960,3.6
1960-10-05,1960,7.7
1960-10-06,1960,1.3
1960-10-07,1960,0.0
1960-10-08,1960,0.0
1960-10-10,1960,1.1
1960-10-11,1960,0.9
1960-10-12,1960,0.0
1960-10-13,1960,0.0
1960-10-14,1960,0.0
1960-10-15,1960,1.5
1960-10-20,1960,0.4
1960-10-21,1960,2.6
1960-10-22,1960,0.0
1960-10-23,1960,0.0
1960-10-26,1960,0.0
1960-10-27,1960,0.0
1960-10-28,1960,0.0
1960-10-29,1960,0.0
1960-10-30,1960,0.0
1960-10-31,1960,0.0
1960-11-02,1960,0.5
1960-11-03,1960,0.2
1960-11-04,1960,0.0
1960-11-05,1960,0.0
1960-11-06,1960,0.0
1960-11-07,1960,0.0
1960-11-08,1960,0.0
1960-11-09,1960,0.0
1960-11-11,1960,79.5
1960-11-12,1960,57.5
1960-11-13,1960,0.3
1960-11-14,1960,0.0
1960-11-16,1960,0.0
1960-11-19,1960,0.0
1960-11-21,1960,0.0
1960-11-22,1960,0.0
1960-11-24,1960,0.0
1960-11-26,1960,0.0
1960-11-27,1960,0.0
1960-11-30,1960,0.0
1960-12-01,1960,3.4
1960-12-02,1960,0.1
1960-12-03,1960,0.9
1960-12-04,1960,0.0
1960-12-05,1960,0.0
1960-12-06,1960,0.0
1960-12-07,1960,0.0
1960-12-08,1960,0.0
1960-12-09,1960,0.0
1960-12-10,1960,0.0
1960-12-11,1960,0.0
1960-12-12,1960,0.0
1960-12-13,1960,0.0
1960-12-14,1960,0.0
1960-12-15,1960,0.0
1960-12-16,1960,0.7
1960-12-17,1960,3.0
1960-12-18,1960,0.0
1960-12-19,1960,0.0
1960-12-20,1960,0.0
1960-12-21,1960,0.0
1960-12-22,1960,0.0
1960-12-23,1960,0.0
1960-12-26,1960,0.0
1960-12-27,1960,0.0
1960-12-28,1960,0.0
1960-12-29,1960,5.2
1960-12-30,1960,0.0
1960-12-31,1960,0.0
1961-01-03,1961,2.2
1961-01-07,1961,0.0
1961-01-10,1961,0.0
1961-01-11,1961,0.0
1961-01-12,1961,0.0
1961-01-13,1961,0.0
1961-01-14,1961,0.0
1961-01-15,1961,0.0
1961-01-16,1961,0.0
1961-01-17,1961,0.0
1961-01-18,1961,0.0
1961-01-19,1961,0.0
1961-01-20,1961,0.0
1961-01-21,1961,0.0
1961-01-22,1961,0.2
1961-01-23,1961,1.3
1961-01-24,1961,0.0
1961-01-25,1961,0.0
1961-01-26,1961,0.0
1961-01-27,1961,0.0
1961-01-28,1961,0.0
1961-01-29,1961,0.0
1961-01-30,1961,0.2
1961-02-02,1961,0.0
1961-02-03,1961,0.0
1961-02-06,1961,0.0
1961-02-08,1961,0.0
1961-02-11,1961,0.0
1961-02-15,1961,0.0
1961-02-16,1961,1.3
1961-02-17,1961,3.0
1961-02-18,1961,8.8
1961-02-19,1961,3.8
1961-02-20,1961,1.1
1961-02-21,1961,0.4
1961-02-22,1961,19.7
1961-02-23,1961,6.9
1961-02-24,1961,1.2
1961-02-25,1961,0.0
1961-02-26,1961,0.0
1961-02-27,1961,0.0
1961-02-28,1961,0.0
1961-03-01,1961,0.0
1961-03-02,1961,0.0
1961-03-05,1961,0.4
1961-03-06,1961,0.5
1961-03-07,1961,1.3
1961-03-08,1961,0.5
1961-03-09,1961,0.2
1961-03-10,1961,13.7
1961-03-11,1961,1.9
1961-03-13,1961,0.0
1961-03-14,1961,0.0
1961-03-15,1961,1.3
1961-03-16,1961,3.2
1961-03-18,1961,0.1
1961-03-19,1961,0.0
1961-03-21,1961,0.1
1961-03-22,1961,0.1
1961-03-23,1961,0.5
1961-03-24,1961,19.4
1961-03-25,1961,8.0
1961-03-26,1961,0.0
1961-03-27,1961,0.0
1961-03-28,1961,0.0
1961-03-29,1961,0.0
1961-03-30,1961,0.0
1961-03-31,1961,0.0
1961-04-01,1961,0.0
1961-04-02,1961,0.0
1961-04-03,1961,0.0
1961-04-04,1961,0.0
1961-04-05,1961,0.0
1961-04-06,1961,4.3
1961-04-08,1961,0.0
1961-04-09,1961,2.3
1961-04-10,1961,0.0
1961-04-12,1961,0.0
1961-04-13,1961,21.2
1961-04-14,1961,0.0
1961-04-15,1961,0.0
1961-04-17,1961,1.2
1961-04-18,1961,5.9
1961-04-19,1961,0.3
1961-04-20,1961,15.1
1961-04-21,1961,18.9
1961-04-22,1961,0.0
1961-04-23,1961,25.0
1961-04-24,1961,20.8
1961-04-26,1961,57.3
1961-04-27,1961,0.0
1961-04-28,1961,0.0
1961-05-01,1961,0.0
1961-05-02,1961,0.0
1961-05-03,1961,6.7
1961-05-04,1961,0.0
1961-05-05,1961,0.0
1961-05-06,1961,6.2
1961-05-07,1961,0.0
1961-05-09,1961,0.0
1961-05-10,1961,0.0
1961-05-12,1961,49.8
1961-05-13,1961,2.0
1961-05-14,1961,0.9
1961-05-15,1961,0.0
1961-05-16,1961,0.0
1961-05-17,1961,0.5
1961-05-18,1961,3.7
1961-05-19,1961,90.6
1961-05-21,1961,0.0
1961-05-22,1961,9.4
1961-05-23,1961,0.5
1961-05-24,1961,3.6
1961-05-25,1961,4.4
1961-05-26,1961,0.0
1961-05-27,1961,0.0
1961-05-28,1961,0.0
1961-05-29,1961,0.0
1961-05-30,1961,35.6
1961-06-01,1961,0.9
1961-06-02,1961,0.1
1961-06-03,1961,72.8
1961-06-04,1961,1.6
1961-06-05,1961,7.4
1961-06-06,1961,22.1
1961-06-07,1961,4.2
1961-06-08,1961,2.7
1961-06-09,1961,0.1
1961-06-10,1961,2.0
1961-06-11,1961,0.8
1961-06-12,1961,0.2
1961-06-13,1961,0.8
1961-06-14,1961,0.6
1961-06-15,1961,0.2
1961-06-16,1961,0.0
1961-06-17,1961,0.0
1961-06-18,1961,0.0
1961-06-19,1961,0.0
1961-06-20,1961,0.6
1961-06-21,1961,0.0
1961-06-22,1961,0.0
1961-06-23,1961,0.0
1961-06-24,1961,3.2
1961-06-25,1961,0.7
1961-06-26,1961,0.0
1961-06-27,1961,0.0
1961-06-30,1961,0.0
1961-07-01,1961,77.0
1961-07-02,1961,81.8
1961-07-03,1961,2.6
1961-07-04,1961,1.5
1961-07-05,1961,0.0
1961-07-06,1961,0.0
1961-07-07,1961,0.0
1961-07-08,1961,0.0
1961-07-09,1961,49.0
1961-07-10,1961,19.7
1961-07-11,1961,11.2
1961-07-12,1961,1.3
1961-07-13,1961,0.0
1961-07-14,1961,22.0
1961-07-15,1961,31.9
1961-07-16,1961,14.6
1961-07-17,1961,2.3
1961-07-18,1961,0.0
1961-07-19,1961,103.9
1961-07-20,1961,0.5
1961-07-21,1961,1.1
1961-07-22,1961,0.0
1961-07-23,1961,0.0
1961-07-24,1961,1.5
1961-07-25,1961,5.7
1961-07-26,1961,5.6
1961-07-28,1961,2.0
1961-07-29,1961,13.0
1961-07-30,1961,24.6
1961-07-31,1961,19.3
1961-08-01,1961,4.9
1961-08-02,1961,29.6
1961-08-03,1961,18.1
1961-08-04,1961,7.5
1961-08-05,1961,29.4
1961-08-06,1961,1.3
1961-08-07,1961,3.2
1961-08-08,1961,0.0
1961-08-09,1961,2.4
1961-08-10,1961,0.0
1961-08-11,1961,0.0
1961-08-12,1961,3.6
1961-08-13,1961,17.4
1961-08-14,1961,0.4
1961-08-15,1961,0.0
1961-08-16,1961,0.2
1961-08-17,1961,101.2
1961-08-18,1961,0.2
1961-08-19,1961,0.0
1961-08-20,1961,24.9
1961-08-21,1961,10.6
1961-08-22,1961,0.0
1961-08-23,1961,1.2
1961-08-24,1961,0.1
1961-08-25,1961,0.8
1961-08-26,1961,28.0
1961-08-27,1961,21.5
1961-08-28,1961,5.1
1961-08-29,1961,4.2
1961-08-30,1961,37.7
1961-08-31,1961,108.5
1961-09-01,1961,77.1
1961-09-02,1961,3.7
1961-09-03,1961,16.8
1961-09-04,1961,45.0
1961-09-05,1961,16.3
1961-09-08,1961,26.5
1961-09-09,1961,84.8
1961-09-10,1961,122.0
1961-09-11,1961,0.0
1961-09-12,1961,0.0
1961-09-13,1961,8.7
1961-09-14,1961,0.0
1961-09-15,1961,1.3
1961-09-17,1961,0.0
1961-09-18,1961,0.0
1961-09-19,1961,0.5
1961-09-20,1961,2.3
1961-09-21,1961,0.3
1961-09-22,1961,25.9
1961-09-23,1961,3.1
1961-09-24,1961,17.6
1961-09-25,1961,0.2
1961-09-26,1961,0.0
1961-09-27,1961,0.0
1961-09-28,1961,0.0
1961-09-29,1961,43.4
1961-09-30,1961,39.5
1961-10-01,1961,3.5
1961-10-02,1961,0.4
1961-10-03,1961,0.0
1961-10-04,1961,0.0
1961-10-05,1961,0.0
1961-10-06,1961,0.0
1961-10-07,1961,0.2
1961-10-08,1961,0.0
1961-10-11,1961,0.0
1961-10-12,1961,0.0
1961-10-13,1961,0.0
1961-10-14,1961,0.0
1961-10-15,1961,0.0
1961-10-16,1961,0.0
1961-10-17,1961,0.0
1961-10-18,1961,0.6
1961-10-19,1961,0.0
1961-10-22,1961,0.0
1961-10-23,1961,6.0
1961-10-24,1961,11.5
1961-10-25,1961,8.7
1961-10-26,1961,0.0
1961-10-27,1961,0.0
1961-10-28,1961,0.0
1961-10-29,1961,0.0
1961-10-30,1961,0.3
1961-11-03,1961,0.0
1961-11-04,1961,0.0
1961-11-05,1961,0.0
1961-11-06,1961,0.0
1961-11-07,1961,0.0
1961-11-08,1961,0.0
1961-11-09,1961,0.0
1961-11-10,1961,0.0
1961-11-12,1961,0.0
1961-11-13,1961,0.0
1961-11-15,1961,13.0
1961-11-16,1961,26.1
1961-11-17,1961,0.0
1961-11-18,1961,0.0
1961-11-19,1961,0.2
1961-11-20,1961,50.7
1961-11-21,1961,1.1
1961-11-22,1961,0.0
1961-11-24,1961,0.0
1961-11-25,1961,0.0
1961-11-26,1961,0.3
1961-11-27,1961,0.1
1961-11-28,1961,0.0
1961-12-01,1961,0.0
1961-12-02,1961,0.0
1961-12-04,1961,0.0
1961-12-05,1961,0.0
1961-12-06,1961,0.0
1961-12-07,1961,0.0
1961-12-08,1961,0.0
1961-12-09,1961,0.0
1961-12-10,1961,0.0
1961-12-11,1961,0.0
1961-12-12,1961,0.0
1961-12-13,1961,0.0
1961-12-14,1961,0.0
1961-12-15,1961,0.0
1961-12-16,1961,0.0
1961-12-17,1961,0.1
1961-12-18,1961,0.1
1961-12-19,1961,0.0
1961-12-20,1961,0.0
1961-12-21,1961,0.0
1961-12-22,1961,0.0
1961-12-23,1961,0.0
1961-12-24,1961,0.0
1961-12-26,1961,0.0
1961-12-27,1961,0.0
1961-12-28,1961,0.0
1961-12-30,1961,10.1
1961-12-31,1961,1.8
1962-01-02,1962,0.0
1962-01-04,1962,0.3
1962-01-05,1962,0.0
1962-01-06,1962,0.0
1962-01-07,1962,0.0
1962-01-09,1962,0.0
1962-01-10,1962,0.0
1962-01-11,1962,0.0
1962-01-12,1962,0.0
1962-01-14,1962,0.0
1962-01-15,1962,0.0
1962-01-16,1962,0.0
1962-01-18,1962,3.0
1962-01-19,1962,3.9
1962-01-20,1962,0.0
1962-01-21,1962,0.0
1962-01-22,1962,0.0
1962-01-23,1962,0.0
1962-01-24,1962,0.0
1962-01-25,1962,0.0
1962-01-26,1962,0.0
1962-01-27,1962,0.0
1962-01-28,1962,0.0
1962-01-29,1962,0.0
1962-01-30,1962,0.0
1962-01-31,1962,0.0
1962-02-01,1962,0.0
1962-02-02,1962,0.0
1962-02-03,1962,0.0
1962-02-04,1962,0.0
1962-02-05,1962,0.0
1962-02-06,1962,0.0
1962-02-07,1962,0.0
1962-02-08,1962,0.0
1962-02-09,1962,0.0
1962-02-11,1962,0.0
1962-02-13,1962,0.6
1962-02-14,1962,4.7
1962-02-15,1962,0.0
1962-02-16,1962,0.0
1962-02-17,1962,0.0
1962-02-18,1962,0.0
1962-02-19,1962,0.0
1962-02-20,1962,0.0
1962-02-21,1962,0.0
1962-02-22,1962,0.0
1962-02-23,1962,0.0
1962-02-24,1962,0.0
1962-02-25,1962,9.3
1962-02-26,1962,45.0
1962-02-27,1962,22.9
1962-03-01,1962,1.0
1962-03-02,1962,0.0
1962-03-03,1962,0.0
1962-03-04,1962,0.0
1962-03-05,1962,0.0
1962-03-06,1962,0.0
1962-03-07,1962,0.0
1962-03-08,1962,1.1
1962-03-12,1962,0.0
1962-03-13,1962,0.0
1962-03-14,1962,0.0
1962-03-15,1962,0.0
1962-03-16,1962,0.0
1962-03-17,1962,0.7
1962-03-21,1962,4.4
1962-03-22,1962,1.3
1962-03-23,1962,1.1
1962-03-25,1962,0.0
1962-03-26,1962,0.0
1962-03-27,1962,0.0
1962-03-29,1962,0.8
1962-03-30,1962,0.0
1962-03-31,1962,0.0
1962-04-02,1962,0.0
1962-04-03,1962,3.6
1962-04-04,1962,9.4
1962-04-05,1962,0.5
1962-04-08,1962,0.0
1962-04-09,1962,0.0
1962-04-10,1962,0.7
1962-04-13,1962,3.2
1962-04-14,1962,0.9
1962-04-15,1962,1.9
1962-04-16,1962,4.0
1962-04-17,1962,25.8
1962-04-18,1962,0.0
1962-04-19,1962,0.0
1962-04-20,1962,0.0
1962-04-21,1962,0.0
1962-04-22,1962,0.0
1962-04-23,1962,0.0
1962-04-25,1962,0.6
1962-04-26,1962,0.0
1962-04-27,1962,0.0
1962-05-01,1962,0.0
1962-05-02,1962,0.4
1962-05-04,1962,0.0
1962-05-06,1962,4.9
1962-05-07,1962,0.0
1962-05-08,1962,0.0
1962-05-09,1962,0.0
1962-05-10,1962,8.5
1962-05-12,1962,0.0
1962-05-13,1962,0.8
1962-05-14,1962,0.0
1962-05-15,1962,1.6
1962-05-16,1962,0.2
1962-05-17,1962,0.0
1962-05-19,1962,1.0
1962-05-20,1962,2.7
1962-05-21,1962,0.0
1962-05-22,1962,0.0
1962-05-23,1962,0.0
1962-05-24,1962,3.9
1962-05-25,1962,31.0
1962-05-26,1962,114.2
1962-05-29,1962,6.5
1962-05-30,1962,8.3
1962-05-31,1962,0.7
1962-06-01,1962,6.2
1962-06-02,1962,1.1
1962-06-03,1962,0.0
1962-06-04,1962,0.0
1962-06-06,1962,25.1
1962-06-07,1962,84.4
1962-06-08,1962,78.7
1962-06-09,1962,29.4
1962-06-10,1962,32.1
1962-06-11,1962,20.7
1962-06-12,1962,3.4
1962-06-13,1962,14.6
1962-06-14,1962,69.7
1962-06-15,1962,3.8
1962-06-16,1962,43.1
1962-06-17,1962,35.1
1962-06-18,1962,15.5
1962-06-19,1962,6.7
1962-06-20,1962,8.2
1962-06-21,1962,2.2
1962-06-22,1962,2.2
1962-06-23,1962,4.1
1962-06-24,1962,0.0
1962-06-25,1962,0.1
1962-06-26,1962,0.1
1962-06-28,1962,0.2
1962-06-29,1962,6.4
1962-06-30,1962,11.8
1962-07-02,1962,4.1
1962-07-03,1962,9.6
1962-07-04,1962,0.0
1962-07-05,1962,0.0
1962-07-06,1962,0.0
1962-07-07,1962,0.0
1962-07-08,1962,0.4
1962-07-09,1962,0.0
1962-07-10,1962,1.2
1962-07-11,1962,7.9
1962-07-12,1962,5.0
1962-07-14,1962,2.2
1962-07-15,1962,1.7
1962-07-16,1962,0.0
1962-07-17,1962,1.0
1962-07-18,1962,0.3
1962-07-19,1962,1.2
1962-07-20,1962,0.0
1962-07-21,1962,10.7
1962-07-22,1962,24.2
1962-07-23,1962,0.0
1962-07-24,1962,0.0
1962-07-25,1962,42.4
1962-07-26,1962,31.3
1962-07-27,1962,5.7
1962-07-29,1962,0.0
1962-07-30,1962,0.0
1962-07-31,1962,8.9
1962-08-01,1962,0.0
1962-08-02,1962,0.0
1962-08-03,1962,0.0
1962-08-04,1962,5.1
1962-08-05,1962,0.0
1962-08-07,1962,1.7
1962-08-08,1962,15.0
1962-08-09,1962,2.9
1962-08-10,1962,25.1
1962-08-11,1962,12.3
1962-08-12,1962,0.0
1962-08-13,1962,0.0
1962-08-14,1962,0.0
1962-08-15,1962,0.1
1962-08-16,1962,0.0
1962-08-17,1962,0.0
1962-08-18,1962,0.0
1962-08-19,1962,0.0
1962-08-21,1962,0.0
1962-08-22,1962,0.0
1962-08-23,1962,0.0
1962-08-24,1962,0.0
1962-08-25,1962,0.0
1962-08-26,1962,0.0
1962-08-27,1962,0.0
1962-08-28,1962,0.3
1962-08-29,1962,0.0
1962-08-30,1962,0.0
1962-08-31,1962,22.3
1962-09-01,1962,203.0
1962-09-02,1962,37.5
1962-09-03,1962,30.5
1962-09-04,1962,7.1
1962-09-05,1962,0.0
1962-09-06,1962,0.0
1962-09-07,1962,0.0
1962-09-08,1962,1.8
1962-09-09,1962,89.2
1962-09-10,1962,32.0
1962-09-12,1962,0.0
1962-09-13,1962,0.0
1962-09-14,1962,0.5
1962-09-15,1962,17.9
1962-09-16,1962,15.8
1962-09-17,1962,1.2
1962-09-18,1962,0.0
1962-09-19,1962,0.0
1962-09-20,1962,0.0
1962-09-21,1962,6.3
1962-09-22,1962,0.9
1962-09-23,1962,12.3
1962-09-24,1962,0.0
1962-09-26,1962,0.0
1962-09-28,1962,0.0
1962-09-29,1962,0.0
1962-10-02,1962,0.0
1962-10-03,1962,4.0
1962-10-04,1962,21.9
1962-10-05,1962,13.3
1962-10-06,1962,97.7
1962-10-07,1962,0.3
1962-10-08,1962,0.2
1962-10-09,1962,0.0
1962-10-10,1962,0.0
1962-10-11,1962,0.0
1962-10-12,1962,0.0
1962-10-13,1962,0.0
1962-10-14,1962,29.2
1962-10-15,1962,0.1
1962-10-17,1962,0.0
1962-10-18,1962,0.0
1962-10-20,1962,0.0
1962-10-21,1962,0.0
1962-10-22,1962,0.0
1962-10-23,1962,0.0
1962-10-24,1962,0.0
1962-10-25,1962,0.0
1962-10-26,1962,0.0
1962-10-28,1962,0.0
1962-10-29,1962,0.0
1962-10-30,1962,0.0
1962-10-31,1962,1.6
1962-11-01,1962,20.6
1962-11-02,1962,0.2
1962-11-03,1962,3.0
1962-11-04,1962,0.0
1962-11-05,1962,0.0
1962-11-06,1962,0.0
1962-11-07,1962,0.0
1962-11-08,1962,0.0
1962-11-11,1962,6.7
1962-11-12,1962,2.8
1962-11-13,1962,0.1
1962-11-14,1962,0.0
1962-11-15,1962,0.0
1962-11-16,1962,0.0
1962-11-17,1962,0.0
1962-11-18,1962,0.0
1962-11-19,1962,0.0
1962-11-20,1962,0.0
1962-11-21,1962,0.0
1962-11-22,1962,0.0
1962-11-23,1962,0.0
1962-11-28,1962,0.4
1962-11-29,1962,0.0
1962-11-30,1962,0.0
1962-12-01,1962,0.0
1962-12-02,1962,0.0
1962-12-03,1962,0.0
1962-12-04,1962,0.0
1962-12-05,1962,0.0
1962-12-06,1962,0.0
1962-12-07,1962,0.0
1962-12-08,1962,0.0
1962-12-09,1962,0.0
1962-12-10,1962,0.0
1962-12-11,1962,0.0
1962-12-12,1962,0.0
1962-12-13,1962,0.0
1962-12-14,1962,0.0
1962-12-18,1962,0.0
1962-12-19,1962,0.0
1962-12-20,1962,0.0
1962-12-22,1962,0.0
1962-12-23,1962,0.0
1962-12-24,1962,0.0
1962-12-25,1962,0.0
1962-12-26,1962,0.0
1962-12-27,1962,0.0
1962-12-28,1962,0.0
1962-12-30,1962,0.0
1962-12-31,1962,0.0
1963-01-01,1963,2.8
1963-01-02,1963,2.1
1963-01-03,1963,0.0
1963-01-04,1963,4.9
1963-01-05,1963,0.0
1963-01-06,1963,0.0
1963-01-07,1963,0.0
1963-01-08,1963,0.0
1963-01-09,1963,0.0
1963-01-10,1963,0.0
1963-01-11,1963,0.0
1963-01-12,1963,0.0
1963-01-13,1963,0.0
1963-01-14,1963,0.0
1963-01-15,1963,0.0
1963-01-16,1963,0.0
1963-01-17,1963,0.0
1963-01-18,1963,0.0
1963-01-19,1963,0.0
1963-01-20,1963,0.0
1963-01-21,1963,0.0
1963-01-22,1963,0.0
1963-01-23,1963,0.0
1963-01-24,1963,0.0
1963-01-25,1963,0.0
1963-01-26,1963,0.0
1963-01-27,1963,0.0
1963-01-28,1963,0.0
1963-01-29,1963,0.0
1963-01-30,1963,0.0
1963-01-31,1963,0.0
1963-02-01,1963,0.0
1963-02-02,1963,0.0
1963-02-03,1963,0.0
1963-02-04,1963,0.0
1963-02-05,1963,0.0
1963-02-07,1963,0.0
1963-02-08,1963,0.3
1963-02-11,1963,0.2
1963-02-12,1963,0.2
1963-02-13,1963,0.8
1963-02-14,1963,0.0
1963-02-16,1963,0.0
1963-02-17,1963,0.0
1963-02-18,1963,0.0
1963-02-19,1963,0.0
1963-02-22,1963,0.0
1963-02-23,1963,0.0
1963-02-24,1963,0.0
1963-02-25,1963,0.0
1963-02-26,1963,0.0
1963-02-27,1963,0.0
1963-02-28,1963,0.0
1963-03-01,1963,0.0
1963-03-02,1963,0.0
1963-03-03,1963,0.0
1963-03-04,1963,0.0
1963-03-08,1963,0.0
1963-03-09,1963,0.0
1963-03-15,1963,0.5
1963-03-16,1963,0.2
1963-03-17,1963,0.0
1963-03-18,1963,0.0
1963-03-19,1963,0.0
1963-03-20,1963,0.0
1963-03-21,1963,0.7
1963-03-22,1963,3.1
1963-03-23,1963,0.0
1963-03-25,1963,0.0
1963-03-26,1963,3.6
1963-03-27,1963,0.5
1963-03-28,1963,0.6
1963-03-29,1963,0.0
1963-03-30,1963,0.0
1963-03-31,1963,0.0
1963-04-01,1963,0.0
1963-04-03,1963,0.0
1963-04-04,1963,0.0
1963-04-05,1963,0.0
1963-04-06,1963,0.0
1963-04-08,1963,0.0
1963-04-09,1963,0.0
1963-04-10,1963,0.0
1963-04-11,1963,0.0
1963-04-12,1963,1.2
1963-04-13,1963,0.0
1963-04-14,1963,10.8
1963-04-18,1963,0.0
1963-04-19,1963,0.0
1963-04-20,1963,0.0
1963-04-21,1963,0.0
1963-04-22,1963,0.0
1963-04-23,1963,0.0
1963-04-24,1963,0.0
1963-04-25,1963,1.2
1963-04-26,1963,0.2
1963-04-27,1963,0.2
1963-04-29,1963,0.0
1963-04-30,1963,0.0
1963-05-01,1963,0.0
1963-05-02,1963,0.0
1963-05-04,1963,0.0
1963-05-05,1963,0.0
1963-05-06,1963,0.0
1963-05-07,1963,0.0
1963-05-08,1963,0.0
1963-05-09,1963,0.0
1963-05-10,1963,0.0
1963-05-11,1963,0.0
1963-05-12,1963,0.0
1963-05-13,1963,0.0
1963-05-14,1963,0.0
1963-05-15,1963,1.5
1963-05-16,1963,0.0
1963-05-17,1963,0.0
1963-05-18,1963,0.0
1963-05-19,1963,0.0
1963-05-20,1963,0.0
1963-05-21,1963,0.0
1963-05-22,1963,0.0
1963-05-23,1963,0.0
1963-05-24,1963,0.0
1963-05-25,1963,0.0
1963-05-26,1963,0.2
1963-05-27,1963,3.8
1963-05-28,1963,0.0
1963-05-30,1963,0.0
1963-05-31,1963,0.5
1963-06-01,1963,0.0
1963-06-03,1963,23.6
1963-06-04,1963,31.9
1963-06-06,1963,0.0
1963-06-08,1963,0.0
1963-06-09,1963,0.4
1963-06-10,1963,30.3
1963-06-11,1963,0.0
1963-06-12,1963,0.0
1963-06-13,1963,0.0
1963-06-14,1963,34.3
1963-06-15,1963,33.3
1963-06-16,1963,0.9
1963-06-17,1963,0.9
1963-06-18,1963,6.5
1963-06-19,1963,0.2
1963-06-20,1963,1.0
1963-06-21,1963,5.0
1963-06-23,1963,0.0
1963-06-25,1963,19.0
1963-06-26,1963,12.6
1963-06-27,1963,3.8
1963-06-28,1963,1.0
1963-06-29,1963,0.0
1963-07-01,1963,14.0
1963-07-02,1963,38.2
1963-07-03,1963,7.8
1963-07-04,1963,12.3
1963-07-06,1963,0.1
1963-07-08,1963,14.4
1963-07-09,1963,8.1
1963-07-10,1963,20.8
1963-07-11,1963,13.7
1963-07-12,1963,7.6
1963-07-13,1963,3.8
1963-07-14,1963,10.9
1963-07-15,1963,0.0
1963-07-16,1963,0.0
1963-07-17,1963,0.0
1963-07-18,1963,3.2
1963-07-19,1963,71.9
1963-07-20,1963,5.9
1963-07-21,1963,15.5
1963-07-22,1963,61.5
1963-07-23,1963,12.7
1963-07-25,1963,0.0
1963-07-26,1963,0.0
1963-07-27,1963,0.0
1963-07-28,1963,0.0
1963-07-29,1963,0.0
1963-07-30,1963,0.0
1963-07-31,1963,1.2
1963-08-01,1963,3.6
1963-08-02,1963,9.8
1963-08-03,1963,0.0
1963-08-04,1963,0.0
1963-08-05,1963,0.0
1963-08-06,1963,0.0
1963-08-07,1963,0.2
1963-08-08,1963,9.6
1963-08-09,1963,35.3
1963-08-10,1963,27.3
1963-08-11,1963,1.9
1963-08-12,1963,13.1
1963-08-13,1963,3.2
1963-08-14,1963,0.0
1963-08-15,1963,7.6
1963-08-16,1963,8.6
1963-08-17,1963,7.1
1963-08-18,1963,0.1
1963-08-19,1963,0.0
1963-08-20,1963,0.0
1963-08-21,1963,0.0
1963-08-22,1963,2.6
1963-08-23,1963,9.2
1963-08-24,1963,0.4
1963-08-25,1963,0.0
1963-08-26,1963,0.0
1963-08-27,1963,0.0
1963-08-28,1963,0.0
1963-08-29,1963,40.4
1963-08-30,1963,2.1
1963-08-31,1963,0.0
1963-09-01,1963,0.0
1963-09-02,1963,0.0
1963-09-03,1963,0.0
1963-09-04,1963,0.0
1963-09-05,1963,1.9
1963-09-06,1963,22.7
1963-09-07,1963,14.8
1963-09-08,1963,1.6
1963-09-09,1963,0.0
1963-09-10,1963,0.0
1963-09-11,1963,0.0
1963-09-12,1963,0.0
1963-09-13,1963,0.0
1963-09-14,1963,10.6
1963-09-15,1963,13.3
1963-09-16,1963,4.7
1963-09-17,1963,0.4
1963-09-18,1963,11.5
1963-09-20,1963,0.0
1963-09-21,1963,0.0
1963-09-25,1963,0.2
1963-09-26,1963,0.5
1963-09-28,1963,0.8
1963-09-30,1963,0.0
1963-10-01,1963,0.0
1963-10-02,1963,16.2
1963-10-03,1963,0.0
1963-10-04,1963,0.0
1963-10-05,1963,0.0
1963-10-06,1963,0.0
1963-10-08,1963,0.0
1963-10-09,1963,0.0
1963-10-10,1963,0.3
1963-10-11,1963,1.7
1963-10-14,1963,1.8
1963-10-15,1963,0.0
1963-10-17,1963,0.0
1963-10-18,1963,0.0
1963-10-19,1963,0.0
1963-10-20,1963,0.0
1963-10-21,1963,0.0
1963-10-22,1963,0.0
1963-10-23,1963,0.0
1963-10-24,1963,0.0
1963-10-25,1963,0.0
1963-10-26,1963,0.0
1963-10-28,1963,11.5
1963-10-29,1963,3.6
1963-10-30,1963,0.0
1963-10-31,1963,0.0
1963-11-01,1963,0.0
1963-11-02,1963,0.0
1963-11-03,1963,0.0
1963-11-04,1963,0.0
1963-11-05,1963,0.0
1963-11-06,1963,0.0
1963-11-07,1963,0.0
1963-11-10,1963,0.0
1963-11-11,1963,0.0
1963-11-12,1963,0.5
1963-11-13,1963,0.2
1963-11-14,1963,14.9
1963-11-15,1963,9.3
1963-11-16,1963,0.2
1963-11-18,1963,5.6
1963-11-19,1963,0.1
1963-11-20,1963,0.0
1963-11-21,1963,0.0
1963-11-23,1963,0.0
1963-11-24,1963,0.7
1963-11-27,1963,0.0
1963-11-28,1963,0.0
1963-11-30,1963,0.1
1963-12-01,1963,0.0
1963-12-02,1963,0.0
1963-12-03,1963,0.0
1963-12-04,1963,0.0
1963-12-05,1963,0.0
1963-12-06,1963,0.0
1963-12-08,1963,0.0
1963-12-10,1963,0.6
1963-12-11,1963,0.3
1963-12-12,1963,0.0
1963-12-13,1963,0.0
1963-12-14,1963,0.0
1963-12-17,1963,0.0
1963-12-18,1963,0.0
1963-12-19,1963,0.0
1963-12-20,1963,0.0
1963-12-21,1963,0.0
1963-12-22,1963,0.0
1963-12-23,1963,0.0
1963-12-24,1963,0.0
1963-12-25,1963,0.0
1963-12-26,1963,0.0
1963-12-27,1963,0.0
1963-12-28,1963,0.0
1963-12-29,1963,0.0
1963-12-30,1963,0.0
1964-01-01,1964,1.7
1964-01-02,1964,30.8
1964-01-03,1964,0.0
1964-01-05,1964,0.0
1964-01-06,1964,0.2
1964-01-07,1964,0.0
1964-01-08,1964,0.0
1964-01-09,1964,0.0
1964-01-13,1964,0.0
1964-01-16,1964,14.2
1964-01-17,1964,3.0
1964-01-18,1964,0.1
1964-01-19,1964,0.0
1964-01-20,1964,0.0
1964-01-21,1964,2.4
1964-01-23,1964,22.7
1964-01-24,1964,0.0
1964-01-25,1964,1.0
1964-01-26,1964,5.2
1964-01-27,1964,16.1
1964-01-29,1964,2.2
1964-01-31,1964,1.0
1964-02-01,1964,0.2
1964-02-02,1964,0.0
1964-02-03,1964,0.0
1964-02-04,1964,0.0
1964-02-05,1964,0.0
1964-02-06,1964,0.0
1964-02-07,1964,0.1
1964-02-09,1964,0.0
1964-02-11,1964,0.0
1964-02-13,1964,0.2
1964-02-14,1964,0.0
1964-02-15,1964,0.2
1964-02-16,1964,0.3
1964-02-17,1964,3.9
1964-02-19,1964,2.2
1964-02-20,1964,0.4
1964-02-21,1964,2.8
1964-02-22,1964,0.8
1964-02-23,1964,0.0
1964-02-24,1964,0.0
1964-02-25,1964,0.0
1964-02-26,1964,0.0
1964-02-27,1964,0.0
1964-02-28,1964,0.0
1964-02-29,1964,0.0
1964-03-01,1964,0.0
1964-03-02,1964,0.0
1964-03-04,1964,11.3
1964-03-06,1964,20.7
1964-03-08,1964,0.0
1964-03-11,1964,0.0
1964-03-12,1964,0.0
1964-03-13,1964,0.0
1964-03-14,1964,0.0
1964-03-15,1964,0.0
1964-03-16,1964,0.0
1964-03-17,1964,0.0
1964-03-19,1964,0.2
1964-03-20,1964,0.0
1964-03-22,1964,0.0
1964-03-25,1964,0.0
1964-03-26,1964,0.0
1964-03-27,1964,0.0
1964-03-28,1964,0.0
1964-03-29,1964,0.0
1964-03-30,1964,0.0
1964-03-31,1964,4.8
1964-04-01,1964,0.5
1964-04-03,1964,0.0
1964-04-04,1964,0.0
1964-04-05,1964,0.0
1964-04-06,1964,0.0
1964-04-10,1964,0.0
1964-04-13,1964,0.9
1964-04-14,1964,0.0
1964-04-15,1964,0.0
1964-04-19,1964,0.0
1964-04-20,1964,0.3
1964-04-22,1964,0.0
1964-04-23,1964,0.0
1964-04-24,1964,0.0
1964-04-25,1964,0.0
1964-04-27,1964,14.8
1964-04-28,1964,0.2
1964-04-29,1964,0.6
1964-04-30,1964,0.0
1964-05-01,1964,0.0
1964-05-03,1964,0.0
1964-05-04,1964,62.5
1964-05-05,1964,0.0
1964-05-06,1964,1.0
1964-05-07,1964,0.1
1964-05-09,1964,0.0
1964-05-10,1964,0.5
1964-05-11,1964,41.9
1964-05-12,1964,0.6
1964-05-13,1964,0.0
1964-05-14,1964,0.0
1964-05-15,1964,0.0
1964-05-16,1964,0.0
1964-05-17,1964,0.0
1964-05-18,1964,0.5
1964-05-19,1964,0.0
1964-05-20,1964,0.0
1964-05-21,1964,0.0
1964-05-22,1964,5.0
1964-05-23,1964,0.4
1964-05-24,1964,0.0
1964-05-25,1964,0.0
1964-05-26,1964,0.4
1964-05-27,1964,27.7
1964-05-28,1964,248.5
1964-05-29,1964,20.8
1964-05-30,1964,3.2
1964-05-31,1964,0.0
1964-06-01,1964,3.6
1964-06-02,1964,13.7
1964-06-03,1964,41.9
1964-06-04,1964,0.8
1964-06-05,1964,0.1
1964-06-06,1964,0.0
1964-06-07,1964,12.1
1964-06-08,1964,5.8
1964-06-09,1964,7.6
1964-06-10,1964,1.2
1964-06-11,1964,39.4
1964-06-12,1964,31.3
1964-06-13,1964,6.7
1964-06-14,1964,0.7
1964-06-15,1964,19.2
1964-06-16,1964,0.0
1964-06-17,1964,3.7
1964-06-18,1964,1.9
1964-06-19,1964,8.0
1964-06-20,1964,0.8
1964-06-21,1964,8.3
1964-06-22,1964,3.2
1964-06-23,1964,22.5
1964-06-24,1964,0.5
1964-06-25,1964,5.2
1964-06-26,1964,12.0
1964-06-27,1964,9.4
1964-06-28,1964,3.3
1964-06-29,1964,0.5
1964-06-30,1964,0.5
1964-07-01,1964,25.3
1964-07-02,1964,21.0
1964-07-03,1964,0.6
1964-07-04,1964,0.0
1964-07-05,1964,0.0
1964-07-06,1964,0.0
1964-07-07,1964,0.0
1964-07-08,1964,0.0
1964-07-09,1964,0.0
1964-07-10,1964,0.3
1964-07-11,1964,1.3
1964-07-12,1964,0.0
1964-07-13,1964,0.0
1964-07-14,1964,0.4
1964-07-15,1964,6.0
1964-07-16,1964,6.8
1964-07-18,1964,1.5
1964-07-19,1964,1.9
1964-07-20,1964,0.0
1964-07-21,1964,32.6
1964-07-22,1964,0.4
1964-07-23,1964,0.0
1964-07-24,1964,0.0
1964-07-25,1964,0.0
1964-07-26,1964,5.5
1964-07-27,1964,0.0
1964-07-28,1964,0.0
1964-07-29,1964,0.0
1964-07-30,1964,0.0
1964-07-31,1964,0.0
1964-08-01,1964,0.9
1964-08-02,1964,15.3
1964-08-03,1964,6.9
1964-08-04,1964,10.8
1964-08-05,1964,2.7
1964-08-06,1964,5.4
1964-08-07,1964,0.0
1964-08-08,1964,69.7
1964-08-09,1964,47.0
1964-08-10,1964,13.5
1964-08-11,1964,14.7
1964-08-12,1964,3.4
1964-08-13,1964,6.5
1964-08-14,1964,12.6
1964-08-15,1964,34.0
1964-08-16,1964,72.7
1964-08-17,1964,22.0
1964-08-18,1964,12.6
1964-08-19,1964,0.0
1964-08-20,1964,12.9
1964-08-21,1964,30.4
1964-08-22,1964,10.1
1964-08-23,1964,13.8
1964-08-24,1964,3.2
1964-08-25,1964,0.0
1964-08-26,1964,0.0
1964-08-27,1964,0.0
1964-08-28,1964,0.5
1964-08-29,1964,11.6
1964-08-30,1964,4.4
1964-08-31,1964,7.5
1964-09-01,1964,8.3
1964-09-02,1964,0.0
1964-09-03,1964,0.0
1964-09-04,1964,6.9
1964-09-05,1964,170.5
1964-09-06,1964,14.1
1964-09-07,1964,0.0
1964-09-08,1964,0.0
1964-09-09,1964,2.6
1964-09-10,1964,56.8
1964-09-11,1964,120.2
1964-09-12,1964,1.6
1964-09-13,1964,0.0
1964-09-14,1964,0.0
1964-09-15,1964,2.6
1964-09-16,1964,11.0
1964-09-17,1964,16.5
1964-09-18,1964,1.0
1964-09-19,1964,5.3
1964-09-20,1964,19.7
1964-09-21,1964,13.9
1964-09-22,1964,12.1
1964-09-23,1964,0.8
1964-09-24,1964,19.5
1964-09-25,1964,6.8
1964-09-26,1964,0.0
1964-09-27,1964,5.0
1964-09-28,1964,8.3
1964-09-29,1964,0.0
1964-09-30,1964,15.0
1964-10-01,1964,39.2
1964-10-02,1964,12.5
1964-10-04,1964,0.0
1964-10-05,1964,0.0
1964-10-06,1964,0.7
1964-10-07,1964,23.7
1964-10-08,1964,0.4
1964-10-09,1964,0.6
1964-10-10,1964,0.4
1964-10-11,1964,0.0
1964-10-12,1964,84.6
1964-10-13,1964,246.5
1964-10-14,1964,0.1
1964-10-15,1964,0.0
1964-10-16,1964,0.0
1964-10-17,1964,0.1
1964-10-18,1964,25.2
1964-10-19,1964,2.0
1964-10-21,1964,0.0
1964-10-22,1964,8.8
1964-10-23,1964,55.1
1964-10-24,1964,0.9
1964-10-25,1964,0.0
1964-10-27,1964,0.2
1964-10-28,1964,2.3
1964-10-29,1964,11.2
1964-10-30,1964,0.3
1964-10-31,1964,0.0
1964-11-01,1964,1.9
1964-11-02,1964,1.8
1964-11-03,1964,0.4
1964-11-04,1964,0.0
1964-11-05,1964,0.0
1964-11-08,1964,0.0
1964-11-09,1964,0.0
1964-11-10,1964,0.0
1964-11-11,1964,0.0
1964-11-12,1964,0.0
1964-11-13,1964,0.0
1964-11-14,1964,0.0
1964-11-15,1964,0.0
1964-11-16,1964,0.0
1964-11-18,1964,0.0
1964-11-19,1964,0.0
1964-11-20,1964,0.0
1964-11-21,1964,0.0
1964-11-22,1964,0.0
1964-11-23,1964,0.0
1964-11-24,1964,0.0
1964-11-25,1964,0.0
1964-11-26,1964,0.0
1964-11-27,1964,0.0
1964-11-28,1964,0.0
1964-11-29,1964,0.0
1964-11-30,1964,0.0
1964-12-01,1964,0.0
1964-12-03,1964,0.0
1964-12-04,1964,0.0
1964-12-05,1964,0.0
1964-12-06,1964,0.0
1964-12-07,1964,0.0
1964-12-08,1964,0.0
1964-12-09,1964,0.0
1964-12-10,1964,0.0
1964-12-11,1964,0.0
1964-12-12,1964,0.0
1964-12-13,1964,0.0
1964-12-14,1964,0.0
1964-12-15,1964,0.0
1964-12-16,1964,0.0
1964-12-17,1964,0.0
1964-12-18,1964,0.0
1964-12-19,1964,0.0
1964-12-20,1964,0.0
1964-12-21,1964,0.0
1964-12-22,1964,0.0
1964-12-23,1964,0.0
1964-12-24,1964,0.0
1964-12-25,1964,0.5
1964-12-26,1964,0.7
1964-12-27,1964,0.5
1964-12-28,1964,1.2
1964-12-29,1964,0.1
1964-12-30,1964,0.0
1964-12-31,1964,0.0
1965-01-01,1965,0.0
1965-01-02,1965,0.0
1965-01-03,1965,0.0
1965-01-04,1965,0.0
1965-01-05,1965,0.0
1965-01-06,1965,3.1
1965-01-07,1965,10.4
1965-01-08,1965,0.0
1965-01-09,1965,0.0
1965-01-10,1965,0.0
1965-01-11,1965,0.0
1965-01-12,1965,0.0
1965-01-13,1965,0.0
1965-01-14,1965,0.0
1965-01-15,1965,0.0
1965-01-16,1965,0.0
1965-01-17,1965,0.0
1965-01-18,1965,0.0
1965-01-19,1965,0.0
1965-01-20,1965,0.0
1965-01-21,1965,0.0
1965-01-22,1965,0.0
1965-01-23,1965,0.0
1965-01-24,1965,0.0
1965-01-25,1965,0.0
1965-01-26,1965,0.0
1965-01-27,1965,0.0
1965-01-28,1965,0.0
1965-01-29,1965,0.0
1965-02-01,1965,0.0
1965-02-02,1965,0.0
1965-02-03,1965,0.0
1965-02-04,1965,0.1
1965-02-05,1965,8.0
1965-02-06,1965,0.1
1965-02-09,1965,0.0
1965-02-10,1965,0.0
1965-02-11,1965,0.0
1965-02-12,1965,1.0
1965-02-13,1965,0.0
1965-02-14,1965,0.0
1965-02-15,1965,0.0
1965-02-16,1965,0.0
1965-02-17,1965,0.0
1965-02-18,1965,0.0
1965-02-19,1965,0.0
1965-02-20,1965,0.0
1965-02-22,1965,0.0
1965-02-24,1965,0.0
1965-02-25,1965,0.3
1965-02-26,1965,6.6
1965-02-27,1965,0.2
1965-02-28,1965,0.0
1965-03-01,1965,0.0
1965-03-02,1965,0.0
1965-03-04,1965,5.9
1965-03-06,1965,1.2
1965-03-08,1965,0.0
1965-03-09,1965,0.0
1965-03-10,1965,0.0
1965-03-11,1965,0.0
1965-03-13,1965,0.0
1965-03-14,1965,0.0
1965-03-16,1965,0.0
1965-03-17,1965,0.0
1965-03-18,1965,0.0
1965-03-19,1965,0.0
1965-03-20,1965,0.0
1965-03-23,1965,0.0
1965-03-24,1965,0.0
1965-03-25,1965,0.0
1965-03-26,1965,1.3
1965-03-27,1965,0.6
1965-04-01,1965,0.0
1965-04-02,1965,1.3
1965-04-03,1965,6.5
1965-04-05,1965,4.6
1965-04-06,1965,28.4
1965-04-07,1965,4.1
1965-04-09,1965,0.0
1965-04-10,1965,2.5
1965-04-11,1965,0.5
1965-04-12,1965,0.9
1965-04-13,1965,0.0
1965-04-14,1965,0.0
1965-04-17,1965,1.6
1965-04-18,1965,0.0
1965-04-19,1965,0.0
1965-04-20,1965,2.5
1965-04-21,1965,30.9
1965-04-22,1965,0.4
1965-04-24,1965,54.2
1965-04-25,1965,22.1
1965-04-26,1965,0.4
1965-04-28,1965,92.3
1965-05-01,1965,26.9
1965-05-02,1965,9.3
1965-05-03,1965,0.0
1965-05-04,1965,0.0
1965-05-06,1965,0.8
1965-05-08,1965,2.1
1965-05-09,1965,1.0
1965-05-10,1965,3.5
1965-05-11,1965,78.0
1965-05-12,1965,0.7
1965-05-13,1965,4.7
1965-05-15,1965,2.9
1965-05-16,1965,18.3
1965-05-18,1965,0.0
1965-05-19,1965,0.0
1965-05-21,1965,0.0
1965-05-22,1965,6.0
1965-05-23,1965,0.6
1965-05-24,1965,0.0
1965-05-25,1965,8.7
1965-05-26,1965,0.0
1965-05-27,1965,0.0
1965-05-28,1965,0.0
1965-05-29,1965,0.2
1965-05-30,1965,0.0
1965-05-31,1965,0.0
1965-06-01,1965,0.0
1965-06-02,1965,0.0
1965-06-04,1965,0.5
1965-06-05,1965,0.2
1965-06-06,1965,0.1
1965-06-07,1965,4.8
1965-06-09,1965,0.3
1965-06-10,1965,1.1
1965-06-11,1965,6.1
1965-06-12,1965,4.0
1965-06-13,1965,3.9
1965-06-14,1965,48.0
1965-06-15,1965,46.4
1965-06-16,1965,4.3
1965-06-17,1965,0.8
1965-06-18,1965,54.6
1965-06-20,1965,9.8
1965-06-21,1965,3.1
1965-06-22,1965,3.6
1965-06-23,1965,37.1
1965-06-25,1965,0.3
1965-06-26,1965,26.0
1965-06-27,1965,14.7
1965-06-28,1965,30.0
1965-06-29,1965,31.0
1965-06-30,1965,0.0
1965-07-01,1965,0.5
1965-07-03,1965,6.5
1965-07-04,1965,30.5
1965-07-07,1965,0.2
1965-07-10,1965,8.2
1965-07-12,1965,1.4
1965-07-13,1965,2.8
1965-07-14,1965,41.9
1965-07-15,1965,20.1
1965-07-16,1965,7.6
1965-07-17,1965,4.8
1965-07-18,1965,0.0
1965-07-20,1965,0.0
1965-07-21,1965,1.9
1965-07-22,1965,16.9
1965-07-23,1965,81.4
1965-07-24,1965,0.3
1965-07-25,1965,0.0
1965-07-26,1965,0.0
1965-07-27,1965,2.8
1965-07-28,1965,104.3
1965-07-29,1965,0.3
1965-07-30,1965,3.8
1965-07-31,1965,6.5
1965-08-01,1965,1.2
1965-08-02,1965,4.9
1965-08-03,1965,4.5
1965-08-04,1965,3.7
1965-08-05,1965,7.1
1965-08-06,1965,43.0
1965-08-07,1965,11.4
1965-08-08,1965,1.5
1965-08-10,1965,0.0
1965-08-11,1965,0.0
1965-08-12,1965,0.0
1965-08-13,1965,0.0
1965-08-14,1965,15.9
1965-08-15,1965,5.6
1965-08-16,1965,15.5
1965-08-17,1965,24.5
1965-08-18,1965,0.0
1965-08-19,1965,0.0
1965-08-20,1965,0.0
1965-08-21,1965,0.0
1965-08-22,1965,0.0
1965-08-23,1965,21.3
1965-08-24,1965,0.0
1965-08-26,1965,10.2
1965-08-27,1965,0.0
1965-08-28,1965,0.0
1965-08-29,1965,0.0
1965-08-30,1965,0.0
1965-08-31,1965,0.0
1965-09-01,1965,0.0
1965-09-02,1965,2.5
1965-09-03,1965,2.5
1965-09-05,1965,19.7
1965-09-06,1965,8.8
1965-09-08,1965,104.9
1965-09-09,1965,26.7
1965-09-10,1965,1.0
1965-09-11,1965,84.0
1965-09-13,1965,13.7
1965-09-14,1965,1.0
1965-09-15,1965,0.0
1965-09-16,1965,0.0
1965-09-17,1965,0.0
1965-09-18,1965,0.0
1965-09-19,1965,0.0
1965-09-20,1965,0.0
1965-09-21,1965,0.0
1965-09-23,1965,6.2
1965-09-25,1965,0.0
1965-09-26,1965,72.0
1965-09-27,1965,325.5
1965-09-28,1965,16.0
1965-09-29,1965,54.4
1965-09-30,1965,59.5
1965-10-01,1965,6.8
1965-10-02,1965,2.7
1965-10-03,1965,2.3
1965-10-04,1965,14.3
1965-10-06,1965,2.1
1965-10-07,1965,32.7
1965-10-08,1965,29.5
1965-10-09,1965,5.7
1965-10-10,1965,0.6
1965-10-11,1965,0.0
1965-10-12,1965,0.0
1965-10-13,1965,0.0
1965-10-14,1965,0.0
1965-10-15,1965,0.0
1965-10-16,1965,0.0
1965-10-17,1965,0.0
1965-10-18,1965,0.0
1965-10-19,1965,0.2
1965-10-20,1965,0.0
1965-10-21,1965,0.0
1965-10-22,1965,0.0
1965-10-24,1965,0.0
1965-10-26,1965,2.9
1965-10-27,1965,5.7
1965-10-28,1965,5.5
1965-10-29,1965,45.3
1965-10-31,1965,0.0
1965-11-01,1965,0.2
1965-11-02,1965,0.0
1965-11-04,1965,0.4
1965-11-05,1965,0.0
1965-11-06,1965,0.0
1965-11-08,1965,0.0
1965-11-10,1965,40.4
1965-11-11,1965,9.7
1965-11-12,1965,34.5
1965-11-13,1965,8.9
1965-11-16,1965,0.0
1965-11-17,1965,0.0
1965-11-20,1965,1.0
1965-11-21,1965,1.4
1965-11-22,1965,0.0
1965-11-23,1965,0.0
1965-11-24,1965,0.2
1965-11-25,1965,0.0
1965-11-26,1965,0.0
1965-11-27,1965,0.0
1965-11-28,1965,0.0
1965-11-29,1965,0.0
1965-11-30,1965,0.0
1965-12-01,1965,0.0
1965-12-02,1965,0.0
1965-12-06,1965,0.5
1965-12-08,1965,0.0
1965-12-09,1965,0.0
1965-12-10,1965,0.0
1965-12-11,1965,0.0
1965-12-12,1965,0.0
1965-12-15,1965,0.0
1965-12-19,1965,0.3
1965-12-20,1965,0.4
1965-12-22,1965,0.0
1965-12-23,1965,0.0
1965-12-24,1965,0.0
1965-12-27,1965,0.6
1965-12-28,1965,0.0
1965-12-29,1965,0.0
1965-12-30,1965,0.0
1965-12-31,1965,0.0
1966-01-01,1966,0.0
1966-01-02,1966,0.0
1966-01-04,1966,0.0
1966-01-05,1966,0.0
1966-01-06,1966,0.0
1966-01-07,1966,0.0
1966-01-08,1966,0.0
1966-01-09,1966,0.0
1966-01-10,1966,0.0
1966-01-11,1966,0.0
1966-01-12,1966,0.0
1966-01-13,1966,0.0
1966-01-16,1966,0.0
1966-01-17,1966,0.0
1966-01-21,1966,0.0
1966-01-25,1966,0.0
1966-01-26,1966,0.0
1966-01-27,1966,0.0
1966-01-28,1966,0.0
1966-01-31,1966,0.0
1966-02-01,1966,0.0
1966-02-02,1966,0.0
1966-02-03,1966,0.0
1966-02-05,1966,8.0
1966-02-06,1966,0.0
1966-02-07,1966,0.0
1966-02-08,1966,0.0
1966-02-09,1966,0.0
1966-02-11,1966,0.0
1966-02-12,1966,0.2
1966-02-14,1966,0.0
1966-02-15,1966,0.0
1966-02-16,1966,0.0
1966-02-17,1966,0.0
1966-02-18,1966,0.0
1966-02-19,1966,0.0
1966-02-20,1966,0.0
1966-02-22,1966,49.5
1966-02-23,1966,7.1
1966-02-24,1966,0.6
1966-02-25,1966,18.2
1966-02-26,1966,16.8
1966-03-01,1966,0.0
1966-03-02,1966,0.0
1966-03-03,1966,45.0
1966-03-06,1966,0.0
1966-03-07,1966,0.1
1966-03-09,1966,0.0
1966-03-10,1966,0.0
1966-03-11,1966,0.0
1966-03-12,1966,0.0
1966-03-13,1966,0.0
1966-03-14,1966,0.0
1966-03-15,1966,0.0
1966-03-16,1966,0.0
1966-03-18,1966,22.3
1966-03-19,1966,0.0
1966-03-20,1966,1.6
1966-03-22,1966,1.1
1966-03-23,1966,0.6
1966-03-24,1966,15.4
1966-03-25,1966,23.2
1966-03-27,1966,0.2
1966-03-29,1966,4.4
1966-03-30,1966,2.2
1966-04-01,1966,5.5
1966-04-02,1966,0.2
1966-04-04,1966,190.2
1966-04-05,1966,5.5
1966-04-09,1966,0.0
1966-04-10,1966,0.0
1966-04-13,1966,0.0
1966-04-14,1966,0.0
1966-04-15,1966,0.0
1966-04-16,1966,31.5
1966-04-17,1966,0.8
1966-04-18,1966,1.6
1966-04-19,1966,1.3
1966-04-21,1966,46.7
1966-04-25,1966,0.0
1966-04-27,1966,1.0
1966-04-28,1966,1.8
1966-04-29,1966,48.4
1966-04-30,1966,2.5
1966-05-02,1966,0.2
1966-05-03,1966,2.5
1966-05-04,1966,0.0
1966-05-05,1966,0.0
1966-05-07,1966,0.0
1966-05-09,1966,0.8
1966-05-10,1966,10.8
1966-05-12,1966,0.1
1966-05-13,1966,0.3
1966-05-14,1966,11.4
1966-05-15,1966,2.3
1966-05-16,1966,89.2
1966-05-17,1966,0.0
1966-05-18,1966,0.0
1966-05-19,1966,0.0
1966-05-21,1966,0.0
1966-05-23,1966,0.0
1966-05-24,1966,0.0
1966-05-25,1966,0.0
1966-05-26,1966,0.0
1966-05-27,1966,0.0
1966-05-29,1966,15.3
1966-05-30,1966,7.2
1966-05-31,1966,0.3
1966-06-02,1966,9.5
1966-06-03,1966,1.8
1966-06-04,1966,98.7
1966-06-05,1966,3.0
1966-06-06,1966,6.8
1966-06-07,1966,37.2
1966-06-08,1966,36.8
1966-06-09,1966,53.8
1966-06-10,1966,58.0
1966-06-11,1966,77.8
1966-06-12,1966,382.6
1966-06-13,1966,33.7
1966-06-14,1966,0.7
1966-06-15,1966,31.4
1966-06-17,1966,8.2
1966-06-18,1966,12.2
1966-06-19,1966,0.7
1966-06-20,1966,52.2
1966-06-21,1966,1.4
1966-06-22,1966,23.4
1966-06-23,1966,30.0
1966-06-25,1966,0.8
1966-06-26,1966,0.0
1966-06-28,1966,1.7
1966-06-29,1966,0.1
1966-06-30,1966,0.4
1966-07-01,1966,14.8
1966-07-02,1966,58.0
1966-07-03,1966,17.1
1966-07-04,1966,1.6
1966-07-05,1966,1.3
1966-07-07,1966,0.1
1966-07-08,1966,0.4
1966-07-09,1966,0.0
1966-07-10,1966,0.0
1966-07-11,1966,0.0
1966-07-12,1966,0.8
1966-07-13,1966,69.9
1966-07-14,1966,90.1
1966-07-15,1966,30.9
1966-07-16,1966,0.0
1966-07-17,1966,43.2
1966-07-18,1966,4.9
1966-07-19,1966,0.0
1966-07-21,1966,17.9
1966-07-22,1966,10.9
1966-07-23,1966,1.3
1966-07-24,1966,14.5
1966-07-25,1966,28.9
1966-07-26,1966,28.1
1966-07-27,1966,1.0
1966-07-28,1966,0.0
1966-07-29,1966,0.0
1966-07-30,1966,36.9
1966-07-31,1966,1.1
1966-08-01,1966,28.1
1966-08-02,1966,3.5
1966-08-03,1966,0.5
1966-08-04,1966,0.0
1966-08-05,1966,0.0
1966-08-06,1966,0.0
1966-08-07,1966,0.0
1966-08-08,1966,3.1
1966-08-10,1966,0.0
1966-08-11,1966,0.0
1966-08-12,1966,0.0
1966-08-15,1966,0.0
1966-08-16,1966,31.5
1966-08-18,1966,125.9
1966-08-19,1966,11.9
1966-08-20,1966,13.7
1966-08-21,1966,0.1
1966-08-22,1966,0.0
1966-08-23,1966,0.0
1966-08-24,1966,0.0
1966-08-25,1966,0.0
1966-08-26,1966,0.0
1966-08-27,1966,0.0
1966-08-28,1966,0.0
1966-08-29,1966,0.0
1966-09-01,1966,9.4
1966-09-02,1966,11.4
1966-09-03,1966,0.3
1966-09-04,1966,0.0
1966-09-05,1966,3.0
1966-09-06,1966,0.0
1966-09-07,1966,0.0
1966-09-09,1966,0.0
1966-09-11,1966,0.0
1966-09-13,1966,0.0
1966-09-14,1966,0.0
1966-09-16,1966,0.0
1966-09-17,1966,0.0
1966-09-18,1966,0.0
1966-09-19,1966,0.0
1966-09-20,1966,0.0
1966-09-21,1966,0.0
1966-09-22,1966,0.0
1966-09-23,1966,0.0
1966-09-24,1966,0.0
1966-09-25,1966,0.0
1966-09-26,1966,0.0
1966-09-27,1966,0.0
1966-09-28,1966,0.0
1966-09-29,1966,0.0
1966-09-30,1966,0.0
1966-10-01,1966,0.0
1966-10-02,1966,0.0
1966-10-04,1966,0.0
1966-10-05,1966,0.0
1966-10-06,1966,0.0
1966-10-07,1966,0.0
1966-10-08,1966,0.0
1966-10-09,1966,0.0
1966-10-10,1966,0.0
1966-10-11,1966,0.0
1966-10-12,1966,0.0
1966-10-13,1966,0.0
1966-10-14,1966,4.2
1966-10-15,1966,1.0
1966-10-16,1966,0.0
1966-10-17,1966,0.0
1966-10-18,1966,0.0
1966-10-20,1966,0.0
1966-10-21,1966,0.0
1966-10-22,1966,0.0
1966-10-25,1966,3.0
1966-10-26,1966,0.2
1966-10-27,1966,1.1
1966-10-29,1966,0.0
1966-10-30,1966,0.0
1966-10-31,1966,0.0
1966-11-01,1966,0.0
1966-11-02,1966,0.0
1966-11-03,1966,0.0
1966-11-04,1966,0.0
1966-11-05,1966,0.0
1966-11-06,1966,0.0
1966-11-07,1966,0.0
1966-11-08,1966,0.0
1966-11-10,1966,0.0
1966-11-11,1966,5.0
1966-11-12,1966,2.7
1966-11-16,1966,2.5
1966-11-17,1966,0.9
1966-11-20,1966,0.0
1966-11-21,1966,0.0
1966-11-22,1966,0.0
1966-11-23,1966,0.0
1966-11-25,1966,0.0
1966-11-26,1966,0.0
1966-11-28,1966,0.0
1966-11-29,1966,0.0
1966-11-30,1966,0.0
1966-12-01,1966,0.0
1966-12-02,1966,0.0
1966-12-03,1966,0.0
1966-12-05,1966,0.0
1966-12-08,1966,0.0
1966-12-09,1966,0.0
1966-12-10,1966,0.0
1966-12-11,1966,0.0
1966-12-12,1966,0.0
1966-12-13,1966,0.0
1966-12-17,1966,3.7
1966-12-18,1966,0.7
1966-12-22,1966,0.2
1966-12-23,1966,0.1
1966-12-24,1966,0.0
1966-12-25,1966,0.0
1966-12-26,1966,0.0
1966-12-27,1966,0.0
1966-12-28,1966,0.0
1966-12-29,1966,0.0
1967-01-01,1967,0.0
1967-01-02,1967,0.0
1967-01-03,1967,0.0
1967-01-04,1967,0.0
1967-01-05,1967,0.0
1967-01-06,1967,0.0
1967-01-07,1967,0.0
1967-01-10,1967,0.0
1967-01-11,1967,0.0
1967-01-12,1967,0.0
1967-01-13,1967,0.0
1967-01-14,1967,0.0
1967-01-16,1967,0.0
1967-01-17,1967,0.0
1967-01-18,1967,0.0
1967-01-19,1967,0.0
1967-01-20,1967,0.0
1967-01-23,1967,0.7
1967-01-24,1967,0.9
1967-01-25,1967,0.7
1967-01-27,1967,0.0
1967-01-29,1967,1.4
1967-01-30,1967,4.6
1967-02-01,1967,2.5
1967-02-02,1967,11.5
1967-02-03,1967,0.0
1967-02-04,1967,0.0
1967-02-05,1967,0.0
1967-02-06,1967,0.0
1967-02-07,1967,9.3
1967-02-10,1967,5.7
1967-02-11,1967,0.2
1967-02-12,1967,0.0
1967-02-13,1967,0.0
1967-02-14,1967,0.0
1967-02-15,1967,0.0
1967-02-17,1967,0.0
1967-02-18,1967,0.0
1967-02-22,1967,0.0
1967-02-24,1967,1.6
1967-02-25,1967,0.2
1967-02-26,1967,0.0
1967-02-28,1967,7.4
1967-03-02,1967,1.4
1967-03-05,1967,0.3
1967-03-06,1967,0.0
1967-03-07,1967,0.0
1967-03-08,1967,0.0
1967-03-09,1967,0.0
1967-03-10,1967,0.0
1967-03-11,1967,0.0
1967-03-12,1967,0.0
1967-03-13,1967,0.0
1967-03-14,1967,0.0
1967-03-15,1967,0.0
1967-03-16,1967,0.0
1967-03-17,1967,0.0
1967-03-18,1967,0.0
1967-03-21,1967,0.0
1967-03-23,1967,0.6
1967-03-24,1967,0.2
1967-03-26,1967,0.0
1967-03-27,1967,0.0
1967-03-28,1967,0.0
1967-03-30,1967,0.0
1967-04-01,1967,88.4
1967-04-02,1967,128.1
1967-04-03,1967,0.0
1967-04-04,1967,9.5
1967-04-05,1967,4.0
1967-04-06,1967,0.5
1967-04-07,1967,0.2
1967-04-08,1967,0.0
1967-04-09,1967,0.0
1967-04-10,1967,0.0
1967-04-11,1967,0.0
1967-04-15,1967,0.0
1967-04-16,1967,0.0
1967-04-19,1967,6.7
1967-04-20,1967,0.0
1967-04-21,1967,0.0
1967-04-22,1967,0.0
1967-04-24,1967,1.7
1967-04-26,1967,0.0
1967-04-28,1967,4.7
1967-04-29,1967,0.0
1967-04-30,1967,0.0
1967-05-01,1967,0.0
1967-05-02,1967,0.0
1967-05-03,1967,0.0
1967-05-04,1967,0.0
1967-05-05,1967,4.1
1967-05-08,1967,0.0
1967-05-09,1967,0.0
1967-05-12,1967,0.7
1967-05-15,1967,0.2
1967-05-16,1967,0.0
1967-05-17,1967,0.0
1967-05-18,1967,0.0
1967-05-19,1967,0.0
1967-05-20,1967,1.2
1967-05-22,1967,2.8
1967-05-24,1967,0.0
1967-05-25,1967,0.8
1967-05-26,1967,5.3
1967-05-27,1967,11.9
1967-05-28,1967,0.1
1967-05-29,1967,1.5
1967-05-30,1967,0.1
1967-06-01,1967,6.7
1967-06-02,1967,124.4
1967-06-03,1967,9.0
1967-06-04,1967,26.7
1967-06-05,1967,1.8
1967-06-06,1967,0.0
1967-06-08,1967,0.0
1967-06-09,1967,67.0
1967-06-10,1967,8.8
1967-06-11,1967,0.0
1967-06-12,1967,0.0
1967-06-13,1967,0.0
1967-06-14,1967,0.0
1967-06-15,1967,0.0
1967-06-16,1967,0.0
1967-06-18,1967,3.9
1967-06-19,1967,0.1
1967-06-20,1967,0.3
1967-06-21,1967,1.0
1967-06-24,1967,2.2
1967-06-25,1967,0.0
1967-06-26,1967,9.8
1967-06-27,1967,40.0
1967-06-28,1967,2.4
1967-06-29,1967,0.0
1967-06-30,1967,53.0
1967-07-01,1967,4.9
1967-07-02,1967,11.7
1967-07-03,1967,4.6
1967-07-05,1967,0.0
1967-07-07,1967,0.0
1967-07-08,1967,0.4
1967-07-10,1967,0.0
1967-07-11,1967,0.0
1967-07-12,1967,0.0
1967-07-13,1967,8.7
1967-07-14,1967,117.3
1967-07-15,1967,1.2
1967-07-16,1967,0.0
1967-07-17,1967,0.0
1967-07-18,1967,0.0
1967-07-19,1967,0.0
1967-07-24,1967,3.9
1967-07-25,1967,0.7
1967-07-26,1967,0.0
1967-07-27,1967,0.0
1967-07-28,1967,0.7
1967-07-30,1967,0.0
1967-07-31,1967,0.0
1967-08-01,1967,9.5
1967-08-02,1967,33.3
1967-08-03,1967,5.5
1967-08-05,1967,0.0
1967-08-07,1967,0.5
1967-08-08,1967,0.0
1967-08-09,1967,0.5
1967-08-10,1967,26.8
1967-08-11,1967,16.2
1967-08-12,1967,31.0
1967-08-13,1967,85.9
1967-08-14,1967,17.2
1967-08-15,1967,6.1
1967-08-16,1967,61.6
1967-08-17,1967,67.3
1967-08-18,1967,0.1
1967-08-19,1967,1.8
1967-08-20,1967,3.4
1967-08-21,1967,126.0
1967-08-22,1967,62.4
1967-08-25,1967,0.0
1967-08-26,1967,1.1
1967-08-27,1967,0.0
1967-08-28,1967,0.0
1967-08-29,1967,0.0
1967-08-30,1967,0.1
1967-08-31,1967,0.4
1967-09-02,1967,0.0
1967-09-03,1967,0.0
1967-09-04,1967,0.4
1967-09-05,1967,7.9
1967-09-06,1967,66.2
1967-09-07,1967,0.6
1967-09-08,1967,0.0
1967-09-09,1967,0.0
1967-09-10,1967,0.0
1967-09-11,1967,0.0
1967-09-12,1967,29.0
1967-09-13,1967,5.3
1967-09-14,1967,0.2
1967-09-15,1967,0.0
1967-09-16,1967,0.0
1967-09-17,1967,0.0
1967-09-18,1967,0.0
1967-09-19,1967,0.0
1967-09-20,1967,0.0
1967-09-21,1967,0.0
1967-09-22,1967,0.2
1967-09-23,1967,0.2
1967-09-24,1967,2.2
1967-09-25,1967,5.3
1967-09-26,1967,0.0
1967-09-27,1967,0.0
1967-09-28,1967,0.0
1967-09-29,1967,0.0
1967-09-30,1967,0.0
1967-10-01,1967,0.0
1967-10-02,1967,0.0
1967-10-03,1967,0.0
1967-10-04,1967,0.0
1967-10-05,1967,0.0
1967-10-06,1967,7.3
1967-10-07,1967,1.0
1967-10-08,1967,0.0
1967-10-09,1967,0.0
1967-10-10,1967,0.0
1967-10-11,1967,0.0
1967-10-12,1967,0.0
1967-10-13,1967,0.0
1967-10-14,1967,6.2
1967-10-15,1967,7.5
1967-10-16,1967,0.0
1967-10-17,1967,0.0
1967-10-18,1967,4.0
1967-10-21,1967,0.0
1967-10-22,1967,0.0
1967-10-23,1967,0.0
1967-10-24,1967,0.0
1967-10-25,1967,0.0
1967-10-26,1967,0.0
1967-10-27,1967,0.0
1967-10-28,1967,0.0
1967-10-29,1967,0.0
1967-10-30,1967,0.0
1967-10-31,1967,0.0
1967-11-01,1967,0.0
1967-11-06,1967,1.7
1967-11-07,1967,21.5
1967-11-08,1967,0.7
1967-11-10,1967,5.7
1967-11-11,1967,2.9
1967-11-12,1967,0.9
1967-11-14,1967,0.0
1967-11-15,1967,0.3
1967-11-16,1967,3.1
1967-11-17,1967,0.0
1967-11-18,1967,0.0
1967-11-19,1967,0.0
1967-11-24,1967,0.2
1967-11-26,1967,0.0
1967-11-27,1967,0.0
1967-12-03,1967,0.0
1967-12-05,1967,0.0
1967-12-06,1967,0.0
1967-12-07,1967,0.0
1967-12-08,1967,0.0
1967-12-11,1967,0.0
1967-12-12,1967,0.0
1967-12-14,1967,0.0
1967-12-15,1967,0.0
1967-12-17,1967,0.0
1967-12-18,1967,0.0
1967-12-19,1967,0.0
1967-12-20,1967,0.0
1967-12-22,1967,0.0
1967-12-23,1967,0.0
1967-12-25,1967,0.1
1967-12-26,1967,0.0
1967-12-27,1967,0.0
1967-12-28,1967,0.2
1967-12-29,1967,0.2
1968-01-02,1968,0.0
1968-01-03,1968,0.0
1968-01-04,1968,0.0
1968-01-05,1968,0.0
1968-01-06,1968,0.4
1968-01-07,1968,0.1
1968-01-10,1968,0.0
1968-01-11,1968,0.0
1968-01-12,1968,0.0
1968-01-13,1968,0.0
1968-01-14,1968,0.0
1968-01-15,1968,0.0
1968-01-16,1968,0.0
1968-01-17,1968,0.0
1968-01-18,1968,0.6
1968-01-19,1968,1.5
1968-01-21,1968,0.0
1968-01-22,1968,0.0
1968-01-23,1968,0.0
1968-01-24,1968,0.0
1968-01-25,1968,0.0
1968-01-27,1968,0.0
1968-01-28,1968,0.0
1968-01-30,1968,0.0
1968-01-31,1968,2.9
1968-02-01,1968,14.2
1968-02-02,1968,9.8
1968-02-03,1968,3.4
1968-02-04,1968,0.2
1968-02-05,1968,0.9
1968-02-06,1968,7.8
1968-02-07,1968,10.1
1968-02-08,1968,0.6
1968-02-10,1968,0.0
1968-02-11,1968,0.0
1968-02-12,1968,0.0
1968-02-13,1968,0.0
1968-02-14,1968,9.8
1968-02-15,1968,0.0
1968-02-17,1968,1.9
1968-02-18,1968,0.1
1968-02-19,1968,1.4
1968-02-20,1968,0.2
1968-02-21,1968,0.4
1968-02-23,1968,1.6
1968-02-24,1968,0.5
1968-02-25,1968,0.4
1968-02-26,1968,0.6
1968-02-27,1968,38.0
1968-02-29,1968,0.0
1968-03-01,1968,0.0
1968-03-03,1968,0.0
1968-03-04,1968,0.0
1968-03-05,1968,0.0
1968-03-08,1968,0.0
1968-03-09,1968,0.0
1968-03-10,1968,0.0
1968-03-12,1968,0.0
1968-03-13,1968,0.0
1968-03-14,1968,0.0
1968-03-15,1968,0.0
1968-03-20,1968,0.2
1968-03-21,1968,0.0
1968-03-23,1968,3.8
1968-03-24,1968,16.6
1968-03-25,1968,51.0
1968-03-26,1968,17.1
1968-03-27,1968,13.7
1968-03-28,1968,18.3
1968-03-29,1968,19.9
1968-03-30,1968,0.1
1968-04-03,1968,2.7
1968-04-04,1968,0.1
1968-04-05,1968,0.0
1968-04-08,1968,0.0
1968-04-09,1968,0.0
1968-04-11,1968,0.7
1968-04-12,1968,0.1
1968-04-13,1968,0.0
1968-04-14,1968,0.0
1968-04-15,1968,0.0
1968-04-18,1968,0.0
1968-04-20,1968,3.0
1968-04-21,1968,0.0
1968-04-22,1968,0.0
1968-04-23,1968,0.0
1968-04-24,1968,0.0
1968-04-25,1968,0.0
1968-04-26,1968,0.3
1968-04-27,1968,0.0
1968-04-28,1968,0.0
1968-04-29,1968,0.0
1968-05-03,1968,0.0
1968-05-04,1968,0.2
1968-05-05,1968,2.0
1968-05-07,1968,0.0
1968-05-09,1968,6.2
1968-05-11,1968,0.0
1968-05-12,1968,0.0
1968-05-14,1968,7.6
1968-05-15,1968,2.5
1968-05-16,1968,0.1
1968-05-18,1968,55.7
1968-05-19,1968,15.9
1968-05-20,1968,32.7
1968-05-22,1968,22.4
1968-05-23,1968,27.7
1968-05-24,1968,5.5
1968-05-25,1968,47.3
1968-05-26,1968,23.5
1968-05-28,1968,5.1
1968-05-29,1968,1.2
1968-05-30,1968,5.6
1968-05-31,1968,3.8
1968-06-01,1968,23.1
1968-06-02,1968,4.8
1968-06-04,1968,0.0
1968-06-05,1968,0.0
1968-06-08,1968,7.6
1968-06-09,1968,31.3
1968-06-10,1968,22.7
1968-06-12,1968,126.2
1968-06-13,1968,200.0
1968-06-14,1968,2.4
1968-06-16,1968,0.0
1968-06-17,1968,0.4
1968-06-18,1968,0.9
1968-06-19,1968,104.1
1968-06-20,1968,5.8
1968-06-21,1968,1.0
1968-06-22,1968,9.8
1968-06-23,1968,73.5
1968-06-24,1968,6.0
1968-06-25,1968,2.3
1968-06-28,1968,6.8
1968-06-29,1968,2.4
1968-06-30,1968,16.7
1968-07-01,1968,6.0
1968-07-02,1968,15.2
1968-07-03,1968,109.5
1968-07-04,1968,96.2
1968-07-05,1968,21.5
1968-07-06,1968,1.2
1968-07-07,1968,1.3
1968-07-09,1968,0.3
1968-07-10,1968,5.8
1968-07-13,1968,3.4
1968-07-14,1968,0.7
1968-07-15,1968,0.0
1968-07-16,1968,0.0
1968-07-19,1968,0.0
1968-07-20,1968,0.6
1968-07-21,1968,0.0
1968-07-24,1968,0.0
1968-07-25,1968,0.0
1968-07-26,1968,0.4
1968-07-27,1968,10.0
1968-07-28,1968,0.0
1968-07-29,1968,0.0
1968-07-30,1968,0.0
1968-07-31,1968,0.0
1968-08-01,1968,0.0
1968-08-02,1968,0.1
1968-08-03,1968,2.8
1968-08-04,1968,5.6
1968-08-05,1968,63.8
1968-08-06,1968,73.1
1968-08-07,1968,47.3
1968-08-08,1968,52.9
1968-08-09,1968,2.9
1968-08-10,1968,0.0
1968-08-11,1968,1.8
1968-08-12,1968,37.8
1968-08-13,1968,0.0
1968-08-14,1968,3.4
1968-08-15,1968,0.0
1968-08-17,1968,7.3
1968-08-18,1968,1.7
1968-08-19,1968,0.0
1968-08-20,1968,15.0
1968-08-21,1968,165.1
1968-08-22,1968,77.8
1968-08-23,1968,0.4
1968-08-25,1968,9.5
1968-08-26,1968,0.1
1968-08-27,1968,0.0
1968-08-28,1968,0.0
1968-08-29,1968,105.8
1968-08-30,1968,3.3
1968-08-31,1968,4.7
1968-09-02,1968,15.1
1968-09-03,1968,4.4
1968-09-04,1968,0.0
1968-09-05,1968,0.0
1968-09-07,1968,1.1
1968-09-08,1968,43.6
1968-09-09,1968,8.0
1968-09-10,1968,3.8
1968-09-11,1968,0.0
1968-09-12,1968,0.0
1968-09-13,1968,4.4
1968-09-14,1968,0.0
1968-09-15,1968,0.0
1968-09-16,1968,0.0
1968-09-19,1968,0.1
1968-09-22,1968,0.0
1968-09-23,1968,0.0
1968-09-25,1968,0.0
1968-09-26,1968,0.0
1968-09-28,1968,0.1
1968-09-29,1968,0.0
1968-09-30,1968,0.3
1968-10-01,1968,1.6
1968-10-03,1968,0.0
1968-10-06,1968,17.7
1968-10-07,1968,8.0
1968-10-09,1968,0.0
1968-10-10,1968,0.4
1968-10-11,1968,0.2
1968-10-12,1968,0.7
1968-10-13,1968,9.9
1968-10-14,1968,8.7
1968-10-15,1968,0.7
1968-10-17,1968,3.8
1968-10-18,1968,1.7
1968-10-19,1968,0.0
1968-10-20,1968,0.0
1968-10-21,1968,0.0
1968-10-22,1968,0.0
1968-10-23,1968,0.0
1968-10-24,1968,0.0
1968-10-25,1968,0.0
1968-10-26,1968,0.0
1968-10-27,1968,0.0
1968-10-28,1968,0.0
1968-10-29,1968,0.0
1968-10-30,1968,0.0
1968-11-01,1968,0.0
1968-11-02,1968,0.0
1968-11-03,1968,0.0
1968-11-04,1968,0.5
1968-11-05,1968,1.7
1968-11-06,1968,0.0
1968-11-08,1968,4.7
1968-11-10,1968,0.0
1968-11-13,1968,0.0
1968-11-15,1968,0.0
1968-11-16,1968,0.0
1968-11-18,1968,0.0
1968-11-19,1968,0.0
1968-11-20,1968,0.0
1968-11-21,1968,0.0
1968-11-22,1968,0.0
1968-11-23,1968,0.0
1968-11-24,1968,0.0
1968-11-25,1968,0.0
1968-11-26,1968,0.0
1968-11-27,1968,0.0
1968-11-28,1968,0.1
1968-11-29,1968,0.0
1968-11-30,1968,0.0
1968-12-02,1968,2.4
1968-12-03,1968,0.8
1968-12-04,1968,0.0
1968-12-05,1968,0.0
1968-12-07,1968,0.0
1968-12-09,1968,3.5
1968-12-10,1968,4.2
1968-12-11,1968,0.0
1968-12-12,1968,0.0
1968-12-15,1968,0.0
1968-12-18,1968,1.5
1968-12-19,1968,2.0
1968-12-20,1968,6.4
1968-12-22,1968,0.9
1968-12-23,1968,0.0
1968-12-24,1968,0.0
1968-12-26,1968,0.9
1968-12-28,1968,1.4
1968-12-29,1968,0.0
1968-12-30,1968,0.0
1968-12-31,1968,0.8
1969-01-01,1969,0.0
1969-01-03,1969,1.8
1969-01-04,1969,1.2
1969-01-05,1969,3.3
1969-01-06,1969,0.0
1969-01-08,1969,0.0
1969-01-09,1969,0.0
1969-01-11,1969,0.0
1969-01-12,1969,0.8
1969-01-13,1969,0.8
1969-01-14,1969,2.3
1969-01-16,1969,9.4
1969-01-19,1969,0.3
1969-01-20,1969,0.0
1969-01-21,1969,0.0
1969-01-24,1969,0.0
1969-01-25,1969,0.3
1969-01-27,1969,0.0
1969-01-28,1969,0.0
1969-01-30,1969,4.7
1969-01-31,1969,43.4
1969-02-01,1969,0.0
1969-02-02,1969,2.2
1969-02-03,1969,9.2
1969-02-05,1969,0.0
1969-02-06,1969,0.0
1969-02-07,1969,0.0
1969-02-08,1969,0.0
1969-02-09,1969,0.0
1969-02-10,1969,0.0
1969-02-11,1969,0.0
1969-02-14,1969,0.0
1969-02-16,1969,0.0
1969-02-17,1969,0.2
1969-02-18,1969,0.6
1969-02-19,1969,3.0
1969-02-20,1969,3.2
1969-02-21,1969,0.7
1969-02-22,1969,0.9
1969-02-24,1969,0.2
1969-02-25,1969,0.1
1969-02-26,1969,0.3
1969-02-27,1969,3.5
1969-02-28,1969,0.1
1969-03-01,1969,0.8
1969-03-02,1969,0.6
1969-03-03,1969,4.6
1969-03-04,1969,17.0
1969-03-05,1969,6.5
1969-03-06,1969,0.9
1969-03-09,1969,30.9
1969-03-10,1969,1.3
1969-03-11,1969,17.4
1969-03-12,1969,0.0
1969-03-13,1969,0.1
1969-03-14,1969,0.0
1969-03-15,1969,0.0
1969-03-16,1969,0.0
1969-03-17,1969,0.0
1969-03-21,1969,0.1
1969-03-22,1969,0.5
1969-03-23,1969,0.0
1969-03-24,1969,0.0
1969-03-25,1969,0.0
1969-03-26,1969,0.0
1969-03-28,1969,0.0
1969-03-29,1969,0.3
1969-03-30,1969,5.7
1969-04-01,1969,1.2
1969-04-02,1969,2.2
1969-04-04,1969,4.2
1969-04-06,1969,0.0
1969-04-07,1969,0.0
1969-04-08,1969,0.0
1969-04-09,1969,0.0
1969-04-10,1969,0.0
1969-04-12,1969,2.2
1969-04-13,1969,12.7
1969-04-14,1969,28.4
1969-04-15,1969,83.7
1969-04-16,1969,15.5
1969-04-18,1969,0.3
1969-04-23,1969,0.0
1969-04-24,1969,0.0
1969-04-25,1969,0.0
1969-04-29,1969,0.0
1969-04-30,1969,0.0
1969-05-01,1969,0.0
1969-05-04,1969,0.0
1969-05-05,1969,0.0
1969-05-08,1969,0.0
1969-05-10,1969,0.0
1969-05-12,1969,0.0
1969-05-13,1969,8.7
1969-05-14,1969,20.3
1969-05-15,1969,32.1
1969-05-17,1969,0.0
1969-05-20,1969,10.3
1969-05-21,1969,7.0
1969-05-22,1969,3.4
1969-05-23,1969,1.2
1969-05-24,1969,50.2
1969-05-25,1969,1.1
1969-05-26,1969,65.5
1969-05-27,1969,10.0
1969-05-28,1969,0.0
1969-05-29,1969,0.0
1969-05-30,1969,0.0
1969-06-02,1969,0.1
1969-06-03,1969,116.9
1969-06-04,1969,1.3
1969-06-05,1969,134.6
1969-06-06,1969,43.1
1969-06-07,1969,28.4
1969-06-08,1969,4.4
1969-06-09,1969,7.6
1969-06-10,1969,2.8
1969-06-11,1969,29.4
1969-06-12,1969,1.2
1969-06-13,1969,0.5
1969-06-14,1969,0.0
1969-06-15,1969,0.0
1969-06-16,1969,0.0
1969-06-17,1969,1.1
1969-06-18,1969,8.7
1969-06-19,1969,9.8
1969-06-20,1969,0.7
1969-06-21,1969,4.9
1969-06-22,1969,1.5
1969-06-24,1969,0.0
1969-06-26,1969,0.3
1969-06-27,1969,1.2
1969-06-28,1969,2.2
1969-06-30,1969,0.0
1969-07-01,1969,2.5
1969-07-02,1969,13.0
1969-07-03,1969,15.4
1969-07-04,1969,2.3
1969-07-05,1969,2.9
1969-07-06,1969,7.7
1969-07-07,1969,1.3
1969-07-08,1969,14.1
1969-07-09,1969,2.5
1969-07-10,1969,1.4
1969-07-11,1969,27.7
1969-07-12,1969,0.1
1969-07-13,1969,2.5
1969-07-14,1969,10.9
1969-07-16,1969,0.4
1969-07-17,1969,0.9
1969-07-18,1969,39.5
1969-07-19,1969,34.8
1969-07-20,1969,3.1
1969-07-22,1969,26.7
1969-07-23,1969,29.5
1969-07-24,1969,19.1
1969-07-25,1969,2.3
1969-07-26,1969,1.4
1969-07-27,1969,5.7
1969-07-28,1969,78.6
1969-07-29,1969,41.0
1969-07-30,1969,39.6
1969-07-31,1969,7.9
1969-08-01,1969,0.0
1969-08-02,1969,0.0
1969-08-03,1969,0.0
1969-08-04,1969,0.0
1969-08-05,1969,25.2
1969-08-06,1969,2.3
1969-08-07,1969,10.3
1969-08-08,1969,0.0
1969-08-09,1969,1.8
1969-08-10,1969,71.8
1969-08-11,1969,220.8
1969-08-12,1969,0.6
1969-08-13,1969,0.0
1969-08-14,1969,0.0
1969-08-15,1969,0.0
1969-08-16,1969,1.8
1969-08-18,1969,0.0
1969-08-19,1969,0.0
1969-08-20,1969,0.0
1969-08-21,1969,0.0
1969-08-22,1969,0.0
1969-08-23,1969,0.0
1969-08-24,1969,0.0
1969-08-25,1969,0.0
1969-08-26,1969,0.1
1969-08-27,1969,0.0
1969-08-28,1969,0.0
1969-08-29,1969,0.0
1969-08-30,1969,0.4
1969-08-31,1969,3.8
1969-09-01,1969,11.0
1969-09-02,1969,3.4
1969-09-03,1969,0.0
1969-09-04,1969,0.0
1969-09-05,1969,0.0
1969-09-06,1969,0.3
1969-09-07,1969,1.2
1969-09-08,1969,0.2
1969-09-09,1969,0.0
1969-09-10,1969,0.0
1969-09-11,1969,0.0
1969-09-13,1969,0.0
1969-09-14,1969,0.0
1969-09-15,1969,0.0
1969-09-16,1969,5.3
1969-09-17,1969,46.4
1969-09-18,1969,0.5
1969-09-19,1969,0.0
1969-09-20,1969,0.0
1969-09-21,1969,2.3
1969-09-23,1969,16.2
1969-09-24,1969,0.7
1969-09-26,1969,0.0
1969-09-28,1969,0.8
1969-09-29,1969,10.3
1969-09-30,1969,6.9
1969-10-01,1969,0.0
1969-10-02,1969,0.0
1969-10-03,1969,0.0
1969-10-04,1969,0.0
1969-10-05,1969,0.0
1969-10-06,1969,0.0
1969-10-07,1969,0.0
1969-10-08,1969,0.0
1969-10-11,1969,0.0
1969-10-12,1969,0.0
1969-10-14,1969,0.0
1969-10-15,1969,0.0
1969-10-16,1969,0.0
1969-10-17,1969,3.4
1969-10-18,1969,54.5
1969-10-20,1969,12.2
1969-10-21,1969,2.1
1969-10-22,1969,0.0
1969-10-23,1969,0.0
1969-10-24,1969,0.0
1969-10-26,1969,3.5
1969-10-27,1969,0.0
1969-10-28,1969,0.0
1969-10-29,1969,0.0
1969-10-30,1969,0.0
1969-10-31,1969,0.0
1969-11-01,1969,0.0
1969-11-02,1969,0.0
1969-11-06,1969,0.0
1969-11-07,1969,0.0
1969-11-08,1969,0.0
1969-11-09,1969,0.0
1969-11-10,1969,0.0
1969-11-11,1969,0.0
1969-11-12,1969,0.0
1969-11-13,1969,0.0
1969-11-14,1969,0.0
1969-11-16,1969,0.0
1969-11-17,1969,0.0
1969-11-18,1969,0.0
1969-11-19,1969,0.0
1969-11-21,1969,0.5
1969-11-23,1969,0.0
1969-11-24,1969,0.0
1969-11-25,1969,0.0
1969-11-26,1969,0.0
1969-11-27,1969,0.0
1969-11-28,1969,0.0
1969-11-29,1969,0.0
1969-11-30,1969,0.0
1969-12-01,1969,0.0
1969-12-02,1969,0.0
1969-12-03,1969,0.0
1969-12-04,1969,0.0
1969-12-05,1969,0.0
1969-12-07,1969,0.0
1969-12-08,1969,0.0
1969-12-09,1969,0.0
1969-12-10,1969,0.0
1969-12-11,1969,0.0
1969-12-12,1969,0.0
1969-12-13,1969,0.0
1969-12-14,1969,0.0
1969-12-15,1969,0.0
1969-12-16,1969,0.0
1969-12-17,1969,0.0
1969-12-18,1969,0.0
1969-12-19,1969,0.0
1969-12-20,1969,0.0
1969-12-21,1969,0.0
1969-12-22,1969,0.0
1969-12-23,1969,0.0
1969-12-24,1969,0.0
1969-12-25,1969,0.0
1969-12-28,1969,0.0
1969-12-29,1969,0.0
1969-12-30,1969,0.0
1969-12-31,1969,0.0
1970-01-01,1970,0.0
1970-01-02,1970,0.0
1970-01-03,1970,0.0
1970-01-04,1970,0.0
1970-01-06,1970,0.0
1970-01-07,1970,0.0
1970-01-08,1970,0.0
1970-01-09,1970,0.0
1970-01-10,1970,0.0
1970-01-11,1970,0.0
1970-01-12,1970,0.0
1970-01-14,1970,7.1
1970-01-15,1970,0.0
1970-01-16,1970,0.0
1970-01-17,1970,0.0
1970-01-18,1970,0.7
1970-01-19,1970,0.2
1970-01-20,1970,0.0
1970-01-21,1970,0.0
1970-01-22,1970,0.0
1970-01-23,1970,0.0
1970-01-27,1970,0.1
1970-01-28,1970,0.2
1970-01-29,1970,20.4
1970-01-30,1970,0.0
1970-01-31,1970,0.0
1970-02-01,1970,0.0
1970-02-02,1970,0.0
1970-02-03,1970,0.0
1970-02-04,1970,0.0
1970-02-05,1970,0.0
1970-02-07,1970,0.0
1970-02-08,1970,0.0
1970-02-09,1970,0.0
1970-02-10,1970,0.0
1970-02-11,1970,2.1
1970-02-13,1970,0.0
1970-02-14,1970,0.0
1970-02-15,1970,0.0
1970-02-16,1970,0.0
1970-02-17,1970,0.0
1970-02-18,1970,0.0
1970-02-19,1970,0.0
1970-02-20,1970,0.0
1970-02-21,1970,0.0
1970-02-22,1970,0.0
1970-02-25,1970,0.0
1970-02-26,1970,0.0
1970-02-28,1970,0.9
1970-03-01,1970,4.0
1970-03-02,1970,2.4
1970-03-03,1970,3.2
1970-03-04,1970,0.5
1970-03-06,1970,0.3
1970-03-09,1970,2.4
1970-03-10,1970,4.7
1970-03-11,1970,0.7
1970-03-12,1970,2.9
1970-03-13,1970,0.8
1970-03-14,1970,0.3
1970-03-15,1970,1.2
1970-03-16,1970,0.6
1970-03-18,1970,0.1
1970-03-19,1970,0.0
1970-03-20,1970,0.0
1970-03-21,1970,0.0
1970-03-22,1970,0.0
1970-03-23,1970,0.0
1970-03-25,1970,0.2
1970-03-26,1970,15.9
1970-03-27,1970,3.1
1970-03-28,1970,0.0
1970-03-29,1970,0.0
1970-03-30,1970,0.0
1970-04-01,1970,1.9
1970-04-02,1970,3.3
1970-04-03,1970,0.0
1970-04-04,1970,0.0
1970-04-05,1970,0.0
1970-04-06,1970,0.0
1970-04-07,1970,0.6
1970-04-08,1970,0.0
1970-04-10,1970,0.0
1970-04-11,1970,0.8
1970-04-12,1970,2.6
1970-04-13,1970,0.2
1970-04-14,1970,0.3
1970-04-15,1970,0.0
1970-04-16,1970,0.0
1970-04-17,1970,0.0
1970-04-19,1970,1.7
1970-04-23,1970,0.0
1970-04-24,1970,0.0
1970-04-25,1970,0.0
1970-04-26,1970,0.6
1970-04-27,1970,2.4
1970-04-28,1970,0.0
1970-04-29,1970,0.3
1970-05-02,1970,0.1
1970-05-04,1970,0.0
1970-05-05,1970,0.0
1970-05-06,1970,0.0
1970-05-07,1970,0.0
1970-05-08,1970,0.0
1970-05-09,1970,0.0
1970-05-10,1970,32.6
1970-05-11,1970,5.4
1970-05-12,1970,89.5
1970-05-13,1970,265.1
1970-05-14,1970,11.1
1970-05-15,1970,4.2
1970-05-16,1970,0.0
1970-05-17,1970,0.0
1970-05-18,1970,2.4
1970-05-19,1970,2.1
1970-05-20,1970,8.4
1970-05-21,1970,5.7
1970-05-22,1970,0.0
1970-05-24,1970,0.0
1970-05-25,1970,6.5
1970-05-26,1970,76.5
1970-05-27,1970,19.6
1970-05-28,1970,2.6
1970-05-29,1970,0.0
1970-05-30,1970,0.0
1970-05-31,1970,0.0
1970-06-01,1970,0.0
1970-06-03,1970,9.9
1970-06-04,1970,24.2
1970-06-05,1970,5.8
1970-06-06,1970,6.6
1970-06-07,1970,0.0
1970-06-09,1970,0.0
1970-06-10,1970,5.6
1970-06-11,1970,8.9
1970-06-12,1970,22.4
1970-06-13,1970,4.4
1970-06-14,1970,0.0
1970-06-15,1970,0.0
1970-06-16,1970,0.0
1970-06-17,1970,0.0
1970-06-18,1970,21.5
1970-06-19,1970,4.2
1970-06-20,1970,2.5
1970-06-21,1970,1.0
1970-06-22,1970,88.8
1970-06-23,1970,0.6
1970-06-24,1970,20.8
1970-06-25,1970,77.9
1970-06-26,1970,34.0
1970-06-27,1970,19.8
1970-06-28,1970,49.2
1970-06-29,1970,1.2
1970-07-01,1970,0.0
1970-07-02,1970,0.0
1970-07-03,1970,0.0
1970-07-04,1970,0.0
1970-07-05,1970,0.0
1970-07-06,1970,0.0
1970-07-09,1970,4.9
1970-07-10,1970,10.5
1970-07-11,1970,8.8
1970-07-12,1970,2.8
1970-07-13,1970,0.0
1970-07-14,1970,0.0
1970-07-15,1970,0.4
1970-07-16,1970,73.3
1970-07-17,1970,24.9
1970-07-18,1970,16.1
1970-07-19,1970,0.3
1970-07-21,1970,2.1
1970-07-22,1970,1.4
1970-07-23,1970,4.3
1970-07-24,1970,1.5
1970-07-26,1970,0.0
1970-07-27,1970,0.0
1970-07-28,1970,0.0
1970-07-29,1970,0.0
1970-07-30,1970,0.0
1970-07-31,1970,0.0
1970-08-01,1970,0.0
1970-08-02,1970,82.6
1970-08-03,1970,140.9
1970-08-04,1970,11.8
1970-08-05,1970,10.4
1970-08-06,1970,0.0
1970-08-07,1970,9.1
1970-08-08,1970,16.0
1970-08-09,1970,9.1
1970-08-10,1970,0.0
1970-08-12,1970,0.2
1970-08-13,1970,0.0
1970-08-15,1970,0.8
1970-08-16,1970,1.4
1970-08-17,1970,1.9
1970-08-18,1970,7.9
1970-08-19,1970,8.0
1970-08-20,1970,0.0
1970-08-21,1970,1.1
1970-08-22,1970,4.8
1970-08-23,1970,13.4
1970-08-24,1970,12.1
1970-08-25,1970,31.6
1970-08-26,1970,1.0
1970-08-27,1970,0.0
1970-08-28,1970,0.2
1970-08-29,1970,0.0
1970-08-31,1970,46.2
1970-09-01,1970,0.1
1970-09-03,1970,28.3
1970-09-04,1970,44.6
1970-09-05,1970,30.2
1970-09-06,1970,0.0
1970-09-07,1970,0.0
1970-09-08,1970,24.9
1970-09-09,1970,188.1
1970-09-10,1970,26.8
1970-09-11,1970,11.5
1970-09-12,1970,0.0
1970-09-13,1970,16.5
1970-09-14,1970,24.2
1970-09-15,1970,26.5
1970-09-16,1970,2.2
1970-09-17,1970,0.0
1970-09-18,1970,0.0
1970-09-19,1970,0.0
1970-09-20,1970,0.0
1970-09-21,1970,0.0
1970-09-22,1970,0.0
1970-09-23,1970,0.0
1970-09-24,1970,0.0
1970-09-25,1970,0.0
1970-09-26,1970,3.6
1970-09-27,1970,14.1
1970-09-28,1970,67.8
1970-09-29,1970,0.2
1970-09-30,1970,0.0
1970-10-01,1970,2.6
1970-10-02,1970,0.2
1970-10-03,1970,0.0
1970-10-04,1970,0.0
1970-10-05,1970,2.8
1970-10-06,1970,13.8
1970-10-07,1970,2.0
1970-10-08,1970,6.0
1970-10-09,1970,12.8
1970-10-11,1970,0.0
1970-10-12,1970,0.0
1970-10-13,1970,0.0
1970-10-16,1970,31.8
1970-10-17,1970,57.7
1970-10-18,1970,6.8
1970-10-19,1970,3.1
1970-10-21,1970,0.0
1970-10-22,1970,0.0
1970-10-23,1970,0.0
1970-10-24,1970,0.0
1970-10-26,1970,4.0
1970-10-27,1970,0.0
1970-10-28,1970,0.0
1970-10-29,1970,0.0
1970-10-30,1970,0.0
1970-10-31,1970,0.0
1970-11-01,1970,0.0
1970-11-03,1970,0.1
1970-11-04,1970,0.0
1970-11-05,1970,0.0
1970-11-06,1970,0.0
1970-11-09,1970,0.0
1970-11-10,1970,0.0
1970-11-11,1970,0.0
1970-11-12,1970,0.0
1970-11-13,1970,0.0
1970-11-14,1970,0.0
1970-11-16,1970,0.0
1970-11-17,1970,0.0
1970-11-19,1970,0.0
1970-11-20,1970,0.0
1970-11-25,1970,0.0
1970-11-26,1970,0.0
1970-11-27,1970,0.0
1970-11-28,1970,0.0
1970-12-02,1970,4.8
1970-12-03,1970,2.5
1970-12-04,1970,12.9
1970-12-05,1970,5.0
1970-12-06,1970,1.1
1970-12-09,1970,0.0
1970-12-10,1970,0.8
1970-12-11,1970,31.5
1970-12-12,1970,0.4
1970-12-13,1970,0.0
1970-12-14,1970,0.0
1970-12-15,1970,0.0
1970-12-16,1970,0.0
1970-12-17,1970,0.0
1970-12-18,1970,0.0
1970-12-19,1970,0.0
1970-12-20,1970,0.0
1970-12-21,1970,0.0
1970-12-24,1970,8.4
1970-12-25,1970,3.0
1970-12-28,1970,0.0
1970-12-29,1970,0.0
1970-12-30,1970,0.0
1970-12-31,1970,0.0
1971-01-03,1971,0.0
1971-01-04,1971,0.0
1971-01-05,1971,0.0
1971-01-06,1971,0.0
1971-01-07,1971,0.0
1971-01-08,1971,0.0
1971-01-09,1971,0.0
1971-01-10,1971,0.0
1971-01-11,1971,0.0
1971-01-12,1971,0.0
1971-01-13,1971,0.0
1971-01-14,1971,0.0
1971-01-15,1971,0.0
1971-01-16,1971,0.0
1971-01-17,1971,0.0
1971-01-18,1971,0.0
1971-01-19,1971,0.0
1971-01-20,1971,0.0
1971-01-22,1971,0.6
1971-01-23,1971,0.2
1971-01-24,1971,12.6
1971-01-25,1971,1.1
1971-01-29,1971,0.3
1971-01-30,1971,1.9
1971-01-31,1971,1.3
1971-02-03,1971,0.0
1971-02-05,1971,0.0
1971-02-07,1971,0.0
1971-02-08,1971,0.0
1971-02-10,1971,0.4
1971-02-11,1971,1.3
1971-02-12,1971,0.3
1971-02-13,1971,0.0
1971-02-14,1971,0.0
1971-02-15,1971,0.0
1971-02-16,1971,0.0
1971-02-17,1971,0.0
1971-02-18,1971,0.0
1971-02-19,1971,2.3
1971-02-23,1971,0.0
1971-02-24,1971,0.0
1971-02-26,1971,9.0
1971-02-27,1971,0.6
1971-02-28,1971,0.2
1971-03-01,1971,0.0
1971-03-02,1971,0.0
1971-03-03,1971,1.1
1971-03-06,1971,0.0
1971-03-07,1971,0.0
1971-03-10,1971,0.0
1971-03-11,1971,0.0
1971-03-12,1971,0.0
1971-03-13,1971,0.0
1971-03-14,1971,0.0
1971-03-15,1971,0.0
1971-03-16,1971,0.0
1971-03-17,1971,0.0
1971-03-18,1971,0.0
1971-03-19,1971,0.0
1971-03-20,1971,0.0
1971-03-21,1971,0.0
1971-03-22,1971,0.0
1971-03-23,1971,0.0
1971-03-24,1971,0.0
1971-03-25,1971,0.0
1971-03-26,1971,0.0
1971-03-29,1971,0.0
1971-03-30,1971,0.0
1971-03-31,1971,0.0
1971-04-01,1971,0.3
1971-04-02,1971,13.6
1971-04-03,1971,3.0
1971-04-04,1971,0.8
1971-04-05,1971,0.0
1971-04-06,1971,0.0
1971-04-07,1971,0.0
1971-04-08,1971,0.0
1971-04-09,1971,0.1
1971-04-11,1971,0.0
1971-04-13,1971,0.0
1971-04-14,1971,0.0
1971-04-15,1971,0.0
1971-04-17,1971,0.0
1971-04-20,1971,0.0
1971-04-21,1971,0.0
1971-04-25,1971,0.0
1971-04-26,1971,0.0
1971-04-27,1971,0.0
1971-04-28,1971,0.0
1971-04-29,1971,0.0
1971-04-30,1971,0.1
1971-05-01,1971,1.8
1971-05-04,1971,1.0
1971-05-05,1971,1.2
1971-05-06,1971,0.0
1971-05-08,1971,0.0
1971-05-09,1971,0.0
1971-05-10,1971,6.5
1971-05-11,1971,23.2
1971-05-12,1971,14.0
1971-05-13,1971,0.0
1971-05-14,1971,0.0
1971-05-17,1971,1.2
1971-05-19,1971,106.1
1971-05-20,1971,0.8
1971-05-21,1971,0.4
1971-05-23,1971,0.4
1971-05-26,1971,0.2
1971-05-27,1971,0.0
1971-05-28,1971,0.2
1971-05-29,1971,0.4
1971-05-30,1971,4.0
1971-05-31,1971,11.3
1971-06-01,1971,2.2
1971-06-02,1971,2.1
1971-06-03,1971,0.1
1971-06-04,1971,6.5
1971-06-05,1971,0.2
1971-06-06,1971,37.0
1971-06-07,1971,78.4
1971-06-08,1971,14.6
1971-06-09,1971,12.9
1971-06-10,1971,28.6
1971-06-11,1971,6.2
1971-06-12,1971,2.4
1971-06-13,1971,0.0
1971-06-15,1971,0.0
1971-06-16,1971,0.0
1971-06-17,1971,87.9
1971-06-18,1971,95.3
1971-06-19,1971,4.4
1971-06-20,1971,0.3
1971-06-21,1971,8.5
1971-06-22,1971,1.0
1971-06-23,1971,3.0
1971-06-24,1971,0.6
1971-06-26,1971,1.9
1971-06-27,1971,5.5
1971-06-28,1971,10.4
1971-06-29,1971,5.2
1971-06-30,1971,19.3
1971-07-01,1971,4.8
1971-07-03,1971,7.9
1971-07-04,1971,0.0
1971-07-05,1971,10.9
1971-07-06,1971,23.8
1971-07-07,1971,8.0
1971-07-08,1971,2.3
1971-07-09,1971,0.4
1971-07-10,1971,0.0
1971-07-11,1971,4.4
1971-07-12,1971,24.0
1971-07-13,1971,4.0
1971-07-14,1971,8.6
1971-07-15,1971,0.0
1971-07-16,1971,51.8
1971-07-17,1971,9.3
1971-07-18,1971,11.7
1971-07-19,1971,0.1
1971-07-20,1971,0.0
1971-07-21,1971,7.6
1971-07-22,1971,142.5
1971-07-23,1971,0.1
1971-07-25,1971,0.0
1971-07-27,1971,1.7
1971-07-28,1971,0.5
1971-07-30,1971,0.0
1971-07-31,1971,0.0
1971-08-01,1971,7.5
1971-08-02,1971,0.0
1971-08-03,1971,0.0
1971-08-04,1971,18.7
1971-08-05,1971,17.1
1971-08-06,1971,14.4
1971-08-07,1971,33.8
1971-08-08,1971,55.7
1971-08-09,1971,0.1
1971-08-10,1971,0.0
1971-08-11,1971,0.7
1971-08-12,1971,17.7
1971-08-13,1971,18.9
1971-08-15,1971,0.0
1971-08-16,1971,52.8
1971-08-17,1971,288.1
1971-08-18,1971,0.0
1971-08-19,1971,0.0
1971-08-20,1971,0.0
1971-08-21,1971,0.0
1971-08-22,1971,0.0
1971-08-23,1971,0.0
1971-08-24,1971,0.0
1971-08-25,1971,0.0
1971-08-26,1971,0.0
1971-08-27,1971,0.0
1971-08-28,1971,0.0
1971-08-29,1971,0.0
1971-08-30,1971,0.0
1971-08-31,1971,0.0
1971-09-01,1971,14.7
1971-09-02,1971,21.6
1971-09-03,1971,5.2
1971-09-04,1971,0.0
1971-09-05,1971,0.0
1971-09-06,1971,24.4
1971-09-07,1971,0.0
1971-09-10,1971,0.0
1971-09-12,1971,48.6
1971-09-13,1971,0.4
1971-09-14,1971,4.4
1971-09-15,1971,0.7
1971-09-16,1971,0.3
1971-09-17,1971,0.0
1971-09-18,1971,0.0
1971-09-19,1971,0.0
1971-09-20,1971,0.0
1971-09-22,1971,0.0
1971-09-23,1971,0.0
1971-09-24,1971,0.0
1971-09-25,1971,14.8
1971-09-27,1971,0.0
1971-09-28,1971,0.0
1971-09-29,1971,15.6
1971-09-30,1971,43.8
1971-10-01,1971,7.0
1971-10-02,1971,0.0
1971-10-03,1971,0.5
1971-10-04,1971,0.1
1971-10-05,1971,0.0
1971-10-06,1971,0.0
1971-10-09,1971,0.7
1971-10-10,1971,0.0
1971-10-11,1971,0.0
1971-10-12,1971,0.0
1971-10-13,1971,0.0
1971-10-14,1971,0.0
1971-10-15,1971,0.0
1971-10-16,1971,0.0
1971-10-17,1971,0.0
1971-10-18,1971,0.0
1971-10-19,1971,0.0
1971-10-20,1971,0.0
1971-10-21,1971,0.0
1971-10-22,1971,0.0
1971-10-23,1971,0.0
1971-10-24,1971,0.0
1971-10-27,1971,0.0
1971-10-28,1971,1.9
1971-10-29,1971,15.8
1971-10-30,1971,0.0
1971-10-31,1971,0.0
1971-11-01,1971,0.0
1971-11-02,1971,0.0
1971-11-03,1971,0.0
1971-11-04,1971,0.0
1971-11-05,1971,0.0
1971-11-06,1971,0.0
1971-11-07,1971,0.0
1971-11-09,1971,0.0
1971-11-10,1971,0.0
1971-11-11,1971,0.0
1971-11-12,1971,0.0
1971-11-13,1971,0.0
1971-11-15,1971,0.0
1971-11-16,1971,0.0
1971-11-17,1971,0.0
1971-11-18,1971,0.0
1971-11-19,1971,0.0
1971-11-20,1971,0.0
1971-11-21,1971,0.0
1971-11-22,1971,0.0
1971-11-23,1971,0.0
1971-11-25,1971,0.0
1971-11-26,1971,0.0
1971-11-27,1971,0.0
1971-11-28,1971,0.0
1971-11-29,1971,0.0
1971-11-30,1971,0.0
1971-12-01,1971,0.0
1971-12-02,1971,0.8
1971-12-05,1971,0.0
1971-12-06,1971,0.0
1971-12-07,1971,0.0
1971-12-08,1971,0.0
1971-12-09,1971,0.0
1971-12-10,1971,0.0
1971-12-11,1971,0.0
1971-12-12,1971,0.0
1971-12-13,1971,0.0
1971-12-14,1971,0.0
1971-12-15,1971,0.0
1971-12-17,1971,5.0
1971-12-18,1971,97.8
1971-12-19,1971,11.2
1971-12-21,1971,27.3
1971-12-22,1971,21.4
1971-12-23,1971,0.0
1971-12-24,1971,0.0
1971-12-25,1971,0.0
1971-12-26,1971,11.6
1971-12-27,1971,0.0
1971-12-28,1971,0.0
1971-12-29,1971,0.0
1971-12-30,1971,0.0
1971-12-31,1971,0.0
1972-01-01,1972,0.0
1972-01-03,1972,4.4
1972-01-04,1972,33.1
1972-01-05,1972,9.0
1972-01-06,1972,0.0
1972-01-07,1972,0.0
1972-01-08,1972,0.0
1972-01-09,1972,0.0
1972-01-10,1972,0.0
1972-01-11,1972,0.0
1972-01-12,1972,0.0
1972-01-13,1972,0.0
1972-01-14,1972,0.0
1972-01-15,1972,0.0
1972-01-17,1972,0.0
1972-01-18,1972,0.0
1972-01-19,1972,0.0
1972-01-20,1972,0.0
1972-01-21,1972,0.0
1972-01-22,1972,0.0
1972-01-27,1972,0.0
1972-01-28,1972,0.0
1972-01-29,1972,0.0
1972-01-30,1972,0.0
1972-01-31,1972,0.0
1972-02-01,1972,0.0
1972-02-04,1972,1.6
1972-02-05,1972,0.4
1972-02-06,1972,0.2
1972-02-07,1972,0.1
1972-02-08,1972,1.3
1972-02-09,1972,2.0
1972-02-10,1972,0.0
1972-02-11,1972,0.0
1972-02-12,1972,0.0
1972-02-13,1972,3.9
1972-02-16,1972,0.0
1972-02-17,1972,0.0
1972-02-21,1972,0.0
1972-02-22,1972,0.0
1972-02-23,1972,1.7
1972-02-25,1972,0.5
1972-02-26,1972,9.3
1972-02-27,1972,1.0
1972-02-28,1972,0.0
1972-02-29,1972,0.0
1972-03-01,1972,0.0
1972-03-02,1972,0.0
1972-03-03,1972,0.0
1972-03-04,1972,0.0
1972-03-05,1972,0.0
1972-03-06,1972,0.0
1972-03-07,1972,0.0
1972-03-08,1972,0.0
1972-03-09,1972,0.0
1972-03-10,1972,0.0
1972-03-11,1972,1.6
1972-03-12,1972,0.1
1972-03-13,1972,0.0
1972-03-16,1972,0.0
1972-03-17,1972,0.0
1972-03-19,1972,0.0
1972-03-20,1972,0.0
1972-03-21,1972,0.0
1972-03-23,1972,0.0
1972-03-24,1972,0.0
1972-03-26,1972,0.0
1972-03-27,1972,0.0
1972-03-28,1972,0.1
1972-03-30,1972,0.0
1972-04-01,1972,1.4
1972-04-02,1972,0.0
1972-04-05,1972,4.5
1972-04-06,1972,41.6
1972-04-07,1972,25.2
1972-04-08,1972,0.1
1972-04-09,1972,0.0
1972-04-12,1972,0.1
1972-04-13,1972,0.3
1972-04-15,1972,0.0
1972-04-16,1972,0.0
1972-04-17,1972,0.0
1972-04-19,1972,0.0
1972-04-20,1972,0.0
1972-04-22,1972,0.0
1972-04-23,1972,0.0
1972-04-24,1972,2.7
1972-04-25,1972,0.0
1972-04-26,1972,0.0
1972-04-27,1972,0.0
1972-04-28,1972,0.0
1972-04-29,1972,58.9
1972-04-30,1972,0.0
1972-05-01,1972,0.8
1972-05-02,1972,66.0
1972-05-03,1972,0.3
1972-05-04,1972,0.0
1972-05-05,1972,0.0
1972-05-06,1972,4.2
1972-05-07,1972,79.1
1972-05-08,1972,24.1
1972-05-09,1972,16.2
1972-05-10,1972,116.2
1972-05-11,1972,208.8
1972-05-12,1972,4.5
1972-05-13,1972,7.4
1972-05-17,1972,11.2
1972-05-18,1972,1.6
1972-05-19,1972,13.3
1972-05-20,1972,54.4
1972-05-21,1972,0.9
1972-05-22,1972,0.4
1972-05-23,1972,7.2
1972-05-24,1972,19.3
1972-05-26,1972,0.0
1972-05-28,1972,15.5
1972-05-29,1972,0.3
1972-05-30,1972,0.0
1972-05-31,1972,2.8
1972-06-01,1972,0.0
1972-06-02,1972,0.0
1972-06-03,1972,0.8
1972-06-04,1972,22.1
1972-06-05,1972,57.5
1972-06-06,1972,0.0
1972-06-07,1972,0.0
1972-06-08,1972,0.0
1972-06-09,1972,0.0
1972-06-10,1972,6.8
1972-06-11,1972,3.8
1972-06-12,1972,24.7
1972-06-13,1972,0.0
1972-06-14,1972,1.0
1972-06-15,1972,24.9
1972-06-16,1972,205.9
1972-06-17,1972,213.8
1972-06-18,1972,232.6
1972-06-19,1972,0.6
1972-06-20,1972,0.1
1972-06-21,1972,0.0
1972-06-23,1972,0.0
1972-06-24,1972,0.0
1972-06-25,1972,0.0
1972-06-26,1972,0.5
1972-06-27,1972,4.4
1972-06-29,1972,0.3
1972-07-01,1972,0.0
1972-07-02,1972,2.3
1972-07-03,1972,0.0
1972-07-04,1972,6.2
1972-07-05,1972,0.0
1972-07-07,1972,0.0
1972-07-08,1972,0.0
1972-07-09,1972,13.4
1972-07-11,1972,31.4
1972-07-12,1972,8.4
1972-07-13,1972,0.5
1972-07-14,1972,1.1
1972-07-15,1972,0.0
1972-07-17,1972,2.0
1972-07-18,1972,7.4
1972-07-19,1972,0.0
1972-07-20,1972,2.8
1972-07-21,1972,0.0
1972-07-22,1972,0.0
1972-07-24,1972,49.0
1972-07-25,1972,36.6
1972-07-26,1972,1.1
1972-07-27,1972,5.6
1972-07-28,1972,0.0
1972-07-29,1972,0.0
1972-07-31,1972,23.2
1972-08-01,1972,35.3
1972-08-03,1972,0.0
1972-08-04,1972,0.0
1972-08-05,1972,0.0
1972-08-07,1972,2.3
1972-08-08,1972,29.0
1972-08-09,1972,34.1
1972-08-10,1972,58.6
1972-08-11,1972,52.6
1972-08-12,1972,4.5
1972-08-13,1972,12.9
1972-08-14,1972,2.4
1972-08-15,1972,1.0
1972-08-16,1972,0.0
1972-08-17,1972,0.0
1972-08-19,1972,59.7
1972-08-20,1972,186.8
1972-08-21,1972,41.9
1972-08-22,1972,1.7
1972-08-23,1972,0.0
1972-08-24,1972,1.8
1972-08-25,1972,0.0
1972-08-27,1972,23.0
1972-08-28,1972,7.2
1972-08-29,1972,1.9
1972-08-30,1972,0.1
1972-08-31,1972,0.0
1972-09-01,1972,0.7
1972-09-03,1972,6.9
1972-09-04,1972,0.1
1972-09-06,1972,3.0
1972-09-07,1972,0.0
1972-09-09,1972,0.0
1972-09-10,1972,0.0
1972-09-11,1972,0.0
1972-09-12,1972,0.0
1972-09-14,1972,0.0
1972-09-16,1972,0.0
1972-09-17,1972,0.0
1972-09-18,1972,0.1
1972-09-19,1972,48.5
1972-09-20,1972,0.0
1972-09-22,1972,48.4
1972-09-23,1972,0.0
1972-09-24,1972,97.5
1972-09-25,1972,0.0
1972-09-26,1972,0.0
1972-09-28,1972,14.3
1972-09-29,1972,19.1
1972-09-30,1972,1.1
1972-10-02,1972,14.9
1972-10-03,1972,0.0
1972-10-04,1972,0.0
1972-10-05,1972,0.0
1972-10-06,1972,0.0
1972-10-07,1972,0.0
1972-10-10,1972,0.0
1972-10-11,1972,11.1
1972-10-13,1972,1.1
1972-10-15,1972,0.0
1972-10-17,1972,6.4
1972-10-19,1972,0.0
1972-10-20,1972,0.0
1972-10-21,1972,0.0
1972-10-22,1972,0.0
1972-10-23,1972,0.0
1972-10-26,1972,0.0
1972-10-27,1972,2.9
1972-10-29,1972,0.0
1972-10-30,1972,0.0
1972-11-02,1972,0.0
1972-11-03,1972,0.0
1972-11-08,1972,64.2
1972-11-09,1972,9.6
1972-11-10,1972,0.0
1972-11-14,1972,7.6
1972-11-15,1972,0.2
1972-11-17,1972,0.4
1972-11-18,1972,8.1
1972-11-19,1972,0.0
1972-11-20,1972,0.7
1972-11-21,1972,2.1
1972-11-22,1972,0.3
1972-11-23,1972,15.8
1972-11-24,1972,0.0
1972-11-25,1972,0.0
1972-11-26,1972,0.0
1972-11-27,1972,0.0
1972-11-28,1972,0.0
1972-11-29,1972,0.0
1972-11-30,1972,0.0
1972-12-01,1972,0.0
1972-12-02,1972,0.0
1972-12-03,1972,0.0
1972-12-04,1972,0.0
1972-12-05,1972,0.0
1972-12-06,1972,0.0
1972-12-07,1972,0.0
1972-12-08,1972,0.0
1972-12-09,1972,0.0
1972-12-10,1972,0.0
1972-12-12,1972,1.9
1972-12-13,1972,0.0
1972-12-14,1972,0.0
1972-12-15,1972,0.0
1972-12-16,1972,0.0
1972-12-17,1972,0.0
1972-12-20,1972,6.3
1972-12-21,1972,4.7
1972-12-22,1972,0.3
1972-12-23,1972,0.0
1972-12-24,1972,0.0
1972-12-25,1972,0.0
1972-12-26,1972,0.0
1972-12-27,1972,0.0
1972-12-29,1972,1.6
1972-12-30,1972,0.2
1972-12-31,1972,0.0
1973-01-02,1973,0.0
1973-01-03,1973,0.0
1973-01-04,1973,0.0
1973-01-05,1973,0.1
1973-01-06,1973,0.2
1973-01-07,1973,0.7
1973-01-08,1973,0.0
1973-01-09,1973,0.0
1973-01-11,1973,1.5
1973-01-12,1973,0.0
1973-01-13,1973,0.0
1973-01-14,1973,0.0
1973-01-15,1973,0.0
1973-01-16,1973,0.0
1973-01-17,1973,6.2
1973-01-18,1973,0.0
1973-01-19,1973,2.6
1973-01-20,1973,23.9
1973-01-21,1973,0.0
1973-01-22,1973,8.5
1973-01-23,1973,14.1
1973-01-24,1973,0.0
1973-01-25,1973,0.0
1973-01-26,1973,0.0
1973-01-29,1973,0.0
1973-01-30,1973,0.0
1973-01-31,1973,0.0
1973-02-01,1973,0.0
1973-02-02,1973,0.0
1973-02-03,1973,0.0
1973-02-04,1973,0.0
1973-02-05,1973,0.0
1973-02-06,1973,0.0
1973-02-07,1973,0.0
1973-02-11,1973,0.0
1973-02-12,1973,0.0
1973-02-13,1973,0.0
1973-02-14,1973,0.0
1973-02-15,1973,0.0
1973-02-16,1973,0.0
1973-02-17,1973,0.0
1973-02-18,1973,0.0
1973-02-19,1973,3.3
1973-02-21,1973,0.8
1973-02-22,1973,5.6
1973-02-23,1973,11.1
1973-02-24,1973,0.2
1973-02-25,1973,0.7
1973-02-26,1973,0.0
1973-02-27,1973,0.0
1973-02-28,1973,0.0
1973-03-05,1973,0.1
1973-03-06,1973,0.0
1973-03-08,1973,0.2
1973-03-10,1973,0.0
1973-03-11,1973,0.0
1973-03-12,1973,0.0
1973-03-13,1973,1.4
1973-03-16,1973,0.0
1973-03-17,1973,0.0
1973-03-19,1973,0.0
1973-03-20,1973,0.0
1973-03-22,1973,0.0
1973-03-23,1973,0.0
1973-03-24,1973,9.3
1973-03-25,1973,2.3
1973-03-26,1973,0.0
1973-03-29,1973,0.0
1973-03-30,1973,0.0
1973-03-31,1973,0.0
1973-04-03,1973,3.2
1973-04-04,1973,0.0
1973-04-05,1973,0.0
1973-04-06,1973,3.2
1973-04-07,1973,5.2
1973-04-08,1973,0.9
1973-04-09,1973,0.6
1973-04-10,1973,5.6
1973-04-19,1973,2.7
1973-04-20,1973,4.8
1973-04-21,1973,3.4
1973-04-22,1973,43.3
1973-04-23,1973,3.7
1973-04-24,1973,0.0
1973-04-25,1973,0.0
1973-04-26,1973,0.0
1973-04-27,1973,12.7
1973-04-28,1973,15.0
1973-04-29,1973,0.0
1973-05-01,1973,0.1
1973-05-03,1973,38.0
1973-05-04,1973,5.6
1973-05-05,1973,2.1
1973-05-06,1973,135.5
1973-05-08,1973,15.0
1973-05-09,1973,77.9
1973-05-10,1973,11.2
1973-05-11,1973,0.7
1973-05-12,1973,5.8
1973-05-13,1973,59.8
1973-05-14,1973,0.1
1973-05-18,1973,6.9
1973-05-20,1973,0.0
1973-05-21,1973,1.0
1973-05-24,1973,0.1
1973-05-26,1973,1.2
1973-05-27,1973,96.9
1973-05-28,1973,22.8
1973-05-29,1973,16.3
1973-05-30,1973,19.6
1973-05-31,1973,0.0
1973-06-02,1973,8.7
1973-06-03,1973,13.4
1973-06-04,1973,82.2
1973-06-05,1973,12.0
1973-06-06,1973,4.1
1973-06-07,1973,6.5
1973-06-10,1973,0.1
1973-06-12,1973,8.5
1973-06-13,1973,29.2
1973-06-14,1973,0.6
1973-06-15,1973,8.3
1973-06-16,1973,30.7
1973-06-17,1973,7.1
1973-06-18,1973,0.0
1973-06-19,1973,0.0
1973-06-20,1973,0.1
1973-06-21,1973,6.2
1973-06-24,1973,3.7
1973-06-25,1973,0.1
1973-06-26,1973,17.6
1973-06-27,1973,128.9
1973-06-28,1973,4.6
1973-06-29,1973,1.1
1973-06-30,1973,0.0
1973-07-01,1973,0.0
1973-07-03,1973,3.4
1973-07-04,1973,23.3
1973-07-05,1973,16.2
1973-07-06,1973,9.5
1973-07-07,1973,30.8
1973-07-08,1973,55.5
1973-07-09,1973,67.6
1973-07-10,1973,3.5
1973-07-11,1973,67.5
1973-07-12,1973,10.8
1973-07-13,1973,31.9
1973-07-14,1973,1.0
1973-07-15,1973,8.3
1973-07-16,1973,42.2
1973-07-17,1973,172.1
1973-07-18,1973,0.0
1973-07-21,1973,40.7
1973-07-22,1973,14.8
1973-07-23,1973,0.4
1973-07-24,1973,1.3
1973-07-25,1973,73.5
1973-07-26,1973,22.3
1973-07-29,1973,0.0
1973-07-30,1973,0.0
1973-07-31,1973,0.0
1973-08-01,1973,0.0
1973-08-03,1973,2.0
1973-08-04,1973,3.5
1973-08-05,1973,2.2
1973-08-06,1973,29.7
1973-08-07,1973,0.3
1973-08-08,1973,3.4
1973-08-09,1973,18.5
1973-08-10,1973,75.3
1973-08-11,1973,90.8
1973-08-12,1973,57.0
1973-08-13,1973,6.2
1973-08-14,1973,2.5
1973-08-15,1973,0.0
1973-08-16,1973,3.8
1973-08-17,1973,18.6
1973-08-18,1973,17.5
1973-08-19,1973,6.2
1973-08-20,1973,10.8
1973-08-21,1973,251.5
1973-08-22,1973,8.2
1973-08-24,1973,28.6
1973-08-25,1973,36.7
1973-08-26,1973,18.5
1973-08-27,1973,0.0
1973-08-28,1973,29.6
1973-08-29,1973,39.5
1973-08-30,1973,30.3
1973-08-31,1973,35.2
1973-09-01,1973,34.7
1973-09-02,1973,69.8
1973-09-03,1973,83.2
1973-09-04,1973,0.0
1973-09-05,1973,0.8
1973-09-06,1973,9.7
1973-09-09,1973,0.0
1973-09-10,1973,0.0
1973-09-11,1973,0.0
1973-09-12,1973,0.0
1973-09-13,1973,2.7
1973-09-14,1973,33.4
1973-09-15,1973,24.1
1973-09-16,1973,0.0
1973-09-17,1973,7.4
1973-09-18,1973,45.2
1973-09-19,1973,83.2
1973-09-20,1973,3.9
1973-09-21,1973,28.2
1973-09-22,1973,35.1
1973-09-25,1973,0.7
1973-09-26,1973,0.0
1973-09-27,1973,2.4
1973-09-29,1973,11.5
1973-09-30,1973,0.0
1973-10-01,1973,0.7
1973-10-02,1973,0.0
1973-10-03,1973,0.0
1973-10-04,1973,0.0
1973-10-05,1973,0.0
1973-10-06,1973,0.0
1973-10-08,1973,0.0
1973-10-09,1973,0.0
1973-10-10,1973,0.0
1973-10-11,1973,0.0
1973-10-13,1973,0.0
1973-10-15,1973,0.0
1973-10-16,1973,0.0
1973-10-17,1973,0.8
1973-10-18,1973,0.5
1973-10-21,1973,1.8
1973-10-22,1973,0.9
1973-10-23,1973,0.0
1973-10-24,1973,0.0
1973-10-25,1973,0.0
1973-10-28,1973,0.0
1973-10-29,1973,0.0
1973-10-30,1973,0.0
1973-10-31,1973,0.0
1973-11-01,1973,0.0
1973-11-02,1973,0.0
1973-11-03,1973,0.0
1973-11-04,1973,0.0
1973-11-06,1973,0.0
1973-11-07,1973,0.0
1973-11-08,1973,0.0
1973-11-09,1973,0.0
1973-11-11,1973,0.0
1973-11-12,1973,0.0
1973-11-13,1973,0.0
1973-11-14,1973,0.0
1973-11-15,1973,0.0
1973-11-16,1973,0.0
1973-11-17,1973,0.0
1973-11-18,1973,0.0
1973-11-19,1973,0.0
1973-11-20,1973,0.0
1973-11-21,1973,0.0
1973-11-22,1973,0.0
1973-11-23,1973,0.0
1973-11-24,1973,0.0
1973-11-25,1973,0.4
1973-11-26,1973,0.3
1973-11-27,1973,3.2
1973-11-28,1973,3.1
1973-11-29,1973,2.3
1973-11-30,1973,0.0
1973-12-01,1973,0.0
1973-12-02,1973,0.0
1973-12-03,1973,0.0
1973-12-04,1973,0.0
1973-12-05,1973,0.0
1973-12-06,1973,0.0
1973-12-07,1973,0.0
1973-12-08,1973,0.0
1973-12-09,1973,0.0
1973-12-10,1973,0.0
1973-12-11,1973,0.0
1973-12-12,1973,0.0
1973-12-14,1973,0.0
1973-12-15,1973,0.0
1973-12-16,1973,0.0
1973-12-17,1973,0.0
1973-12-18,1973,0.0
1973-12-19,1973,0.0
1973-12-20,1973,0.0
1973-12-21,1973,0.0
1973-12-22,1973,0.0
1973-12-23,1973,0.0
1973-12-24,1973,0.0
1973-12-25,1973,0.0
1973-12-26,1973,0.0
1973-12-27,1973,0.0
1973-12-28,1973,0.0
1973-12-29,1973,0.0
1973-12-30,1973,0.0
1973-12-31,1973,0.0
1974-01-01,1974,0.0
1974-01-02,1974,0.0
1974-01-03,1974,0.0
1974-01-04,1974,0.0
1974-01-05,1974,0.0
1974-01-06,1974,0.0
1974-01-07,1974,0.0
1974-01-08,1974,0.0
1974-01-09,1974,0.0
1974-01-10,1974,0.0
1974-01-11,1974,0.0
1974-01-12,1974,0.0
1974-01-13,1974,0.0
1974-01-14,1974,0.0
1974-01-15,1974,0.0
1974-01-16,1974,0.0
1974-01-17,1974,0.0
1974-01-18,1974,0.0
1974-01-19,1974,0.0
1974-01-20,1974,0.0
1974-01-21,1974,0.0
1974-01-22,1974,0.0
1974-01-23,1974,0.0
1974-01-24,1974,0.0
1974-01-26,1974,1.4
1974-01-27,1974,2.5
1974-02-01,1974,0.0
1974-02-02,1974,0.0
1974-02-03,1974,0.0
1974-02-05,1974,29.1
1974-02-06,1974,0.2
1974-02-08,1974,0.0
1974-02-09,1974,0.0
1974-02-10,1974,0.0
1974-02-11,1974,0.0
1974-02-12,1974,0.0
1974-02-13,1974,0.0
1974-02-14,1974,0.0
1974-02-15,1974,0.0
1974-02-16,1974,0.0
1974-02-17,1974,0.0
1974-02-18,1974,0.0
1974-02-21,1974,0.6
1974-02-22,1974,0.1
1974-02-23,1974,0.9
1974-02-24,1974,4.6
1974-02-25,1974,1.5
1974-02-26,1974,0.0
1974-02-27,1974,0.0
1974-02-28,1974,0.0
1974-03-01,1974,0.0
1974-03-02,1974,0.0
1974-03-03,1974,0.0
1974-03-04,1974,0.0
1974-03-05,1974,0.0
1974-03-06,1974,0.0
1974-03-07,1974,0.0
1974-03-09,1974,0.0
1974-03-11,1974,0.1
1974-03-14,1974,0.7
1974-03-19,1974,0.0
1974-03-20,1974,20.4
1974-03-21,1974,3.2
1974-03-22,1974,0.0
1974-03-23,1974,0.0
1974-03-24,1974,0.0
1974-03-26,1974,1.2
1974-03-27,1974,6.1
1974-03-28,1974,0.0
1974-03-29,1974,0.0
1974-03-30,1974,0.0
1974-03-31,1974,0.0
1974-04-01,1974,25.0
1974-04-03,1974,0.0
1974-04-04,1974,0.0
1974-04-05,1974,0.0
1974-04-06,1974,0.0
1974-04-07,1974,2.0
1974-04-08,1974,108.1
1974-04-09,1974,32.8
1974-04-10,1974,0.0
1974-04-11,1974,0.0
1974-04-12,1974,0.0
1974-04-13,1974,0.0
1974-04-14,1974,0.0
1974-04-15,1974,0.0
1974-04-16,1974,0.0
1974-04-17,1974,10.6
1974-04-18,1974,0.0
1974-04-19,1974,0.0
1974-04-20,1974,0.2
1974-04-21,1974,20.7
1974-04-22,1974,1.2
1974-04-23,1974,0.0
1974-04-24,1974,0.0
1974-04-25,1974,0.0
1974-04-26,1974,0.0
1974-04-28,1974,30.2
1974-04-29,1974,0.0
1974-04-30,1974,0.3
1974-05-01,1974,0.0
1974-05-02,1974,93.4
1974-05-03,1974,0.0
1974-05-04,1974,17.5
1974-05-06,1974,0.4
1974-05-08,1974,0.0
1974-05-10,1974,0.0
1974-05-11,1974,0.0
1974-05-12,1974,0.0
1974-05-14,1974,0.0
1974-05-15,1974,0.0
1974-05-19,1974,0.0
1974-05-21,1974,0.0
1974-05-22,1974,0.0
1974-05-23,1974,0.0
1974-05-25,1974,70.1
1974-05-26,1974,1.0
1974-05-27,1974,2.8
1974-05-28,1974,6.5
1974-05-29,1974,0.8
1974-05-30,1974,11.2
1974-05-31,1974,0.0
1974-06-01,1974,1.4
1974-06-02,1974,0.0
1974-06-03,1974,83.1
1974-06-04,1974,14.3
1974-06-05,1974,0.0
1974-06-06,1974,0.1
1974-06-07,1974,17.1
1974-06-08,1974,5.1
1974-06-09,1974,20.4
1974-06-10,1974,0.0
1974-06-11,1974,0.0
1974-06-12,1974,34.4
1974-06-13,1974,0.3
1974-06-14,1974,9.0
1974-06-15,1974,0.1
1974-06-18,1974,51.8
1974-06-19,1974,0.6
1974-06-21,1974,0.7
1974-06-22,1974,40.0
1974-06-23,1974,11.0
1974-06-24,1974,13.7
1974-06-25,1974,11.0
1974-06-26,1974,4.6
1974-06-28,1974,1.6
1974-06-29,1974,3.0
1974-06-30,1974,0.0
1974-07-02,1974,0.0
1974-07-03,1974,4.2
1974-07-04,1974,0.0
1974-07-05,1974,19.2
1974-07-06,1974,0.0
1974-07-07,1974,0.0
1974-07-09,1974,3.1
1974-07-10,1974,0.0
1974-07-12,1974,0.5
1974-07-13,1974,32.3
1974-07-14,1974,18.7
1974-07-17,1974,2.3
1974-07-18,1974,3.2
1974-07-19,1974,52.8
1974-07-20,1974,5.5
1974-07-21,1974,4.0
1974-07-22,1974,35.8
1974-07-23,1974,2.6
1974-07-25,1974,0.0
1974-07-26,1974,0.0
1974-07-27,1974,0.0
1974-07-28,1974,0.0
1974-07-29,1974,0.0
1974-07-30,1974,0.0
1974-08-01,1974,0.0
1974-08-02,1974,0.0
1974-08-03,1974,0.0
1974-08-04,1974,4.0
1974-08-05,1974,1.7
1974-08-06,1974,0.0
1974-08-07,1974,0.0
1974-08-08,1974,0.0
1974-08-09,1974,0.0
1974-08-10,1974,0.0
1974-08-11,1974,0.1
1974-08-12,1974,0.5
1974-08-13,1974,16.8
1974-08-14,1974,39.6
1974-08-15,1974,1.1
1974-08-16,1974,0.0
1974-08-18,1974,0.0
1974-08-19,1974,0.0
1974-08-20,1974,0.0
1974-08-21,1974,0.0
1974-08-22,1974,10.2
1974-08-23,1974,128.3
1974-08-24,1974,1.2
1974-08-26,1974,0.0
1974-08-27,1974,1.9
1974-08-28,1974,9.6
1974-08-31,1974,11.6
1974-09-01,1974,1.2
1974-09-03,1974,69.9
1974-09-04,1974,28.8
1974-09-05,1974,1.1
1974-09-06,1974,14.1
1974-09-07,1974,0.1
1974-09-08,1974,0.0
1974-09-09,1974,0.0
1974-09-10,1974,0.0
1974-09-11,1974,0.0
1974-09-12,1974,0.0
1974-09-13,1974,0.0
1974-09-14,1974,0.0
1974-09-15,1974,0.0
1974-09-16,1974,1.0
1974-09-17,1974,4.4
1974-09-18,1974,0.1
1974-09-19,1974,3.6
1974-09-20,1974,0.9
1974-09-21,1974,0.1
1974-09-22,1974,0.0
1974-09-23,1974,0.5
1974-09-25,1974,4.7
1974-09-26,1974,0.7
1974-09-27,1974,0.0
1974-09-28,1974,0.0
1974-09-29,1974,0.0
1974-10-02,1974,0.0
1974-10-03,1974,0.0
1974-10-04,1974,0.0
1974-10-07,1974,1.1
1974-10-09,1974,14.2
1974-10-10,1974,7.6
1974-10-11,1974,0.0
1974-10-15,1974,0.1
1974-10-16,1974,0.0
1974-10-18,1974,130.3
1974-10-19,1974,246.0
1974-10-20,1974,83.2
1974-10-21,1974,9.8
1974-10-22,1974,0.4
1974-10-23,1974,0.0
1974-10-24,1974,0.0
1974-10-26,1974,0.5
1974-10-27,1974,0.0
1974-10-28,1974,0.0
1974-10-29,1974,6.4
1974-10-30,1974,102.3
1974-10-31,1974,116.5
1974-11-01,1974,0.0
1974-11-02,1974,0.0
1974-11-03,1974,8.3
1974-11-04,1974,1.4
1974-11-05,1974,0.0
1974-11-06,1974,0.0
1974-11-07,1974,0.0
1974-11-08,1974,1.5
1974-11-09,1974,1.7
1974-11-10,1974,0.4
1974-11-11,1974,6.0
1974-11-12,1974,1.9
1974-11-13,1974,0.0
1974-11-14,1974,0.0
1974-11-18,1974,0.0
1974-11-19,1974,0.0
1974-11-20,1974,0.0
1974-11-21,1974,0.0
1974-11-22,1974,0.0
1974-11-23,1974,0.0
1974-11-24,1974,0.0
1974-11-25,1974,0.0
1974-11-26,1974,0.0
1974-11-27,1974,0.0
1974-11-28,1974,0.0
1974-11-29,1974,0.0
1974-11-30,1974,3.7
1974-12-01,1974,19.3
1974-12-02,1974,177.3
1974-12-03,1974,0.0
1974-12-04,1974,0.2
1974-12-05,1974,0.1
1974-12-06,1974,0.0
1974-12-07,1974,0.0
1974-12-08,1974,0.0
1974-12-09,1974,0.0
1974-12-10,1974,0.0
1974-12-11,1974,0.0
1974-12-12,1974,1.9
1974-12-13,1974,4.6
1974-12-15,1974,0.0
1974-12-16,1974,0.0
1974-12-17,1974,0.0
1974-12-18,1974,0.0
1974-12-19,1974,0.0
1974-12-20,1974,0.0
1974-12-21,1974,0.0
1974-12-22,1974,0.0
1974-12-23,1974,0.0
1974-12-24,1974,0.0
1974-12-25,1974,0.5
1974-12-26,1974,0.0
1974-12-29,1974,3.0
1975-01-01,1975,0.0
1975-01-03,1975,0.0
1975-01-04,1975,0.0
1975-01-05,1975,0.0
1975-01-07,1975,2.7
1975-01-08,1975,1.0
1975-01-09,1975,2.0
1975-01-10,1975,0.0
1975-01-11,1975,0.0
1975-01-12,1975,0.4
1975-01-13,1975,3.1
1975-01-14,1975,2.6
1975-01-15,1975,5.4
1975-01-16,1975,0.0
1975-01-17,1975,0.0
1975-01-20,1975,2.7
1975-01-21,1975,0.4
1975-01-22,1975,0.0
1975-01-23,1975,0.0
1975-01-25,1975,0.1
1975-01-26,1975,1.3
1975-01-27,1975,8.5
1975-01-28,1975,0.0
1975-01-29,1975,0.5
1975-01-30,1975,5.1
1975-02-02,1975,0.0
1975-02-03,1975,0.0
1975-02-04,1975,0.0
1975-02-06,1975,0.0
1975-02-07,1975,4.4
1975-02-08,1975,9.1
1975-02-09,1975,2.1
1975-02-11,1975,2.2
1975-02-12,1975,0.6
1975-02-13,1975,15.9
1975-02-14,1975,1.2
1975-02-17,1975,0.0
1975-02-19,1975,0.2
1975-02-20,1975,0.0
1975-02-21,1975,0.0
1975-02-22,1975,0.0
1975-02-23,1975,0.0
1975-02-24,1975,0.0
1975-02-25,1975,0.0
1975-02-26,1975,0.0
1975-02-27,1975,0.0
1975-03-02,1975,0.1
1975-03-03,1975,1.4
1975-03-04,1975,6.5
1975-03-10,1975,0.3
1975-03-12,1975,2.0
1975-03-13,1975,1.1
1975-03-14,1975,25.1
1975-03-15,1975,0.3
1975-03-16,1975,7.5
1975-03-17,1975,0.0
1975-03-22,1975,12.6
1975-03-23,1975,2.0
1975-03-24,1975,0.0
1975-03-25,1975,0.0
1975-03-26,1975,16.4
1975-03-28,1975,0.0
1975-03-29,1975,6.2
1975-04-01,1975,0.0
1975-04-02,1975,0.0
1975-04-03,1975,0.0
1975-04-05,1975,0.7
1975-04-06,1975,0.9
1975-04-07,1975,8.1
1975-04-08,1975,25.3
1975-04-10,1975,0.0
1975-04-11,1975,0.0
1975-04-13,1975,0.7
1975-04-15,1975,1.9
1975-04-16,1975,0.0
1975-04-17,1975,0.0
1975-04-18,1975,0.0
1975-04-20,1975,0.0
1975-04-21,1975,0.0
1975-04-22,1975,0.0
1975-04-23,1975,0.0
1975-04-25,1975,2.5
1975-04-28,1975,88.2
1975-04-29,1975,67.0
1975-04-30,1975,149.7
1975-05-02,1975,0.0
1975-05-03,1975,0.0
1975-05-04,1975,0.0
1975-05-05,1975,0.0
1975-05-06,1975,22.7
1975-05-08,1975,8.7
1975-05-09,1975,0.0
1975-05-10,1975,0.0
1975-05-11,1975,9.5
1975-05-12,1975,19.2
1975-05-13,1975,0.5
1975-05-14,1975,19.5
1975-05-15,1975,32.4
1975-05-16,1975,16.2
1975-05-17,1975,88.9
1975-05-18,1975,17.8
1975-05-19,1975,0.7
1975-05-20,1975,215.7
1975-05-21,1975,0.0
1975-05-22,1975,52.7
1975-05-23,1975,11.7
1975-05-24,1975,4.0
1975-05-25,1975,1.0
1975-05-26,1975,0.0
1975-05-27,1975,6.3
1975-05-28,1975,0.2
1975-05-29,1975,0.2
1975-05-30,1975,43.6
1975-05-31,1975,0.0
1975-06-01,1975,22.7
1975-06-02,1975,13.8
1975-06-03,1975,20.0
1975-06-04,1975,61.1
1975-06-05,1975,82.1
1975-06-06,1975,35.2
1975-06-07,1975,36.2
1975-06-08,1975,1.5
1975-06-09,1975,6.5
1975-06-10,1975,0.1
1975-06-11,1975,7.1
1975-06-12,1975,23.2
1975-06-14,1975,0.0
1975-06-15,1975,0.5
1975-06-16,1975,8.8
1975-06-17,1975,30.2
1975-06-18,1975,75.9
1975-06-19,1975,24.1
1975-06-20,1975,2.0
1975-06-21,1975,0.1
1975-06-24,1975,0.0
1975-06-27,1975,2.6
1975-06-28,1975,14.4
1975-06-29,1975,95.2
1975-06-30,1975,16.3
1975-07-01,1975,0.6
1975-07-03,1975,0.0
1975-07-04,1975,2.5
1975-07-05,1975,3.1
1975-07-06,1975,5.4
1975-07-07,1975,0.9
1975-07-08,1975,0.8
1975-07-09,1975,0.1
1975-07-10,1975,0.0
1975-07-11,1975,0.0
1975-07-12,1975,55.0
1975-07-13,1975,77.6
1975-07-14,1975,47.4
1975-07-15,1975,39.6
1975-07-16,1975,21.1
1975-07-17,1975,2.7
1975-07-18,1975,0.0
1975-07-19,1975,0.1
1975-07-20,1975,2.8
1975-07-22,1975,27.0
1975-07-23,1975,1.0
1975-07-24,1975,4.7
1975-07-26,1975,0.0
1975-07-27,1975,0.0
1975-07-28,1975,0.0
1975-07-29,1975,0.0
1975-07-30,1975,0.0
1975-08-01,1975,95.7
1975-08-02,1975,0.0
1975-08-05,1975,2.1
1975-08-06,1975,5.5
1975-08-07,1975,0.0
1975-08-08,1975,47.1
1975-08-09,1975,9.1
1975-08-10,1975,0.2
1975-08-11,1975,0.0
1975-08-12,1975,41.3
1975-08-13,1975,46.8
1975-08-14,1975,4.9
1975-08-15,1975,17.6
1975-08-16,1975,0.0
1975-08-17,1975,0.0
1975-08-18,1975,0.0
1975-08-19,1975,0.0
1975-08-20,1975,0.2
1975-08-21,1975,0.0
1975-08-22,1975,0.0
1975-08-23,1975,9.3
1975-08-24,1975,0.0
1975-08-25,1975,14.5
1975-08-26,1975,67.5
1975-08-27,1975,11.3
1975-08-28,1975,13.6
1975-08-29,1975,15.8
1975-08-30,1975,56.4
1975-08-31,1975,0.0
1975-09-01,1975,0.0
1975-09-02,1975,0.0
1975-09-03,1975,0.0
1975-09-04,1975,0.0
1975-09-05,1975,0.0
1975-09-06,1975,0.0
1975-09-07,1975,0.0
1975-09-08,1975,1.6
1975-09-09,1975,11.0
1975-09-10,1975,26.5
1975-09-11,1975,7.7
1975-09-12,1975,0.0
1975-09-13,1975,3.9
1975-09-15,1975,0.5
1975-09-16,1975,29.0
1975-09-17,1975,0.0
1975-09-18,1975,0.0
1975-09-19,1975,4.1
1975-09-20,1975,7.9
1975-09-22,1975,0.0
1975-09-23,1975,1.9
1975-09-24,1975,1.9
1975-09-25,1975,0.0
1975-09-26,1975,0.0
1975-09-27,1975,0.0
1975-09-28,1975,0.0
1975-09-29,1975,0.0
1975-10-02,1975,0.0
1975-10-04,1975,33.2
1975-10-05,1975,91.5
1975-10-06,1975,21.0
1975-10-07,1975,0.0
1975-10-08,1975,0.1
1975-10-10,1975,72.1
1975-10-11,1975,49.1
1975-10-12,1975,0.0
1975-10-13,1975,0.0
1975-10-14,1975,100.2
1975-10-15,1975,50.4
1975-10-17,1975,0.0
1975-10-18,1975,0.2
1975-10-19,1975,0.0
1975-10-20,1975,0.0
1975-10-21,1975,0.0
1975-10-22,1975,4.5
1975-10-23,1975,22.1
1975-10-24,1975,2.8
1975-10-25,1975,7.4
1975-10-26,1975,0.0
1975-10-27,1975,0.0
1975-10-28,1975,0.0
1975-10-29,1975,11.0
1975-10-30,1975,0.0
1975-10-31,1975,0.0
1975-11-01,1975,0.0
1975-11-03,1975,0.2
1975-11-04,1975,0.7
1975-11-05,1975,0.3
1975-11-06,1975,10.6
1975-11-07,1975,2.6
1975-11-13,1975,0.0
1975-11-14,1975,0.7
1975-11-16,1975,0.0
1975-11-17,1975,0.0
1975-11-19,1975,0.1
1975-11-20,1975,0.0
1975-11-21,1975,0.0
1975-11-22,1975,2.2
1975-11-23,1975,0.0
1975-11-24,1975,0.0
1975-11-25,1975,0.0
1975-11-26,1975,0.0
1975-11-27,1975,0.0
1975-11-28,1975,0.0
1975-11-29,1975,0.0
1975-11-30,1975,0.0
1975-12-01,1975,0.0
1975-12-02,1975,0.0
1975-12-04,1975,0.0
1975-12-08,1975,1.1
1975-12-09,1975,20.5
1975-12-10,1975,2.0
1975-12-11,1975,0.3
1975-12-12,1975,1.3
1975-12-13,1975,16.7
1975-12-14,1975,7.2
1975-12-16,1975,0.0
1975-12-17,1975,0.0
1975-12-18,1975,0.0
1975-12-20,1975,0.2
1975-12-22,1975,0.0
1975-12-23,1975,0.0
1975-12-24,1975,0.0
1975-12-25,1975,0.0
1975-12-26,1975,0.0
1975-12-27,1975,0.0
1975-12-28,1975,0.0
1975-12-29,1975,0.0
1975-12-30,1975,0.0
1975-12-31,1975,0.0
1976-01-01,1976,0.0
1976-01-03,1976,0.0
1976-01-04,1976,0.0
1976-01-05,1976,0.0
1976-01-07,1976,0.0
1976-01-08,1976,0.0
1976-01-09,1976,0.0
1976-01-10,1976,0.0
1976-01-11,1976,0.0
1976-01-12,1976,0.0
1976-01-13,1976,0.0
1976-01-14,1976,0.0
1976-01-15,1976,0.0
1976-01-16,1976,0.0
1976-01-17,1976,0.0
1976-01-18,1976,0.0
1976-01-20,1976,0.0
1976-01-21,1976,0.0
1976-01-22,1976,0.0
1976-01-23,1976,5.8
1976-01-24,1976,0.0
1976-01-25,1976,0.0
1976-01-26,1976,0.0
1976-01-27,1976,0.0
1976-01-28,1976,0.0
1976-01-29,1976,0.0
1976-01-30,1976,0.0
1976-01-31,1976,0.0
1976-02-01,1976,0.0
1976-02-02,1976,0.0
1976-02-03,1976,0.0
1976-02-05,1976,0.0
1976-02-06,1976,0.0
1976-02-07,1976,0.0
1976-02-08,1976,0.0
1976-02-10,1976,0.0
1976-02-11,1976,0.0
1976-02-12,1976,0.0
1976-02-14,1976,0.0
1976-02-15,1976,0.0
1976-02-16,1976,0.0
1976-02-17,1976,0.0
1976-02-18,1976,0.0
1976-02-20,1976,0.0
1976-02-21,1976,0.0
1976-02-22,1976,0.2
1976-02-23,1976,0.0
1976-02-24,1976,0.3
1976-02-25,1976,1.8
1976-02-26,1976,6.3
1976-02-27,1976,3.5
1976-02-28,1976,1.0
1976-02-29,1976,0.0
1976-03-01,1976,0.4
1976-03-02,1976,1.3
1976-03-03,1976,0.0
1976-03-05,1976,0.1
1976-03-06,1976,0.0
1976-03-07,1976,0.0
1976-03-08,1976,0.0
1976-03-09,1976,0.0
1976-03-10,1976,0.0
1976-03-12,1976,0.0
1976-03-14,1976,0.0
1976-03-17,1976,0.2
1976-03-22,1976,0.4
1976-03-24,1976,4.7
1976-03-25,1976,0.7
1976-03-26,1976,0.7
1976-03-28,1976,0.1
1976-03-30,1976,2.5
1976-03-31,1976,0.1
1976-04-01,1976,0.0
1976-04-04,1976,0.0
1976-04-08,1976,0.0
1976-04-09,1976,14.4
1976-04-11,1976,0.0
1976-04-12,1976,47.7
1976-04-13,1976,10.4
1976-04-14,1976,0.0
1976-04-17,1976,0.0
1976-04-18,1976,20.2
1976-04-19,1976,0.2
1976-04-20,1976,5.4
1976-04-21,1976,0.0
1976-04-22,1976,0.0
1976-04-23,1976,0.0
1976-04-24,1976,0.0
1976-04-25,1976,0.0
1976-04-26,1976,0.0
1976-04-27,1976,0.0
1976-04-28,1976,0.0
1976-04-30,1976,19.0
1976-05-02,1976,1.6
1976-05-03,1976,5.8
1976-05-04,1976,15.1
1976-05-05,1976,19.8
1976-05-06,1976,0.0
1976-05-08,1976,1.1
1976-05-09,1976,5.3
1976-05-11,1976,0.0
1976-05-12,1976,0.2
1976-05-14,1976,0.7
1976-05-15,1976,1.5
1976-05-18,1976,0.2
1976-05-19,1976,0.0
1976-05-20,1976,0.0
1976-05-21,1976,0.5
1976-05-22,1976,61.0
1976-05-23,1976,0.0
1976-05-24,1976,0.0
1976-05-25,1976,0.0
1976-05-26,1976,0.0
1976-05-27,1976,0.0
1976-05-28,1976,28.4
1976-05-29,1976,3.2
1976-05-30,1976,4.7
1976-05-31,1976,13.0
1976-06-01,1976,21.8
1976-06-02,1976,81.8
1976-06-03,1976,115.6
1976-06-04,1976,44.5
1976-06-05,1976,13.9
1976-06-06,1976,2.0
1976-06-07,1976,0.0
1976-06-08,1976,1.2
1976-06-09,1976,13.3
1976-06-10,1976,11.0
1976-06-11,1976,39.2
1976-06-12,1976,11.2
1976-06-13,1976,25.1
1976-06-14,1976,0.6
1976-06-15,1976,0.0
1976-06-17,1976,0.0
1976-06-18,1976,0.0
1976-06-19,1976,0.0
1976-06-20,1976,1.7
1976-06-21,1976,28.8
1976-06-22,1976,0.3
1976-06-23,1976,8.5
1976-06-24,1976,0.1
1976-06-26,1976,0.0
1976-06-27,1976,1.1
1976-06-28,1976,0.0
1976-06-29,1976,3.2
1976-06-30,1976,0.0
1976-07-01,1976,26.2
1976-07-02,1976,28.1
1976-07-03,1976,1.8
1976-07-04,1976,0.1
1976-07-05,1976,3.3
1976-07-06,1976,9.7
1976-07-07,1976,0.9
1976-07-08,1976,0.1
1976-07-09,1976,0.1
1976-07-10,1976,0.0
1976-07-12,1976,0.4
1976-07-15,1976,0.0
1976-07-16,1976,0.0
1976-07-17,1976,0.0
1976-07-18,1976,0.0
1976-07-19,1976,0.0
1976-07-20,1976,0.0
1976-07-21,1976,0.0
1976-07-22,1976,13.6
1976-07-23,1976,4.3
1976-07-24,1976,105.9
1976-07-25,1976,49.0
1976-07-26,1976,61.6
1976-07-27,1976,55.2
1976-07-28,1976,25.2
1976-07-29,1976,11.4
1976-07-30,1976,18.6
1976-07-31,1976,11.3
1976-08-01,1976,35.9
1976-08-02,1976,16.0
1976-08-03,1976,8.1
1976-08-04,1976,2.8
1976-08-05,1976,14.2
1976-08-06,1976,58.2
1976-08-07,1976,34.0
1976-08-08,1976,0.1
1976-08-09,1976,0.0
1976-08-10,1976,0.2
1976-08-11,1976,45.1
1976-08-12,1976,6.0
1976-08-13,1976,18.6
1976-08-14,1976,8.6
1976-08-15,1976,0.0
1976-08-16,1976,0.0
1976-08-17,1976,0.0
1976-08-18,1976,0.0
1976-08-20,1976,0.0
1976-08-21,1976,0.0
1976-08-22,1976,0.0
1976-08-23,1976,0.0
1976-08-24,1976,250.3
1976-08-25,1976,261.3
1976-08-26,1976,4.5
1976-08-27,1976,0.0
1976-08-28,1976,1.4
1976-08-29,1976,0.0
1976-08-30,1976,0.0
1976-08-31,1976,0.0
1976-09-02,1976,0.2
1976-09-03,1976,0.0
1976-09-04,1976,0.0
1976-09-05,1976,0.0
1976-09-06,1976,0.0
1976-09-07,1976,0.0
1976-09-08,1976,16.4
1976-09-09,1976,3.8
1976-09-11,1976,0.0
1976-09-12,1976,0.0
1976-09-13,1976,0.0
1976-09-14,1976,0.0
1976-09-16,1976,0.0
1976-09-17,1976,0.0
1976-09-18,1976,11.6
1976-09-19,1976,29.5
1976-09-20,1976,7.6
1976-09-21,1976,6.3
1976-09-22,1976,19.4
1976-09-23,1976,1.7
1976-09-24,1976,0.1
1976-09-25,1976,18.0
1976-09-26,1976,33.0
1976-09-27,1976,2.9
1976-09-28,1976,3.3
1976-09-29,1976,44.2
1976-09-30,1976,6.7
1976-10-01,1976,0.0
1976-10-02,1976,0.0
1976-10-03,1976,0.0
1976-10-04,1976,0.0
1976-10-05,1976,0.0
1976-10-06,1976,0.0
1976-10-07,1976,0.0
1976-10-08,1976,0.0
1976-10-09,1976,0.0
1976-10-10,1976,0.0
1976-10-11,1976,0.0
1976-10-12,1976,0.0
1976-10-13,1976,0.0
1976-10-14,1976,0.0
1976-10-15,1976,0.0
1976-10-17,1976,0.0
1976-10-18,1976,0.0
1976-10-19,1976,0.3
1976-10-20,1976,5.9
1976-10-21,1976,15.0
1976-10-22,1976,20.7
1976-10-23,1976,0.0
1976-10-24,1976,1.8
1976-10-26,1976,0.0
1976-10-27,1976,7.1
1976-10-28,1976,8.0
1976-10-29,1976,5.1
1976-10-31,1976,0.2
1976-11-02,1976,0.0
1976-11-03,1976,0.0
1976-11-04,1976,0.0
1976-11-05,1976,0.8
1976-11-06,1976,0.0
1976-11-07,1976,0.0
1976-11-08,1976,0.0
1976-11-09,1976,0.0
1976-11-10,1976,0.0
1976-11-12,1976,0.0
1976-11-13,1976,0.0
1976-11-14,1976,0.0
1976-11-17,1976,0.0
1976-11-18,1976,0.0
1976-11-19,1976,0.0
1976-11-20,1976,0.0
1976-11-21,1976,0.0
1976-11-22,1976,0.0
1976-11-23,1976,0.0
1976-11-25,1976,0.0
1976-11-26,1976,0.0
1976-11-27,1976,0.0
1976-11-28,1976,0.0
1976-11-29,1976,0.0
1976-11-30,1976,0.0
1976-12-01,1976,0.0
1976-12-02,1976,0.0
1976-12-03,1976,0.0
1976-12-04,1976,0.0
1976-12-05,1976,0.0
1976-12-06,1976,0.0
1976-12-07,1976,0.0
1976-12-08,1976,0.0
1976-12-09,1976,0.0
1976-12-10,1976,0.0
1976-12-11,1976,0.0
1976-12-12,1976,0.0
1976-12-13,1976,0.0
1976-12-14,1976,0.0
1976-12-15,1976,0.0
1976-12-16,1976,0.0
1976-12-17,1976,0.0
1976-12-18,1976,0.0
1976-12-19,1976,0.0
1976-12-20,1976,0.0
1976-12-22,1976,0.0
1976-12-25,1976,0.0
1976-12-26,1976,1.1
1976-12-27,1976,0.0
1976-12-30,1976,0.0
1976-12-31,1976,0.0
1977-01-01,1977,0.9
1977-01-02,1977,1.3
1977-01-03,1977,3.5
1977-01-04,1977,14.3
1977-01-05,1977,0.0
1977-01-10,1977,0.0
1977-01-13,1977,0.0
1977-01-14,1977,0.0
1977-01-15,1977,0.0
1977-01-16,1977,0.0
1977-01-18,1977,0.0
1977-01-19,1977,0.0
1977-01-20,1977,0.0
1977-01-21,1977,0.0
1977-01-22,1977,0.1
1977-01-23,1977,0.0
1977-01-24,1977,0.0
1977-01-25,1977,0.0
1977-01-26,1977,0.0
1977-01-28,1977,0.0
1977-02-01,1977,1.9
1977-02-03,1977,0.0
1977-02-04,1977,0.0
1977-02-05,1977,0.0
1977-02-06,1977,0.0
1977-02-07,1977,0.1
1977-02-08,1977,0.7
1977-02-10,1977,0.0
1977-02-11,1977,0.0
1977-02-12,1977,0.0
1977-02-13,1977,0.0
1977-02-14,1977,0.0
1977-02-15,1977,0.0
1977-02-16,1977,0.0
1977-02-18,1977,0.0
1977-02-19,1977,0.0
1977-02-20,1977,0.0
1977-02-21,1977,0.0
1977-02-22,1977,0.0
1977-02-23,1977,0.0
1977-02-24,1977,0.0
1977-02-25,1977,0.0
1977-02-26,1977,0.0
1977-02-27,1977,0.0
1977-02-28,1977,0.5
1977-03-01,1977,0.6
1977-03-02,1977,0.0
1977-03-03,1977,0.0
1977-03-04,1977,0.0
1977-03-05,1977,0.0
1977-03-06,1977,0.0
1977-03-07,1977,0.0
1977-03-08,1977,0.0
1977-03-09,1977,0.0
1977-03-10,1977,0.0
1977-03-11,1977,0.0
1977-03-12,1977,0.0
1977-03-13,1977,0.0
1977-03-14,1977,0.0
1977-03-15,1977,0.0
1977-03-17,1977,0.0
1977-03-18,1977,0.0
1977-03-20,1977,0.0
1977-03-21,1977,0.0
1977-03-24,1977,0.2
1977-03-25,1977,0.0
1977-03-26,1977,0.0
1977-03-27,1977,0.0
1977-03-29,1977,0.4
1977-03-30,1977,2.8
1977-03-31,1977,0.0
1977-04-01,1977,0.0
1977-04-02,1977,0.0
1977-04-03,1977,0.1
1977-04-07,1977,0.0
1977-04-08,1977,0.0
1977-04-09,1977,0.5
1977-04-10,1977,0.2
1977-04-12,1977,0.0
1977-04-16,1977,0.0
1977-04-19,1977,0.0
1977-04-20,1977,0.0
1977-04-22,1977,0.0
1977-04-23,1977,0.0
1977-04-24,1977,0.0
1977-04-25,1977,0.0
1977-04-26,1977,0.0
1977-04-27,1977,0.0
1977-04-28,1977,28.1
1977-04-29,1977,11.9
1977-04-30,1977,5.9
1977-05-02,1977,0.0
1977-05-04,1977,0.0
1977-05-05,1977,0.0
1977-05-06,1977,0.0
1977-05-07,1977,0.0
1977-05-09,1977,0.2
1977-05-10,1977,0.0
1977-05-11,1977,0.0
1977-05-12,1977,0.0
1977-05-13,1977,0.0
1977-05-14,1977,0.5
1977-05-15,1977,0.7
1977-05-16,1977,9.4
1977-05-18,1977,0.2
1977-05-19,1977,75.0
1977-05-21,1977,13.2
1977-05-22,1977,17.7
1977-05-24,1977,81.0
1977-05-25,1977,4.3
1977-05-26,1977,8.1
1977-05-27,1977,3.9
1977-05-28,1977,38.6
1977-05-29,1977,11.6
1977-05-30,1977,26.5
1977-05-31,1977,5.2
1977-06-01,1977,7.3
1977-06-02,1977,0.0
1977-06-03,1977,31.2
1977-06-04,1977,0.2
1977-06-05,1977,0.0
1977-06-06,1977,0.9
1977-06-07,1977,0.1
1977-06-09,1977,1.3
1977-06-10,1977,0.0
1977-06-11,1977,0.0
1977-06-14,1977,15.5
1977-06-16,1977,0.0
1977-06-17,1977,0.2
1977-06-18,1977,1.1
1977-06-19,1977,0.9
1977-06-20,1977,2.2
1977-06-21,1977,16.4
1977-06-22,1977,26.7
1977-06-23,1977,91.9
1977-06-24,1977,1.1
1977-06-25,1977,22.2
1977-06-26,1977,12.7
1977-06-28,1977,6.2
1977-06-29,1977,11.9
1977-06-30,1977,8.4
1977-07-01,1977,4.6
1977-07-02,1977,16.1
1977-07-03,1977,5.4
1977-07-04,1977,0.4
1977-07-05,1977,24.1
1977-07-06,1977,39.4
1977-07-07,1977,11.1
1977-07-08,1977,7.6
1977-07-09,1977,0.0
1977-07-12,1977,0.0
1977-07-13,1977,0.1
1977-07-14,1977,12.2
1977-07-15,1977,2.6
1977-07-16,1977,2.2
1977-07-17,1977,0.0
1977-07-18,1977,0.0
1977-07-19,1977,45.4
1977-07-20,1977,69.2
1977-07-21,1977,13.4
1977-07-23,1977,11.3
1977-07-24,1977,0.0
1977-07-25,1977,0.0
1977-07-26,1977,2.1
1977-07-27,1977,0.2
1977-07-28,1977,0.5
1977-07-29,1977,7.1
1977-07-30,1977,1.1
1977-07-31,1977,0.0
1977-08-01,1977,14.0
1977-08-02,1977,45.1
1977-08-03,1977,40.6
1977-08-04,1977,0.5
1977-08-05,1977,3.2
1977-08-06,1977,8.9
1977-08-07,1977,11.2
1977-08-08,1977,0.3
1977-08-09,1977,0.0
1977-08-10,1977,5.9
1977-08-11,1977,0.6
1977-08-13,1977,2.0
1977-08-14,1977,3.6
1977-08-15,1977,1.2
1977-08-16,1977,0.1
1977-08-17,1977,0.0
1977-08-18,1977,0.0
1977-08-19,1977,1.2
1977-08-20,1977,0.0
1977-08-21,1977,5.1
1977-08-22,1977,0.0
1977-08-23,1977,0.0
1977-08-24,1977,0.0
1977-08-25,1977,0.0
1977-08-26,1977,0.0
1977-08-27,1977,0.0
1977-08-29,1977,5.3
1977-08-30,1977,0.9
1977-09-01,1977,0.0
1977-09-02,1977,0.0
1977-09-03,1977,0.8
1977-09-04,1977,80.6
1977-09-05,1977,119.7
1977-09-06,1977,67.3
1977-09-07,1977,0.0
1977-09-08,1977,38.8
1977-09-09,1977,0.1
1977-09-10,1977,0.0
1977-09-11,1977,0.0
1977-09-12,1977,0.0
1977-09-13,1977,9.1
1977-09-15,1977,0.0
1977-09-16,1977,0.0
1977-09-17,1977,0.0
1977-09-18,1977,0.1
1977-09-19,1977,7.2
1977-09-20,1977,0.0
1977-09-21,1977,0.0
1977-09-22,1977,0.7
1977-09-23,1977,0.0
1977-09-24,1977,25.2
1977-09-25,1977,50.7
1977-09-26,1977,12.8
1977-09-27,1977,0.0
1977-09-28,1977,2.0
1977-09-29,1977,0.1
1977-09-30,1977,0.7
1977-10-01,1977,0.3
1977-10-02,1977,14.3
1977-10-03,1977,0.2
1977-10-04,1977,22.6
1977-10-05,1977,24.1
1977-10-06,1977,0.3
1977-10-08,1977,0.0
1977-10-10,1977,39.2
1977-10-11,1977,0.2
1977-10-12,1977,0.1
1977-10-13,1977,0.0
1977-10-14,1977,0.0
1977-10-15,1977,0.1
1977-10-16,1977,0.1
1977-10-17,1977,0.6
1977-10-18,1977,1.9
1977-10-19,1977,0.0
1977-10-20,1977,0.0
1977-10-21,1977,0.0
1977-10-22,1977,0.0
1977-10-23,1977,0.0
1977-10-24,1977,0.0
1977-10-25,1977,0.0
1977-10-26,1977,91.8
1977-10-29,1977,0.0
1977-10-30,1977,0.0
1977-10-31,1977,0.0
1977-11-01,1977,0.0
1977-11-03,1977,1.9
1977-11-04,1977,0.0
1977-11-06,1977,0.0
1977-11-07,1977,0.0
1977-11-08,1977,0.0
1977-11-09,1977,0.0
1977-11-10,1977,0.0
1977-11-11,1977,1.1
1977-11-12,1977,0.0
1977-11-13,1977,0.0
1977-11-16,1977,0.0
1977-11-17,1977,0.0
1977-11-18,1977,0.0
1977-11-19,1977,0.0
1977-11-20,1977,0.0
1977-11-21,1977,0.0
1977-11-22,1977,0.0
1977-11-23,1977,0.0
1977-11-24,1977,3.1
1977-11-25,1977,0.0
1977-11-26,1977,0.0
1977-11-27,1977,0.0
1977-11-28,1977,0.0
1977-11-29,1977,0.0
1977-11-30,1977,0.0
1977-12-01,1977,0.0
1977-12-02,1977,0.0
1977-12-03,1977,0.0
1977-12-04,1977,0.0
1977-12-05,1977,0.0
1977-12-06,1977,0.0
1977-12-07,1977,0.0
1977-12-08,1977,0.0
1977-12-09,1977,0.0
1977-12-10,1977,0.0
1977-12-11,1977,0.0
1977-12-12,1977,0.0
1977-12-13,1977,0.0
1977-12-14,1977,0.0
1977-12-15,1977,0.0
1977-12-16,1977,0.0
1977-12-17,1977,0.0
1977-12-18,1977,0.0
1977-12-19,1977,0.0
1977-12-20,1977,0.0
1977-12-21,1977,0.0
1977-12-23,1977,0.0
1977-12-24,1977,0.0
1977-12-26,1977,0.2
1977-12-27,1977,0.0
1977-12-28,1977,0.1
1977-12-29,1977,0.7
1977-12-31,1977,6.9
1978-01-01,1978,1.0
1978-01-02,1978,0.0
1978-01-03,1978,0.0
1978-01-04,1978,0.0
1978-01-05,1978,0.0
1978-01-06,1978,0.0
1978-01-07,1978,0.0
1978-01-08,1978,0.0
1978-01-09,1978,0.0
1978-01-10,1978,0.0
1978-01-11,1978,0.0
1978-01-12,1978,0.0
1978-01-15,1978,0.0
1978-01-16,1978,9.7
1978-01-17,1978,2.7
1978-01-18,1978,3.1
1978-01-19,1978,0.0
1978-01-20,1978,0.0
1978-01-21,1978,0.0
1978-01-22,1978,0.0
1978-01-23,1978,0.0
1978-01-24,1978,0.0
1978-01-25,1978,0.0
1978-01-26,1978,0.0
1978-01-28,1978,3.8
1978-01-29,1978,0.8
1978-01-30,1978,1.0
1978-01-31,1978,0.8
1978-02-01,1978,3.2
1978-02-02,1978,0.0
1978-02-03,1978,0.0
1978-02-04,1978,0.0
1978-02-05,1978,0.0
1978-02-06,1978,0.0
1978-02-09,1978,0.0
1978-02-10,1978,0.0
1978-02-11,1978,0.7
1978-02-12,1978,1.1
1978-02-14,1978,0.4
1978-02-15,1978,0.3
1978-02-16,1978,1.1
1978-02-18,1978,0.0
1978-02-19,1978,0.0
1978-02-20,1978,0.0
1978-02-21,1978,0.0
1978-02-22,1978,9.0
1978-02-24,1978,0.4
1978-02-25,1978,0.0
1978-02-26,1978,0.0
1978-02-27,1978,0.0
1978-02-28,1978,0.0
1978-03-03,1978,0.0
1978-03-04,1978,47.5
1978-03-05,1978,0.3
1978-03-06,1978,4.7
1978-03-07,1978,0.9
1978-03-09,1978,22.2
1978-03-10,1978,11.1
1978-03-12,1978,1.1
1978-03-14,1978,0.1
1978-03-15,1978,0.6
1978-03-16,1978,1.3
1978-03-17,1978,3.8
1978-03-18,1978,0.1
1978-03-20,1978,0.1
1978-03-21,1978,0.7
1978-03-22,1978,21.6
1978-03-23,1978,1.6
1978-03-24,1978,20.9
1978-03-25,1978,4.7
1978-03-27,1978,0.0
1978-03-28,1978,0.0
1978-03-30,1978,0.4
1978-03-31,1978,0.1
1978-04-01,1978,1.5
1978-04-02,1978,14.1
1978-04-03,1978,1.4
1978-04-04,1978,2.5
1978-04-06,1978,3.4
1978-04-07,1978,2.3
1978-04-08,1978,25.6
1978-04-09,1978,27.6
1978-04-10,1978,2.7
1978-04-11,1978,0.0
1978-04-12,1978,0.0
1978-04-13,1978,0.0
1978-04-14,1978,0.0
1978-04-15,1978,4.3
1978-04-16,1978,68.7
1978-04-17,1978,8.2
1978-04-19,1978,0.1
1978-04-20,1978,0.0
1978-04-22,1978,0.0
1978-04-23,1978,0.0
1978-04-24,1978,0.0
1978-04-25,1978,1.1
1978-04-26,1978,0.0
1978-04-28,1978,56.5
1978-04-29,1978,13.9
1978-04-30,1978,3.1
1978-05-01,1978,9.7
1978-05-02,1978,0.0
1978-05-03,1978,4.0
1978-05-04,1978,78.4
1978-05-05,1978,53.5
1978-05-06,1978,0.0
1978-05-07,1978,0.0
1978-05-08,1978,0.0
1978-05-09,1978,0.0
1978-05-10,1978,0.0
1978-05-11,1978,0.0
1978-05-12,1978,0.0
1978-05-13,1978,0.1
1978-05-16,1978,3.4
1978-05-18,1978,76.8
1978-05-20,1978,13.1
1978-05-21,1978,14.1
1978-05-22,1978,30.1
1978-05-23,1978,4.1
1978-05-24,1978,9.2
1978-05-25,1978,0.0
1978-05-26,1978,1.4
1978-05-27,1978,1.8
1978-05-28,1978,0.7
1978-05-29,1978,0.0
1978-05-30,1978,0.0
1978-05-31,1978,0.0
1978-06-01,1978,0.8
1978-06-02,1978,97.6
1978-06-03,1978,0.0
1978-06-04,1978,0.0
1978-06-05,1978,10.7
1978-06-06,1978,6.5
1978-06-07,1978,17.4
1978-06-08,1978,17.5
1978-06-09,1978,0.0
1978-06-10,1978,0.0
1978-06-11,1978,0.0
1978-06-12,1978,0.0
1978-06-13,1978,0.0
1978-06-14,1978,0.0
1978-06-15,1978,5.3
1978-06-16,1978,1.2
1978-06-17,1978,0.0
1978-06-18,1978,0.0
1978-06-19,1978,0.0
1978-06-20,1978,0.0
1978-06-21,1978,0.8
1978-06-22,1978,1.2
1978-06-23,1978,7.9
1978-06-24,1978,0.7
1978-06-25,1978,20.5
1978-06-26,1978,27.7
1978-06-27,1978,26.6
1978-06-29,1978,0.0
1978-06-30,1978,0.0
1978-07-01,1978,5.0
1978-07-02,1978,16.0
1978-07-03,1978,0.1
1978-07-04,1978,0.0
1978-07-05,1978,0.0
1978-07-06,1978,0.0
1978-07-07,1978,0.0
1978-07-08,1978,0.0
1978-07-09,1978,0.0
1978-07-10,1978,0.0
1978-07-11,1978,0.0
1978-07-13,1978,0.8
1978-07-14,1978,0.6
1978-07-15,1978,0.0
1978-07-16,1978,0.0
1978-07-17,1978,0.0
1978-07-18,1978,0.0
1978-07-19,1978,0.0
1978-07-20,1978,0.1
1978-07-21,1978,0.0
1978-07-22,1978,0.0
1978-07-23,1978,17.9
1978-07-24,1978,29.4
1978-07-25,1978,22.5
1978-07-26,1978,97.4
1978-07-27,1978,110.5
1978-07-28,1978,52.6
1978-07-29,1978,118.5
1978-07-30,1978,71.5
1978-07-31,1978,12.3
1978-08-01,1978,0.0
1978-08-02,1978,4.3
1978-08-03,1978,1.8
1978-08-04,1978,1.5
1978-08-05,1978,23.3
1978-08-06,1978,0.0
1978-08-07,1978,3.2
1978-08-09,1978,37.9
1978-08-10,1978,29.1
1978-08-11,1978,14.1
1978-08-12,1978,1.1
1978-08-14,1978,0.0
1978-08-15,1978,0.0
1978-08-16,1978,0.0
1978-08-17,1978,0.0
1978-08-18,1978,0.0
1978-08-19,1978,0.4
1978-08-20,1978,17.4
1978-08-21,1978,17.5
1978-08-22,1978,2.8
1978-08-23,1978,20.6
1978-08-24,1978,0.2
1978-08-25,1978,0.0
1978-08-26,1978,2.9
1978-08-27,1978,45.8
1978-08-28,1978,6.3
1978-08-29,1978,0.6
1978-08-30,1978,0.0
1978-08-31,1978,0.0
1978-09-01,1978,0.0
1978-09-03,1978,0.0
1978-09-04,1978,0.0
1978-09-05,1978,0.0
1978-09-06,1978,0.0
1978-09-07,1978,1.2
1978-09-08,1978,22.2
1978-09-09,1978,0.8
1978-09-10,1978,8.9
1978-09-11,1978,0.0
1978-09-12,1978,0.0
1978-09-13,1978,0.0
1978-09-14,1978,0.0
1978-09-15,1978,0.0
1978-09-16,1978,2.6
1978-09-17,1978,0.0
1978-09-18,1978,0.0
1978-09-20,1978,5.0
1978-09-21,1978,23.0
1978-09-22,1978,0.3
1978-09-23,1978,0.4
1978-09-24,1978,32.4
1978-09-25,1978,71.5
1978-09-26,1978,61.0
1978-09-27,1978,3.5
1978-09-28,1978,0.0
1978-09-29,1978,5.5
1978-09-30,1978,33.5
1978-10-01,1978,56.3
1978-10-02,1978,4.3
1978-10-03,1978,5.0
1978-10-04,1978,0.0
1978-10-05,1978,13.8
1978-10-06,1978,1.8
1978-10-07,1978,0.0
1978-10-08,1978,0.0
1978-10-09,1978,0.0
1978-10-10,1978,0.0
1978-10-12,1978,0.0
1978-10-13,1978,0.0
1978-10-14,1978,0.0
1978-10-15,1978,0.1
1978-10-16,1978,120.9
1978-10-17,1978,284.8
1978-10-18,1978,7.4
1978-10-19,1978,7.0
1978-10-20,1978,0.0
1978-10-22,1978,0.0
1978-10-23,1978,0.0
1978-10-24,1978,0.0
1978-10-25,1978,0.0
1978-10-26,1978,0.0
1978-10-29,1978,0.0
1978-10-30,1978,0.0
1978-10-31,1978,0.0
1978-11-01,1978,0.0
1978-11-02,1978,0.0
1978-11-03,1978,0.0
1978-11-04,1978,0.0
1978-11-05,1978,0.0
1978-11-07,1978,0.3
1978-11-08,1978,0.0
1978-11-09,1978,0.0
1978-11-10,1978,13.2
1978-11-11,1978,27.4
1978-11-12,1978,0.0
1978-11-13,1978,0.1
1978-11-15,1978,14.8
1978-11-16,1978,0.0
1978-11-18,1978,0.0
1978-11-19,1978,0.0
1978-11-20,1978,0.0
1978-11-21,1978,0.0
1978-11-22,1978,0.0
1978-11-23,1978,0.0
1978-11-24,1978,0.0
1978-11-25,1978,0.0
1978-11-26,1978,0.0
1978-11-27,1978,0.0
1978-11-28,1978,0.0
1978-11-29,1978,0.0
1978-11-30,1978,0.0
1978-12-01,1978,0.0
1978-12-02,1978,0.0
1978-12-03,1978,0.0
1978-12-04,1978,0.0
1978-12-05,1978,0.0
1978-12-06,1978,0.0
1978-12-07,1978,0.0
1978-12-08,1978,0.0
1978-12-09,1978,0.0
1978-12-10,1978,0.0
1978-12-11,1978,0.0
1978-12-12,1978,0.0
1978-12-13,1978,0.0
1978-12-14,1978,0.0
1978-12-15,1978,0.0
1978-12-16,1978,0.0
1978-12-17,1978,0.0
1978-12-18,1978,0.0
1978-12-19,1978,0.0
1978-12-20,1978,0.4
1978-12-21,1978,0.4
1978-12-22,1978,0.0
1978-12-23,1978,0.0
1978-12-24,1978,9.6
1978-12-25,1978,4.5
1978-12-26,1978,0.4
1978-12-27,1978,0.0
1978-12-28,1978,0.0
1978-12-29,1978,0.0
1978-12-30,1978,0.0
1978-12-31,1978,0.0
1979-01-01,1979,0.0
1979-01-02,1979,0.0
1979-01-03,1979,0.0
1979-01-04,1979,0.0
1979-01-05,1979,0.0
1979-01-06,1979,0.0
1979-01-09,1979,0.0
1979-01-10,1979,0.0
1979-01-11,1979,0.0
1979-01-12,1979,1.1
1979-01-13,1979,0.0
1979-01-14,1979,0.1
1979-01-15,1979,17.3
1979-01-16,1979,0.3
1979-01-17,1979,0.1
1979-01-18,1979,0.0
1979-01-19,1979,0.0
1979-01-20,1979,0.0
1979-01-21,1979,0.0
1979-01-22,1979,0.0
1979-01-23,1979,0.0
1979-01-24,1979,0.0
1979-01-25,1979,0.0
1979-01-26,1979,0.0
1979-01-27,1979,0.0
1979-01-28,1979,0.0
1979-01-29,1979,4.4
1979-01-30,1979,11.8
1979-01-31,1979,10.0
1979-02-01,1979,0.0
1979-02-02,1979,0.0
1979-02-04,1979,0.5
1979-02-06,1979,0.0
1979-02-07,1979,0.0
1979-02-08,1979,0.0
1979-02-09,1979,0.0
1979-02-10,1979,0.0
1979-02-11,1979,0.0
1979-02-12,1979,0.0
1979-02-13,1979,0.2
1979-02-14,1979,0.4
1979-02-15,1979,0.0
1979-02-16,1979,0.0
1979-02-17,1979,0.0
1979-02-18,1979,0.0
1979-02-19,1979,0.0
1979-02-20,1979,0.0
1979-02-22,1979,0.1
1979-02-23,1979,0.2
1979-02-25,1979,2.8
1979-02-26,1979,0.0
1979-02-27,1979,1.4
1979-02-28,1979,3.8
1979-03-01,1979,9.8
1979-03-02,1979,1.0
1979-03-03,1979,0.0
1979-03-09,1979,0.0
1979-03-10,1979,0.0
1979-03-11,1979,0.0
1979-03-12,1979,1.9
1979-03-13,1979,2.3
1979-03-14,1979,12.1
1979-03-15,1979,0.6
1979-03-16,1979,0.4
1979-03-18,1979,3.0
1979-03-19,1979,2.4
1979-03-20,1979,8.4
1979-03-22,1979,10.0
1979-03-23,1979,2.7
1979-03-24,1979,5.2
1979-03-25,1979,0.1
1979-03-26,1979,11.6
1979-03-27,1979,0.4
1979-03-29,1979,0.0
1979-03-31,1979,0.0
1979-04-02,1979,61.2
1979-04-03,1979,62.3
1979-04-04,1979,9.9
1979-04-05,1979,17.0
1979-04-06,1979,16.1
1979-04-07,1979,0.2
1979-04-08,1979,3.2
1979-04-09,1979,2.2
1979-04-10,1979,1.5
1979-04-11,1979,0.0
1979-04-12,1979,0.0
1979-04-13,1979,0.0
1979-04-14,1979,0.0
1979-04-16,1979,0.0
1979-04-17,1979,0.0
1979-04-19,1979,52.4
1979-04-20,1979,0.9
1979-04-22,1979,0.0
1979-04-24,1979,0.0
1979-04-25,1979,0.0
1979-04-26,1979,0.0
1979-04-27,1979,0.0
1979-04-29,1979,7.6
1979-04-30,1979,0.0
1979-05-01,1979,0.0
1979-05-02,1979,13.5
1979-05-03,1979,45.7
1979-05-04,1979,3.5
1979-05-07,1979,0.0
1979-05-08,1979,0.0
1979-05-09,1979,0.0
1979-05-10,1979,0.0
1979-05-11,1979,5.3
1979-05-12,1979,5.8
1979-05-13,1979,68.3
1979-05-14,1979,24.2
1979-05-15,1979,69.2
1979-05-16,1979,2.7
1979-05-17,1979,7.5
1979-05-18,1979,0.3
1979-05-19,1979,0.0
1979-05-20,1979,0.0
1979-05-21,1979,0.2
1979-05-22,1979,0.0
1979-05-24,1979,33.0
1979-05-26,1979,0.0
1979-05-28,1979,24.6
1979-05-29,1979,7.0
1979-05-30,1979,0.1
1979-05-31,1979,0.7
1979-06-01,1979,0.0
1979-06-02,1979,0.0
1979-06-03,1979,0.0
1979-06-04,1979,0.0
1979-06-05,1979,0.0
1979-06-06,1979,0.0
1979-06-07,1979,36.4
1979-06-08,1979,9.6
1979-06-09,1979,34.4
1979-06-10,1979,36.8
1979-06-11,1979,113.6
1979-06-13,1979,5.9
1979-06-14,1979,2.7
1979-06-15,1979,0.0
1979-06-16,1979,0.0
1979-06-17,1979,7.4
1979-06-18,1979,0.8
1979-06-19,1979,0.1
1979-06-20,1979,0.0
1979-06-21,1979,0.0
1979-06-22,1979,1.0
1979-06-23,1979,3.3
1979-06-24,1979,2.9
1979-06-25,1979,2.6
1979-06-26,1979,3.2
1979-06-27,1979,12.5
1979-06-28,1979,6.2
1979-06-29,1979,62.4
1979-06-30,1979,36.4
1979-07-01,1979,44.8
1979-07-02,1979,12.7
1979-07-03,1979,0.8
1979-07-04,1979,0.0
1979-07-05,1979,0.7
1979-07-06,1979,12.5
1979-07-08,1979,0.0
1979-07-09,1979,0.0
1979-07-10,1979,2.2
1979-07-11,1979,3.8
1979-07-13,1979,0.8
1979-07-16,1979,0.1
1979-07-18,1979,0.0
1979-07-20,1979,0.8
1979-07-23,1979,0.0
1979-07-24,1979,0.0
1979-07-25,1979,0.0
1979-07-26,1979,0.0
1979-07-28,1979,0.0
1979-07-29,1979,31.4
1979-07-30,1979,129.3
1979-07-31,1979,99.5
1979-08-01,1979,0.0
1979-08-02,1979,209.0
1979-08-03,1979,26.0
1979-08-04,1979,52.4
1979-08-05,1979,0.0
1979-08-07,1979,6.6
1979-08-08,1979,29.8
1979-08-09,1979,70.5
1979-08-10,1979,63.0
1979-08-11,1979,26.1
1979-08-12,1979,34.9
1979-08-13,1979,0.1
1979-08-14,1979,0.0
1979-08-15,1979,0.0
1979-08-16,1979,0.0
1979-08-17,1979,35.1
1979-08-18,1979,18.5
1979-08-19,1979,59.3
1979-08-20,1979,2.0
1979-08-23,1979,8.8
1979-08-24,1979,0.2
1979-08-25,1979,4.1
1979-08-26,1979,7.8
1979-08-27,1979,0.0
1979-08-28,1979,0.0
1979-08-29,1979,0.6
1979-08-30,1979,1.5
1979-08-31,1979,50.6
1979-09-01,1979,6.3
1979-09-02,1979,2.3
1979-09-03,1979,0.0
1979-09-04,1979,1.2
1979-09-05,1979,2.5
1979-09-06,1979,4.7
1979-09-07,1979,3.9
1979-09-08,1979,0.0
1979-09-10,1979,0.6
1979-09-11,1979,64.2
1979-09-12,1979,23.6
1979-09-13,1979,0.0
1979-09-14,1979,0.0
1979-09-15,1979,0.0
1979-09-16,1979,0.0
1979-09-18,1979,15.3
1979-09-19,1979,7.9
1979-09-20,1979,12.5
1979-09-21,1979,0.0
1979-09-23,1979,245.2
1979-09-24,1979,7.5
1979-09-25,1979,31.6
1979-09-26,1979,77.0
1979-09-27,1979,0.0
1979-09-28,1979,0.0
1979-09-29,1979,0.0
1979-09-30,1979,0.0
1979-10-01,1979,0.0
1979-10-02,1979,0.0
1979-10-03,1979,0.0
1979-10-04,1979,0.0
1979-10-05,1979,0.0
1979-10-06,1979,0.0
1979-10-07,1979,0.0
1979-10-08,1979,0.0
1979-10-09,1979,0.0
1979-10-10,1979,0.0
1979-10-11,1979,0.0
1979-10-12,1979,0.0
1979-10-13,1979,0.0
1979-10-14,1979,0.0
1979-10-15,1979,0.0
1979-10-16,1979,0.0
1979-10-17,1979,0.0
1979-10-18,1979,0.0
1979-10-19,1979,0.0
1979-10-20,1979,0.0
1979-10-21,1979,0.0
1979-10-22,1979,0.0
1979-10-23,1979,0.0
1979-10-24,1979,0.0
1979-10-25,1979,0.0
1979-10-26,1979,0.0
1979-10-27,1979,0.0
1979-10-28,1979,0.0
1979-10-29,1979,0.0
1979-10-30,1979,0.0
1979-10-31,1979,0.0
1979-11-01,1979,0.0
1979-11-02,1979,3.8
1979-11-04,1979,7.3
1979-11-05,1979,0.1
1979-11-06,1979,0.0
1979-11-10,1979,0.0
1979-11-11,1979,0.0
1979-11-12,1979,0.0
1979-11-13,1979,0.0
1979-11-14,1979,0.0
1979-11-15,1979,0.0
1979-11-16,1979,0.0
1979-11-18,1979,0.0
1979-11-19,1979,0.0
1979-11-20,1979,0.0
1979-11-21,1979,0.0
1979-11-24,1979,0.0
1979-11-26,1979,0.0
1979-11-27,1979,0.0
1979-11-28,1979,0.0
1979-11-29,1979,0.0
1979-11-30,1979,0.0
1979-12-01,1979,0.0
1979-12-02,1979,0.0
1979-12-04,1979,0.0
1979-12-05,1979,0.0
1979-12-06,1979,0.0
1979-12-07,1979,0.0
1979-12-08,1979,0.0
1979-12-09,1979,0.0
1979-12-10,1979,0.0
1979-12-11,1979,0.0
1979-12-12,1979,0.0
1979-12-13,1979,0.0
1979-12-14,1979,0.0
1979-12-15,1979,0.0
1979-12-16,1979,0.0
1979-12-17,1979,0.0
1979-12-18,1979,0.2
1979-12-19,1979,0.0
1979-12-20,1979,0.0
1979-12-21,1979,0.0
1979-12-22,1979,0.0
1979-12-24,1979,0.0
1979-12-25,1979,0.0
1979-12-26,1979,0.0
1979-12-27,1979,0.0
1979-12-28,1979,0.0
1979-12-29,1979,0.0
1979-12-30,1979,0.0
1979-12-31,1979,0.0
1980-01-01,1980,0.0
1980-01-02,1980,0.0
1980-01-03,1980,0.0
1980-01-04,1980,0.0
1980-01-05,1980,0.0
1980-01-06,1980,0.0
1980-01-07,1980,0.0
1980-01-09,1980,0.0
1980-01-10,1980,0.0
1980-01-11,1980,0.0
1980-01-12,1980,0.0
1980-01-13,1980,0.0
1980-01-14,1980,0.0
1980-01-16,1980,0.0
1980-01-17,1980,3.5
1980-01-18,1980,0.0
1980-01-19,1980,0.0
1980-01-20,1980,0.0
1980-01-21,1980,0.0
1980-01-23,1980,0.0
1980-01-24,1980,0.0
1980-01-25,1980,0.0
1980-01-26,1980,0.0
1980-01-27,1980,0.0
1980-01-28,1980,0.4
1980-01-29,1980,0.4
1980-01-30,1980,0.0
1980-01-31,1980,0.0
1980-02-01,1980,3.3
1980-02-02,1980,13.9
1980-02-03,1980,0.3
1980-02-04,1980,2.9
1980-02-07,1980,0.3
1980-02-09,1980,3.8
1980-02-10,1980,0.3
1980-02-11,1980,0.0
1980-02-12,1980,0.0
1980-02-13,1980,0.0
1980-02-14,1980,0.0
1980-02-15,1980,0.0
1980-02-16,1980,0.0
1980-02-17,1980,2.8
1980-02-19,1980,0.0
1980-02-20,1980,0.0
1980-02-23,1980,5.0
1980-02-24,1980,0.0
1980-02-25,1980,4.4
1980-02-26,1980,2.5
1980-02-27,1980,15.0
1980-02-28,1980,0.0
1980-02-29,1980,0.0
1980-03-01,1980,1.3
1980-03-04,1980,0.3
1980-03-05,1980,1.3
1980-03-06,1980,73.2
1980-03-08,1980,0.6
1980-03-09,1980,0.0
1980-03-10,1980,0.2
1980-03-13,1980,0.0
1980-03-14,1980,0.0
1980-03-15,1980,0.0
1980-03-16,1980,0.0
1980-03-20,1980,0.0
1980-03-21,1980,0.0
1980-03-22,1980,0.0
1980-03-24,1980,0.0
1980-03-25,1980,0.0
1980-03-26,1980,0.0
1980-03-29,1980,0.0
1980-03-31,1980,0.0
1980-04-07,1980,0.0
1980-04-10,1980,1.0
1980-04-12,1980,13.6
1980-04-13,1980,69.0
1980-04-14,1980,0.0
1980-04-15,1980,0.0
1980-04-16,1980,0.0
1980-04-17,1980,0.0
1980-04-18,1980,0.0
1980-04-19,1980,0.0
1980-04-21,1980,0.4
1980-04-22,1980,6.3
1980-04-23,1980,1.2
1980-04-24,1980,3.1
1980-04-25,1980,8.0
1980-04-26,1980,17.5
1980-04-27,1980,0.0
1980-04-29,1980,0.0
1980-05-02,1980,0.6
1980-05-03,1980,86.2
1980-05-04,1980,21.3
1980-05-05,1980,35.9
1980-05-06,1980,9.7
1980-05-07,1980,10.5
1980-05-08,1980,58.9
1980-05-09,1980,0.1
1980-05-10,1980,0.5
1980-05-11,1980,0.6
1980-05-12,1980,0.0
1980-05-13,1980,0.0
1980-05-14,1980,0.0
1980-05-15,1980,7.3
1980-05-16,1980,7.5
1980-05-17,1980,0.6
1980-05-18,1980,0.0
1980-05-22,1980,0.4
1980-05-23,1980,14.9
1980-05-28,1980,0.0
1980-05-29,1980,0.0
1980-05-30,1980,23.2
1980-05-31,1980,0.0
1980-06-01,1980,31.1
1980-06-02,1980,0.1
1980-06-03,1980,5.9
1980-06-04,1980,12.6
1980-06-05,1980,8.1
1980-06-06,1980,0.0
1980-06-08,1980,0.0
1980-06-09,1980,0.0
1980-06-10,1980,0.0
1980-06-11,1980,0.0
1980-06-15,1980,3.4
1980-06-16,1980,0.0
1980-06-17,1980,0.0
1980-06-18,1980,0.0
1980-06-19,1980,0.0
1980-06-20,1980,0.0
1980-06-21,1980,0.0
1980-06-22,1980,0.0
1980-06-23,1980,6.0
1980-06-24,1980,1.0
1980-06-26,1980,16.8
1980-06-27,1980,30.3
1980-06-28,1980,11.1
1980-06-29,1980,24.5
1980-06-30,1980,0.0
1980-07-01,1980,0.0
1980-07-02,1980,0.0
1980-07-03,1980,0.0
1980-07-04,1980,3.4
1980-07-05,1980,2.7
1980-07-07,1980,4.8
1980-07-08,1980,13.5
1980-07-09,1980,0.0
1980-07-10,1980,5.6
1980-07-11,1980,71.0
1980-07-12,1980,73.9
1980-07-13,1980,17.4
1980-07-14,1980,22.9
1980-07-15,1980,0.0
1980-07-16,1980,0.0
1980-07-17,1980,1.6
1980-07-18,1980,13.7
1980-07-19,1980,22.5
1980-07-20,1980,0.0
1980-07-21,1980,0.0
1980-07-22,1980,40.7
1980-07-23,1980,21.2
1980-07-25,1980,0.0
1980-07-26,1980,38.7
1980-07-27,1980,41.4
1980-07-28,1980,56.2
1980-07-29,1980,0.6
1980-07-30,1980,2.3
1980-07-31,1980,0.3
1980-08-02,1980,0.5
1980-08-03,1980,0.1
1980-08-04,1980,0.0
1980-08-05,1980,18.6
1980-08-06,1980,3.0
1980-08-07,1980,32.7
1980-08-09,1980,21.7
1980-08-10,1980,5.4
1980-08-11,1980,0.0
1980-08-14,1980,0.0
1980-08-15,1980,0.0
1980-08-16,1980,0.0
1980-08-17,1980,15.3
1980-08-18,1980,25.5
1980-08-19,1980,15.6
1980-08-20,1980,4.3
1980-08-21,1980,0.8
1980-08-22,1980,3.5
1980-08-23,1980,6.1
1980-08-25,1980,2.7
1980-08-26,1980,0.0
1980-08-27,1980,0.5
1980-08-28,1980,0.0
1980-08-30,1980,56.2
1980-08-31,1980,37.5
1980-09-01,1980,70.3
1980-09-02,1980,37.9
1980-09-03,1980,4.2
1980-09-04,1980,0.0
1980-09-05,1980,9.3
1980-09-07,1980,0.0
1980-09-09,1980,0.0
1980-09-10,1980,0.0
1980-09-11,1980,0.0
1980-09-12,1980,0.0
1980-09-13,1980,0.6
1980-09-14,1980,22.2
1980-09-15,1980,12.0
1980-09-16,1980,0.8
1980-09-17,1980,0.0
1980-09-18,1980,0.0
1980-09-19,1980,0.0
1980-09-20,1980,0.0
1980-09-21,1980,0.0
1980-09-22,1980,9.5
1980-09-23,1980,27.7
1980-09-24,1980,7.9
1980-09-25,1980,0.0
1980-09-26,1980,0.0
1980-09-27,1980,5.5
1980-09-28,1980,3.7
1980-09-29,1980,0.0
1980-09-30,1980,0.0
1980-10-01,1980,3.5
1980-10-02,1980,0.0
1980-10-03,1980,0.0
1980-10-04,1980,0.0
1980-10-05,1980,0.0
1980-10-06,1980,0.0
1980-10-07,1980,0.0
1980-10-08,1980,0.0
1980-10-09,1980,0.0
1980-10-10,1980,0.0
1980-10-11,1980,0.0
1980-10-13,1980,0.0
1980-10-14,1980,0.0
1980-10-16,1980,0.0
1980-10-17,1980,0.0
1980-10-18,1980,8.8
1980-10-19,1980,13.8
1980-10-20,1980,0.1
1980-10-23,1980,18.6
1980-10-24,1980,35.3
1980-10-25,1980,0.0
1980-10-26,1980,0.0
1980-10-27,1980,0.7
1980-10-28,1980,0.0
1980-10-29,1980,0.0
1980-10-30,1980,0.0
1980-10-31,1980,0.0
1980-11-01,1980,0.0
1980-11-02,1980,0.0
1980-11-03,1980,0.0
1980-11-04,1980,0.0
1980-11-05,1980,0.0
1980-11-06,1980,0.0
1980-11-07,1980,0.0
1980-11-08,1980,0.0
1980-11-09,1980,0.0
1980-11-10,1980,0.0
1980-11-11,1980,0.0
1980-11-12,1980,0.0
1980-11-13,1980,0.0
1980-11-14,1980,0.0
1980-11-15,1980,0.0
1980-11-16,1980,0.0
1980-11-17,1980,0.0
1980-11-19,1980,9.8
1980-11-20,1980,0.8
1980-11-21,1980,0.0
1980-11-22,1980,0.0
1980-11-23,1980,0.0
1980-11-24,1980,0.0
1980-11-25,1980,0.0
1980-11-26,1980,16.3
1980-11-27,1980,1.3
1980-11-28,1980,0.0
1980-11-29,1980,0.0
1980-11-30,1980,0.0
1980-12-01,1980,0.0
1980-12-02,1980,0.0
1980-12-03,1980,0.0
1980-12-04,1980,0.0
1980-12-05,1980,0.0
1980-12-06,1980,0.0
1980-12-07,1980,0.7
1980-12-08,1980,0.0
1980-12-09,1980,0.0
1980-12-10,1980,0.0
1980-12-11,1980,0.0
1980-12-12,1980,0.0
1980-12-13,1980,0.0
1980-12-15,1980,0.0
1980-12-16,1980,0.0
1980-12-17,1980,0.0
1980-12-18,1980,0.0
1980-12-19,1980,0.0
1980-12-20,1980,0.0
1980-12-21,1980,0.0
1980-12-22,1980,0.0
1980-12-23,1980,0.0
1980-12-24,1980,0.0
1980-12-26,1980,0.0
1980-12-27,1980,0.0
1980-12-29,1980,0.0
1980-12-30,1980,0.0
1980-12-31,1980,0.0
1981-01-01,1981,0.0
1981-01-02,1981,0.0
1981-01-03,1981,0.0
1981-01-04,1981,0.0
1981-01-05,1981,0.0
1981-01-06,1981,0.0
1981-01-08,1981,0.0
1981-01-09,1981,0.0
1981-01-10,1981,0.0
1981-01-11,1981,0.0
1981-01-12,1981,0.0
1981-01-13,1981,0.0
1981-01-14,1981,0.0
1981-01-15,1981,0.0
1981-01-16,1981,0.0
1981-01-17,1981,0.0
1981-01-18,1981,0.0
1981-01-19,1981,0.0
1981-01-20,1981,0.0
1981-01-21,1981,0.0
1981-01-23,1981,0.0
1981-01-24,1981,0.0
1981-01-28,1981,0.0
1981-01-29,1981,0.0
1981-02-01,1981,0.0
1981-02-02,1981,0.0
1981-02-03,1981,0.0
1981-02-05,1981,0.0
1981-02-08,1981,0.0
1981-02-09,1981,0.0
1981-02-10,1981,0.0
1981-02-11,1981,0.0
1981-02-13,1981,0.7
1981-02-14,1981,0.1
1981-02-16,1981,0.6
1981-02-17,1981,2.2
1981-02-18,1981,1.2
1981-02-19,1981,0.7
1981-02-20,1981,0.9
1981-02-21,1981,0.1
1981-02-23,1981,0.0
1981-02-24,1981,1.3
1981-02-25,1981,3.8
1981-02-26,1981,0.1
1981-02-28,1981,0.1
1981-03-02,1981,4.5
1981-03-04,1981,0.0
1981-03-05,1981,0.0
1981-03-06,1981,0.0
1981-03-08,1981,0.0
1981-03-09,1981,0.0
1981-03-10,1981,0.1
1981-03-11,1981,0.4
1981-03-13,1981,0.0
1981-03-14,1981,0.0
1981-03-15,1981,31.9
1981-03-16,1981,0.0
1981-03-17,1981,2.4
1981-03-18,1981,12.9
1981-03-19,1981,48.5
1981-03-20,1981,4.2
1981-03-21,1981,0.0
1981-03-22,1981,17.2
1981-03-23,1981,0.0
1981-03-24,1981,0.8
1981-03-25,1981,0.2
1981-03-27,1981,0.6
1981-03-28,1981,0.1
1981-03-30,1981,0.1
1981-04-01,1981,0.0
1981-04-03,1981,1.7
1981-04-04,1981,0.0
1981-04-05,1981,0.0
1981-04-06,1981,0.0
1981-04-09,1981,14.4
1981-04-10,1981,0.3
1981-04-11,1981,1.8
1981-04-12,1981,2.4
1981-04-14,1981,16.0
1981-04-15,1981,12.2
1981-04-16,1981,0.0
1981-04-17,1981,0.3
1981-04-18,1981,0.0
1981-04-19,1981,15.7
1981-04-20,1981,0.9
1981-04-23,1981,7.0
1981-04-24,1981,0.0
1981-04-25,1981,0.5
1981-04-26,1981,0.0
1981-04-27,1981,0.0
1981-04-28,1981,0.0
1981-04-29,1981,21.0
1981-04-30,1981,0.0
1981-05-01,1981,0.0
1981-05-02,1981,0.0
1981-05-03,1981,1.2
1981-05-05,1981,0.0
1981-05-06,1981,0.0
1981-05-07,1981,0.0
1981-05-08,1981,0.0
1981-05-09,1981,0.1
1981-05-10,1981,82.7
1981-05-11,1981,96.1
1981-05-12,1981,7.4
1981-05-14,1981,0.5
1981-05-15,1981,18.2
1981-05-16,1981,0.0
1981-05-17,1981,0.0
1981-05-18,1981,0.0
1981-05-19,1981,0.0
1981-05-21,1981,37.0
1981-05-23,1981,0.5
1981-05-24,1981,1.7
1981-05-25,1981,0.9
1981-05-29,1981,1.4
1981-05-30,1981,1.5
1981-05-31,1981,86.9
1981-06-01,1981,13.3
1981-06-02,1981,1.7
1981-06-04,1981,3.1
1981-06-05,1981,33.3
1981-06-06,1981,1.6
1981-06-08,1981,0.0
1981-06-10,1981,0.1
1981-06-11,1981,2.2
1981-06-12,1981,0.6
1981-06-13,1981,0.0
1981-06-16,1981,0.0
1981-06-17,1981,0.0
1981-06-19,1981,0.0
1981-06-20,1981,0.0
1981-06-21,1981,0.0
1981-06-22,1981,0.0
1981-06-23,1981,5.3
1981-06-24,1981,22.0
1981-06-25,1981,1.2
1981-06-26,1981,0.0
1981-06-28,1981,18.9
1981-06-29,1981,2.1
1981-06-30,1981,1.0
1981-07-01,1981,2.9
1981-07-02,1981,2.5
1981-07-03,1981,10.2
1981-07-04,1981,4.3
1981-07-05,1981,0.5
1981-07-06,1981,68.0
1981-07-07,1981,14.9
1981-07-08,1981,0.3
1981-07-09,1981,0.0
1981-07-10,1981,0.0
1981-07-11,1981,0.0
1981-07-13,1981,0.0
1981-07-14,1981,0.3
1981-07-16,1981,0.0
1981-07-17,1981,0.0
1981-07-18,1981,72.6
1981-07-19,1981,7.2
1981-07-20,1981,0.8
1981-07-21,1981,0.5
1981-07-22,1981,44.1
1981-07-23,1981,19.4
1981-07-24,1981,2.6
1981-07-25,1981,1.9
1981-07-26,1981,1.0
1981-07-27,1981,52.9
1981-07-28,1981,10.3
1981-07-29,1981,0.0
1981-07-30,1981,0.0
1981-07-31,1981,0.0
1981-08-01,1981,0.0
1981-08-02,1981,0.4
1981-08-03,1981,5.3
1981-08-04,1981,0.0
1981-08-05,1981,0.0
1981-08-06,1981,0.0
1981-08-07,1981,0.0
1981-08-08,1981,0.0
1981-08-09,1981,5.3
1981-08-10,1981,3.1
1981-08-11,1981,11.2
1981-08-12,1981,1.5
1981-08-13,1981,0.0
1981-08-14,1981,0.0
1981-08-15,1981,0.1
1981-08-16,1981,3.9
1981-08-18,1981,6.2
1981-08-19,1981,1.7
1981-08-20,1981,1.1
1981-08-21,1981,0.0
1981-08-22,1981,0.0
1981-08-23,1981,3.7
1981-08-24,1981,0.1
1981-08-25,1981,0.0
1981-08-26,1981,0.0
1981-08-27,1981,16.5
1981-08-28,1981,8.6
1981-08-30,1981,0.8
1981-08-31,1981,31.7
1981-09-01,1981,21.7
1981-09-02,1981,0.0
1981-09-03,1981,8.7
1981-09-04,1981,126.1
1981-09-05,1981,5.3
1981-09-06,1981,32.8
1981-09-07,1981,3.5
1981-09-09,1981,0.0
1981-09-11,1981,0.0
1981-09-12,1981,0.0
1981-09-13,1981,0.5
1981-09-14,1981,13.0
1981-09-15,1981,0.3
1981-09-18,1981,0.0
1981-09-19,1981,0.0
1981-09-20,1981,0.0
1981-09-22,1981,18.6
1981-09-23,1981,4.2
1981-09-24,1981,9.2
1981-09-25,1981,0.0
1981-09-28,1981,9.3
1981-09-29,1981,128.5
1981-09-30,1981,0.2
1981-10-01,1981,0.1
1981-10-02,1981,18.4
1981-10-03,1981,12.6
1981-10-04,1981,7.5
1981-10-05,1981,53.7
1981-10-06,1981,13.0
1981-10-08,1981,0.0
1981-10-09,1981,0.0
1981-10-10,1981,0.0
1981-10-11,1981,0.0
1981-10-12,1981,0.0
1981-10-13,1981,0.0
1981-10-14,1981,0.0
1981-10-16,1981,0.0
1981-10-17,1981,0.0
1981-10-18,1981,0.0
1981-10-20,1981,5.7
1981-10-21,1981,0.0
1981-10-22,1981,0.0
1981-10-25,1981,0.0
1981-10-26,1981,0.0
1981-10-27,1981,0.0
1981-10-28,1981,0.0
1981-10-29,1981,0.0
1981-10-31,1981,0.6
1981-11-02,1981,54.5
1981-11-03,1981,0.7
1981-11-04,1981,8.6
1981-11-05,1981,4.7
1981-11-06,1981,0.0
1981-11-07,1981,0.0
1981-11-08,1981,0.1
1981-11-09,1981,0.9
1981-11-10,1981,0.0
1981-11-11,1981,0.0
1981-11-12,1981,0.0
1981-11-13,1981,0.0
1981-11-14,1981,0.0
1981-11-15,1981,0.0
1981-11-16,1981,0.0
1981-11-18,1981,0.0
1981-11-19,1981,0.0
1981-11-20,1981,0.0
1981-11-21,1981,0.0
1981-11-22,1981,0.3
1981-11-24,1981,0.0
1981-11-25,1981,0.0
1981-11-26,1981,0.0
1981-11-27,1981,0.0
1981-11-28,1981,0.0
1981-11-29,1981,0.0
1981-11-30,1981,0.0
1981-12-01,1981,0.0
1981-12-02,1981,0.0
1981-12-03,1981,0.0
1981-12-04,1981,0.0
1981-12-05,1981,0.0
1981-12-06,1981,0.0
1981-12-07,1981,0.0
1981-12-09,1981,0.0
1981-12-10,1981,0.0
1981-12-11,1981,0.0
1981-12-12,1981,0.0
1981-12-13,1981,0.0
1981-12-14,1981,0.0
1981-12-15,1981,0.0
1981-12-16,1981,0.0
1981-12-17,1981,0.0
1981-12-18,1981,0.0
1981-12-19,1981,0.0
1981-12-20,1981,0.0
1981-12-21,1981,0.0
1981-12-22,1981,0.0
1981-12-23,1981,0.0
1981-12-24,1981,0.0
1981-12-25,1981,0.0
1981-12-26,1981,0.0
1981-12-27,1981,0.0
1981-12-28,1981,0.5
1981-12-29,1981,4.2
1981-12-30,1981,0.7
1981-12-31,1981,0.0
1982-01-01,1982,0.0
1982-01-02,1982,0.0
1982-01-03,1982,0.0
1982-01-04,1982,0.0
1982-01-05,1982,0.0
1982-01-06,1982,0.0
1982-01-07,1982,0.0
1982-01-08,1982,0.0
1982-01-09,1982,0.0
1982-01-10,1982,0.0
1982-01-13,1982,10.6
1982-01-14,1982,0.2
1982-01-15,1982,0.0
1982-01-16,1982,0.0
1982-01-19,1982,0.0
1982-01-20,1982,0.0
1982-01-21,1982,3.8
1982-01-22,1982,1.0
1982-01-23,1982,0.4
1982-01-24,1982,0.0
1982-01-25,1982,0.0
1982-01-27,1982,0.0
1982-01-28,1982,0.0
1982-01-29,1982,0.0
1982-01-30,1982,0.0
1982-01-31,1982,0.0
1982-02-01,1982,0.0
1982-02-04,1982,0.0
1982-02-05,1982,0.7
1982-02-06,1982,0.0
1982-02-08,1982,1.6
1982-02-09,1982,0.2
1982-02-11,1982,0.0
1982-02-12,1982,3.7
1982-02-13,1982,0.4
1982-02-14,1982,5.1
1982-02-16,1982,0.1
1982-02-17,1982,0.0
1982-02-18,1982,0.0
1982-02-19,1982,0.0
1982-02-20,1982,0.0
1982-02-22,1982,1.7
1982-02-23,1982,0.1
1982-02-27,1982,0.9
1982-02-28,1982,8.6
1982-03-01,1982,17.5
1982-03-02,1982,3.9
1982-03-05,1982,0.0
1982-03-06,1982,0.0
1982-03-07,1982,3.3
1982-03-08,1982,1.7
1982-03-09,1982,0.2
1982-03-10,1982,0.4
1982-03-11,1982,0.1
1982-03-12,1982,0.0
1982-03-13,1982,0.0
1982-03-15,1982,0.0
1982-03-16,1982,0.0
1982-03-20,1982,0.0
1982-03-23,1982,0.3
1982-03-24,1982,0.2
1982-03-25,1982,3.0
1982-03-27,1982,0.0
1982-03-28,1982,0.0
1982-03-29,1982,0.0
1982-03-30,1982,0.0
1982-04-01,1982,0.5
1982-04-02,1982,26.6
1982-04-03,1982,1.3
1982-04-04,1982,7.7
1982-04-05,1982,0.0
1982-04-06,1982,0.0
1982-04-07,1982,0.0
1982-04-08,1982,0.0
1982-04-09,1982,0.0
1982-04-10,1982,0.0
1982-04-11,1982,0.0
1982-04-12,1982,0.0
1982-04-13,1982,0.0
1982-04-14,1982,0.0
1982-04-15,1982,0.0
1982-04-16,1982,0.0
1982-04-17,1982,0.0
1982-04-18,1982,0.0
1982-04-20,1982,0.1
1982-04-21,1982,0.0
1982-04-22,1982,70.9
1982-04-23,1982,59.9
1982-04-24,1982,31.0
1982-04-25,1982,11.6
1982-04-26,1982,7.3
1982-04-27,1982,36.8
1982-04-28,1982,7.6
1982-04-29,1982,28.3
1982-04-30,1982,20.4
1982-05-01,1982,11.1
1982-05-02,1982,9.6
1982-05-03,1982,0.0
1982-05-04,1982,0.0
1982-05-05,1982,0.0
1982-05-06,1982,27.1
1982-05-07,1982,55.9
1982-05-08,1982,0.0
1982-05-10,1982,0.0
1982-05-14,1982,1.0
1982-05-15,1982,0.3
1982-05-16,1982,0.0
1982-05-17,1982,0.0
1982-05-18,1982,0.0
1982-05-19,1982,8.5
1982-05-21,1982,0.0
1982-05-22,1982,0.0
1982-05-23,1982,0.0
1982-05-24,1982,0.0
1982-05-25,1982,0.0
1982-05-28,1982,179.0
1982-05-29,1982,258.4
1982-05-30,1982,11.0
1982-05-31,1982,205.5
1982-06-01,1982,1.3
1982-06-02,1982,22.1
1982-06-04,1982,0.0
1982-06-05,1982,0.0
1982-06-06,1982,4.9
1982-06-07,1982,1.7
1982-06-08,1982,5.1
1982-06-09,1982,70.6
1982-06-12,1982,0.0
1982-06-13,1982,0.0
1982-06-14,1982,1.2
1982-06-16,1982,5.9
1982-06-18,1982,2.7
1982-06-19,1982,2.7
1982-06-20,1982,0.3
1982-06-21,1982,5.9
1982-06-23,1982,38.4
1982-06-25,1982,0.8
1982-06-26,1982,0.0
1982-06-27,1982,0.0
1982-06-29,1982,8.0
1982-06-30,1982,34.3
1982-07-01,1982,29.3
1982-07-02,1982,3.8
1982-07-03,1982,54.3
1982-07-04,1982,51.7
1982-07-05,1982,27.1
1982-07-06,1982,17.2
1982-07-07,1982,3.2
1982-07-11,1982,0.0
1982-07-12,1982,0.6
1982-07-13,1982,1.6
1982-07-14,1982,0.9
1982-07-15,1982,2.8
1982-07-16,1982,13.8
1982-07-17,1982,1.6
1982-07-18,1982,1.0
1982-07-19,1982,13.4
1982-07-20,1982,0.0
1982-07-21,1982,2.2
1982-07-22,1982,23.6
1982-07-23,1982,3.0
1982-07-24,1982,0.0
1982-07-25,1982,0.4
1982-07-26,1982,0.0
1982-07-27,1982,0.0
1982-07-28,1982,0.0
1982-07-29,1982,14.2
1982-07-30,1982,0.0
1982-07-31,1982,30.5
1982-08-01,1982,114.9
1982-08-02,1982,5.4
1982-08-03,1982,204.2
1982-08-04,1982,0.4
1982-08-05,1982,2.6
1982-08-07,1982,6.5
1982-08-08,1982,5.8
1982-08-09,1982,6.4
1982-08-11,1982,0.0
1982-08-12,1982,0.0
1982-08-13,1982,0.0
1982-08-15,1982,29.4
1982-08-16,1982,334.2
1982-08-17,1982,80.4
1982-08-18,1982,47.6
1982-08-19,1982,31.2
1982-08-20,1982,2.3
1982-08-21,1982,0.5
1982-08-22,1982,0.0
1982-08-23,1982,0.0
1982-08-25,1982,0.0
1982-08-26,1982,0.0
1982-08-27,1982,0.0
1982-08-28,1982,0.0
1982-08-30,1982,0.2
1982-09-01,1982,0.4
1982-09-02,1982,3.4
1982-09-03,1982,24.9
1982-09-04,1982,0.5
1982-09-05,1982,0.0
1982-09-06,1982,7.3
1982-09-07,1982,14.6
1982-09-08,1982,17.7
1982-09-09,1982,0.0
1982-09-11,1982,11.0
1982-09-12,1982,0.6
1982-09-13,1982,21.4
1982-09-14,1982,70.8
1982-09-15,1982,26.5
1982-09-16,1982,73.8
1982-09-17,1982,7.0
1982-09-18,1982,0.0
1982-09-19,1982,0.0
1982-09-20,1982,0.0
1982-09-21,1982,10.3
1982-09-22,1982,36.2
1982-09-23,1982,0.0
1982-09-24,1982,0.0
1982-09-25,1982,48.7
1982-09-27,1982,0.0
1982-09-29,1982,71.7
1982-09-30,1982,20.0
1982-10-01,1982,0.0
1982-10-03,1982,0.0
1982-10-04,1982,0.0
1982-10-05,1982,8.9
1982-10-08,1982,0.0
1982-10-09,1982,0.0
1982-10-10,1982,0.0
1982-10-11,1982,0.0
1982-10-12,1982,0.0
1982-10-13,1982,0.0
1982-10-14,1982,0.0
1982-10-15,1982,0.0
1982-10-17,1982,0.1
1982-10-19,1982,0.0
1982-10-21,1982,28.4
1982-10-22,1982,0.4
1982-10-23,1982,17.2
1982-10-24,1982,1.1
1982-10-26,1982,70.5
1982-10-27,1982,37.1
1982-10-28,1982,0.0
1982-10-30,1982,0.0
1982-10-31,1982,0.0
1982-11-01,1982,2.1
1982-11-05,1982,6.2
1982-11-06,1982,0.2
1982-11-07,1982,1.1
1982-11-08,1982,3.2
1982-11-09,1982,4.8
1982-11-10,1982,0.0
1982-11-11,1982,0.0
1982-11-12,1982,0.0
1982-11-14,1982,1.7
1982-11-15,1982,0.4
1982-11-16,1982,3.0
1982-11-17,1982,1.2
1982-11-18,1982,15.7
1982-11-19,1982,0.0
1982-11-20,1982,0.0
1982-11-22,1982,0.0
1982-11-26,1982,38.8
1982-11-27,1982,1.3
1982-11-28,1982,15.0
1982-11-29,1982,1.1
1982-11-30,1982,0.0
1982-12-01,1982,0.0
1982-12-02,1982,0.0
1982-12-03,1982,0.0
1982-12-04,1982,0.0
1982-12-09,1982,0.0
1982-12-10,1982,0.0
1982-12-11,1982,0.0
1982-12-13,1982,0.0
1982-12-14,1982,0.0
1982-12-15,1982,0.0
1982-12-16,1982,0.0
1982-12-17,1982,0.0
1982-12-18,1982,0.0
1982-12-19,1982,0.0
1982-12-20,1982,0.0
1982-12-21,1982,0.0
1982-12-22,1982,0.0
1982-12-23,1982,0.0
1982-12-24,1982,0.0
1982-12-25,1982,0.0
1982-12-26,1982,0.0
1982-12-27,1982,0.0
1982-12-28,1982,0.0
1982-12-29,1982,0.0
1982-12-30,1982,0.0
1982-12-31,1982,0.0
1983-01-01,1983,0.0
1983-01-02,1983,0.0
1983-01-04,1983,0.2
1983-01-05,1983,16.3
1983-01-06,1983,7.0
1983-01-07,1983,15.1
1983-01-08,1983,22.7
1983-01-09,1983,0.9
1983-01-10,1983,0.0
1983-01-13,1983,0.0
1983-01-14,1983,0.0
1983-01-15,1983,0.0
1983-01-16,1983,0.0
1983-01-17,1983,5.6
1983-01-19,1983,1.3
1983-01-22,1983,0.3
1983-01-23,1983,0.0
1983-01-24,1983,0.0
1983-01-25,1983,0.0
1983-01-26,1983,0.0
1983-01-27,1983,0.0
1983-01-28,1983,2.7
1983-01-29,1983,4.2
1983-01-30,1983,0.0
1983-02-01,1983,1.6
1983-02-02,1983,4.4
1983-02-03,1983,0.0
1983-02-05,1983,6.4
1983-02-06,1983,3.2
1983-02-07,1983,2.4
1983-02-08,1983,5.4
1983-02-09,1983,2.7
1983-02-10,1983,4.4
1983-02-11,1983,34.1
1983-02-12,1983,38.5
1983-02-13,1983,7.8
1983-02-14,1983,0.6
1983-02-15,1983,18.5
1983-02-16,1983,17.1
1983-02-17,1983,0.0
1983-02-18,1983,0.0
1983-02-19,1983,9.4
1983-02-20,1983,14.5
1983-02-21,1983,4.7
1983-02-22,1983,1.9
1983-02-23,1983,0.6
1983-02-24,1983,16.6
1983-02-25,1983,36.1
1983-02-26,1983,9.8
1983-02-27,1983,0.1
1983-02-28,1983,0.2
1983-03-01,1983,27.7
1983-03-02,1983,81.4
1983-03-03,1983,0.0
1983-03-04,1983,3.6
1983-03-05,1983,0.0
1983-03-06,1983,1.1
1983-03-07,1983,0.3
1983-03-08,1983,1.0
1983-03-09,1983,2.4
1983-03-10,1983,12.1
1983-03-11,1983,1.2
1983-03-12,1983,47.3
1983-03-13,1983,0.0
1983-03-14,1983,0.1
1983-03-15,1983,16.7
1983-03-16,1983,19.3
1983-03-17,1983,4.1
1983-03-19,1983,31.4
1983-03-20,1983,7.3
1983-03-21,1983,1.0
1983-03-22,1983,0.2
1983-03-24,1983,1.3
1983-03-25,1983,65.5
1983-03-26,1983,3.2
1983-03-27,1983,98.6
1983-03-28,1983,1.2
1983-03-30,1983,0.0
1983-03-31,1983,0.0
1983-04-01,1983,0.0
1983-04-04,1983,1.7
1983-04-05,1983,37.1
1983-04-06,1983,37.2
1983-04-07,1983,8.9
1983-04-08,1983,57.7
1983-04-09,1983,0.5
1983-04-10,1983,0.0
1983-04-13,1983,0.3
1983-04-14,1983,0.0
1983-04-16,1983,6.6
1983-04-17,1983,5.1
1983-04-18,1983,1.2
1983-04-22,1983,0.0
1983-04-27,1983,0.0
1983-04-28,1983,0.0
1983-04-30,1983,14.8
1983-05-01,1983,0.5
1983-05-02,1983,1.4
1983-05-03,1983,0.0
1983-05-05,1983,0.0
1983-05-06,1983,9.4
1983-05-07,1983,0.0
1983-05-08,1983,3.5
1983-05-09,1983,13.7
1983-05-12,1983,22.6
1983-05-14,1983,0.1
1983-05-15,1983,90.6
1983-05-16,1983,0.0
1983-05-17,1983,0.0
1983-05-18,1983,0.0
1983-05-20,1983,31.2
1983-05-21,1983,56.1
1983-05-22,1983,0.9
1983-05-23,1983,1.6
1983-05-24,1983,1.1
1983-05-25,1983,2.1
1983-05-26,1983,38.6
1983-05-27,1983,51.6
1983-05-28,1983,38.5
1983-05-29,1983,8.6
1983-05-30,1983,0.1
1983-05-31,1983,0.3
1983-06-01,1983,0.0
1983-06-02,1983,0.2
1983-06-03,1983,21.6
1983-06-05,1983,0.0
1983-06-06,1983,0.0
1983-06-07,1983,0.0
1983-06-08,1983,14.8
1983-06-09,1983,30.6
1983-06-10,1983,7.8
1983-06-11,1983,0.0
1983-06-12,1983,0.0
1983-06-13,1983,0.0
1983-06-14,1983,0.0
1983-06-16,1983,1.6
1983-06-17,1983,346.7
1983-06-18,1983,3.8
1983-06-20,1983,9.8
1983-06-21,1983,2.4
1983-06-23,1983,0.0
1983-06-24,1983,0.0
1983-06-25,1983,0.0
1983-06-26,1983,2.4
1983-06-27,1983,0.2
1983-06-28,1983,0.0
1983-06-29,1983,2.9
1983-06-30,1983,1.0
1983-07-02,1983,0.4
1983-07-04,1983,0.1
1983-07-05,1983,0.8
1983-07-06,1983,0.1
1983-07-08,1983,0.0
1983-07-10,1983,0.0
1983-07-11,1983,0.0
1983-07-12,1983,9.9
1983-07-13,1983,6.8
1983-07-14,1983,0.3
1983-07-15,1983,0.0
1983-07-16,1983,13.3
1983-07-17,1983,26.5
1983-07-18,1983,8.9
1983-07-19,1983,0.0
1983-07-20,1983,0.0
1983-07-21,1983,0.0
1983-07-22,1983,1.1
1983-07-23,1983,0.0
1983-07-24,1983,0.2
1983-07-25,1983,0.0
1983-07-26,1983,4.7
1983-07-27,1983,38.2
1983-07-28,1983,13.4
1983-07-29,1983,6.5
1983-07-31,1983,0.0
1983-08-02,1983,9.3
1983-08-03,1983,1.0
1983-08-04,1983,0.0
1983-08-05,1983,1.0
1983-08-06,1983,0.0
1983-08-07,1983,0.0
1983-08-08,1983,0.0
1983-08-09,1983,0.0
1983-08-10,1983,0.0
1983-08-12,1983,2.6
1983-08-13,1983,1.2
1983-08-14,1983,4.2
1983-08-15,1983,56.8
1983-08-16,1983,0.7
1983-08-17,1983,3.5
1983-08-18,1983,0.9
1983-08-19,1983,41.5
1983-08-20,1983,3.1
1983-08-21,1983,19.5
1983-08-22,1983,63.4
1983-08-23,1983,15.1
1983-08-24,1983,64.5
1983-08-25,1983,43.5
1983-08-26,1983,0.0
1983-08-27,1983,0.0
1983-08-28,1983,0.0
1983-08-29,1983,0.0
1983-08-31,1983,13.9
1983-09-01,1983,1.2
1983-09-02,1983,0.0
1983-09-03,1983,5.1
1983-09-04,1983,0.0
1983-09-05,1983,29.2
1983-09-06,1983,1.6
1983-09-08,1983,57.8
1983-09-09,1983,172.4
1983-09-10,1983,1.6
1983-09-11,1983,29.7
1983-09-12,1983,0.7
1983-09-14,1983,0.0
1983-09-15,1983,0.0
1983-09-18,1983,0.0
1983-09-20,1983,13.1
1983-09-21,1983,0.0
1983-09-23,1983,0.0
1983-09-24,1983,17.0
1983-09-25,1983,0.0
1983-09-26,1983,0.0
1983-09-27,1983,0.0
1983-09-28,1983,24.1
1983-09-29,1983,27.6
1983-09-30,1983,66.3
1983-10-01,1983,1.0
1983-10-02,1983,4.3
1983-10-03,1983,25.4
1983-10-04,1983,0.0
1983-10-06,1983,0.0
1983-10-07,1983,0.0
1983-10-08,1983,0.0
1983-10-09,1983,0.6
1983-10-10,1983,0.0
1983-10-11,1983,0.0
1983-10-12,1983,1.7
1983-10-13,1983,100.1
1983-10-14,1983,53.8
1983-10-15,1983,25.3
1983-10-16,1983,1.7
1983-10-17,1983,0.5
1983-10-18,1983,0.0
1983-10-19,1983,0.0
1983-10-20,1983,0.0
1983-10-21,1983,0.4
1983-10-22,1983,4.3
1983-10-23,1983,6.2
1983-10-25,1983,0.2
1983-10-26,1983,1.9
1983-10-27,1983,0.0
1983-10-28,1983,0.0
1983-10-29,1983,0.0
1983-11-01,1983,0.0
1983-11-02,1983,0.0
1983-11-03,1983,0.0
1983-11-04,1983,0.0
1983-11-05,1983,0.0
1983-11-06,1983,0.0
1983-11-07,1983,0.0
1983-11-08,1983,0.0
1983-11-09,1983,0.0
1983-11-10,1983,0.0
1983-11-11,1983,0.0
1983-11-12,1983,0.0
1983-11-14,1983,0.0
1983-11-15,1983,0.0
1983-11-16,1983,0.0
1983-11-17,1983,0.0
1983-11-18,1983,0.0
1983-11-19,1983,0.0
1983-11-20,1983,0.0
1983-11-21,1983,0.0
1983-11-22,1983,0.0
1983-11-23,1983,0.0
1983-11-24,1983,0.0
1983-11-25,1983,0.0
1983-11-26,1983,0.0
1983-11-27,1983,0.0
1983-11-28,1983,0.0
1983-11-29,1983,0.0
1983-11-30,1983,0.0
1983-12-01,1983,0.0
1983-12-02,1983,0.0
1983-12-03,1983,0.0
1983-12-04,1983,0.0
1983-12-05,1983,0.0
1983-12-06,1983,0.0
1983-12-07,1983,0.0
1983-12-08,1983,0.0
1983-12-09,1983,0.0
1983-12-10,1983,0.0
1983-12-11,1983,0.0
1983-12-12,1983,0.0
1983-12-13,1983,0.0
1983-12-14,1983,0.0
1983-12-15,1983,0.0
1983-12-16,1983,0.0
1983-12-17,1983,0.0
1983-12-18,1983,0.0
1983-12-19,1983,0.0
1983-12-20,1983,0.0
1983-12-21,1983,0.0
1983-12-22,1983,0.0
1983-12-23,1983,0.0
1983-12-24,1983,0.0
1983-12-25,1983,0.0
1983-12-26,1983,0.0
1983-12-27,1983,0.0
1983-12-28,1983,2.5
1983-12-29,1983,4.5
1983-12-30,1983,0.0
1983-12-31,1983,0.4
1984-01-01,1984,0.0
1984-01-02,1984,0.0
1984-01-03,1984,0.0
1984-01-04,1984,0.0
1984-01-05,1984,0.0
1984-01-06,1984,0.0
1984-01-07,1984,0.0
1984-01-08,1984,0.0
1984-01-09,1984,0.0
1984-01-10,1984,0.0
1984-01-11,1984,0.0
1984-01-12,1984,0.0
1984-01-13,1984,0.0
1984-01-14,1984,0.0
1984-01-15,1984,0.0
1984-01-18,1984,0.0
1984-01-19,1984,0.0
1984-01-21,1984,2.5
1984-01-22,1984,0.1
1984-01-26,1984,0.0
1984-01-27,1984,0.0
1984-01-28,1984,0.0
1984-01-30,1984,0.3
1984-01-31,1984,0.6
1984-02-02,1984,0.6
1984-02-03,1984,0.1
1984-02-05,1984,0.0
1984-02-06,1984,0.0
1984-02-07,1984,0.0
1984-02-08,1984,0.0
1984-02-09,1984,0.0
1984-02-10,1984,0.5
1984-02-11,1984,0.0
1984-02-12,1984,0.0
1984-02-14,1984,0.0
1984-02-16,1984,0.0
1984-02-18,1984,0.0
1984-02-19,1984,0.0
1984-02-21,1984,0.4
1984-02-22,1984,1.1
1984-02-25,1984,0.0
1984-02-26,1984,0.0
1984-02-27,1984,0.0
1984-02-28,1984,0.0
1984-03-01,1984,0.1
1984-03-02,1984,0.0
1984-03-03,1984,0.0
1984-03-04,1984,0.0
1984-03-07,1984,0.3
1984-03-08,1984,0.0
1984-03-09,1984,2.5
1984-03-10,1984,1.7
1984-03-11,1984,0.0
1984-03-14,1984,0.0
1984-03-15,1984,0.0
1984-03-17,1984,0.4
1984-03-18,1984,0.1
1984-03-19,1984,1.7
1984-03-20,1984,3.0
1984-03-22,1984,3.7
1984-03-25,1984,0.1
1984-03-30,1984,0.0
1984-03-31,1984,0.0
1984-04-01,1984,0.0
1984-04-04,1984,0.0
1984-04-05,1984,4.4
1984-04-06,1984,0.2
1984-04-07,1984,2.7
1984-04-08,1984,0.1
1984-04-10,1984,0.0
1984-04-11,1984,0.7
1984-04-13,1984,0.2
1984-04-14,1984,13.9
1984-04-15,1984,0.0
1984-04-16,1984,0.3
1984-04-17,1984,65.8
1984-04-18,1984,11.4
1984-04-19,1984,4.3
1984-04-20,1984,1.9
1984-04-21,1984,40.3
1984-04-22,1984,1.3
1984-04-23,1984,0.0
1984-04-24,1984,0.0
1984-04-25,1984,0.6
1984-04-26,1984,1.6
1984-04-27,1984,44.4
1984-04-28,1984,1.2
1984-04-29,1984,19.4
1984-04-30,1984,0.3
1984-05-01,1984,0.4
1984-05-02,1984,0.6
1984-05-03,1984,1.3
1984-05-04,1984,48.0
1984-05-05,1984,0.0
1984-05-06,1984,0.0
1984-05-07,1984,0.0
1984-05-08,1984,0.0
1984-05-09,1984,0.0
1984-05-11,1984,0.0
1984-05-12,1984,0.0
1984-05-13,1984,0.0
1984-05-14,1984,36.4
1984-05-16,1984,1.4
1984-05-17,1984,72.0
1984-05-18,1984,40.2
1984-05-19,1984,16.5
1984-05-20,1984,34.0
1984-05-21,1984,0.0
1984-05-25,1984,1.1
1984-05-26,1984,9.9
1984-05-27,1984,0.0
1984-05-28,1984,5.1
1984-05-29,1984,51.1
1984-05-30,1984,150.0
1984-05-31,1984,0.2
1984-06-01,1984,0.8
1984-06-02,1984,3.2
1984-06-03,1984,19.7
1984-06-04,1984,45.8
1984-06-05,1984,21.9
1984-06-06,1984,0.0
1984-06-07,1984,0.0
1984-06-08,1984,0.0
1984-06-09,1984,0.0
1984-06-10,1984,4.2
1984-06-11,1984,0.1
1984-06-12,1984,11.0
1984-06-13,1984,0.4
1984-06-14,1984,1.6
1984-06-15,1984,0.9
1984-06-16,1984,174.7
1984-06-18,1984,2.3
1984-06-19,1984,23.5
1984-06-20,1984,15.1
1984-06-21,1984,29.6
1984-06-22,1984,4.1
1984-06-23,1984,0.0
1984-06-24,1984,0.1
1984-06-25,1984,56.4
1984-06-26,1984,0.3
1984-06-27,1984,8.0
1984-06-28,1984,9.6
1984-06-29,1984,7.5
1984-06-30,1984,4.9
1984-07-01,1984,0.6
1984-07-02,1984,0.5
1984-07-03,1984,18.8
1984-07-04,1984,2.4
1984-07-05,1984,11.1
1984-07-06,1984,0.9
1984-07-08,1984,13.9
1984-07-09,1984,70.3
1984-07-10,1984,0.0
1984-07-12,1984,0.0
1984-07-13,1984,0.0
1984-07-14,1984,0.0
1984-07-17,1984,0.0
1984-07-18,1984,0.0
1984-07-19,1984,0.0
1984-07-21,1984,5.5
1984-07-22,1984,1.9
1984-07-23,1984,0.0
1984-07-24,1984,0.0
1984-07-25,1984,0.0
1984-07-26,1984,0.0
1984-07-27,1984,0.0
1984-07-28,1984,0.0
1984-07-30,1984,0.0
1984-07-31,1984,0.0
1984-08-02,1984,0.0
1984-08-03,1984,0.2
1984-08-04,1984,75.2
1984-08-05,1984,23.2
1984-08-06,1984,6.5
1984-08-07,1984,0.0
1984-08-08,1984,0.0
1984-08-09,1984,11.4
1984-08-10,1984,29.9
1984-08-11,1984,69.0
1984-08-12,1984,29.6
1984-08-13,1984,0.0
1984-08-14,1984,5.5
1984-08-15,1984,7.3
1984-08-16,1984,26.3
1984-08-17,1984,5.1
1984-08-20,1984,14.8
1984-08-21,1984,35.0
1984-08-22,1984,0.0
1984-08-23,1984,0.0
1984-08-24,1984,0.0
1984-08-25,1984,0.0
1984-08-26,1984,0.0
1984-08-27,1984,3.9
1984-08-28,1984,0.0
1984-08-29,1984,0.0
1984-08-30,1984,0.0
1984-08-31,1984,5.9
1984-09-01,1984,83.8
1984-09-02,1984,23.7
1984-09-04,1984,4.4
1984-09-05,1984,11.0
1984-09-06,1984,5.2
1984-09-07,1984,0.0
1984-09-08,1984,0.0
1984-09-09,1984,0.0
1984-09-10,1984,0.0
1984-09-11,1984,0.0
1984-09-12,1984,1.9
1984-09-13,1984,0.0
1984-09-14,1984,3.4
1984-09-16,1984,15.0
1984-09-17,1984,0.8
1984-09-18,1984,3.5
1984-09-19,1984,0.0
1984-09-20,1984,34.0
1984-09-21,1984,0.0
1984-09-22,1984,0.0
1984-09-23,1984,1.6
1984-09-24,1984,0.0
1984-09-25,1984,2.2
1984-09-26,1984,19.9
1984-09-27,1984,0.9
1984-09-28,1984,0.0
1984-09-29,1984,0.0
1984-09-30,1984,0.0
1984-10-01,1984,0.0
1984-10-02,1984,0.0
1984-10-03,1984,0.0
1984-10-04,1984,0.0
1984-10-06,1984,0.0
1984-10-10,1984,79.2
1984-10-11,1984,78.1
1984-10-12,1984,5.5
1984-10-13,1984,0.0
1984-10-14,1984,0.0
1984-10-15,1984,0.0
1984-10-16,1984,0.0
1984-10-17,1984,3.6
1984-10-18,1984,0.0
1984-10-19,1984,0.0
1984-10-20,1984,0.0
1984-10-21,1984,0.0
1984-10-22,1984,0.0
1984-10-23,1984,0.0
1984-10-24,1984,0.0
1984-10-25,1984,0.0
1984-10-26,1984,0.0
1984-10-27,1984,0.0
1984-10-28,1984,0.5
1984-10-29,1984,0.2
1984-10-30,1984,0.0
1984-10-31,1984,0.0
1984-11-01,1984,0.0
1984-11-03,1984,0.0
1984-11-04,1984,0.0
1984-11-05,1984,0.0
1984-11-06,1984,0.0
1984-11-07,1984,0.0
1984-11-08,1984,0.0
1984-11-10,1984,0.0
1984-11-11,1984,0.0
1984-11-12,1984,0.2
1984-11-13,1984,1.5
1984-11-14,1984,2.8
1984-11-16,1984,0.0
1984-11-17,1984,0.0
1984-11-18,1984,0.0
1984-11-19,1984,0.0
1984-11-20,1984,0.0
1984-11-21,1984,0.0
1984-11-22,1984,0.0
1984-11-23,1984,0.0
1984-11-24,1984,0.0
1984-11-25,1984,0.0
1984-11-26,1984,0.0
1984-11-27,1984,0.0
1984-11-28,1984,0.0
1984-11-29,1984,0.0
1984-12-01,1984,0.0
1984-12-02,1984,1.8
1984-12-03,1984,8.8
1984-12-04,1984,0.0
1984-12-05,1984,0.0
1984-12-06,1984,0.0
1984-12-07,1984,0.0
1984-12-08,1984,0.0
1984-12-09,1984,0.0
1984-12-10,1984,0.0
1984-12-11,1984,0.0
1984-12-12,1984,0.0
1984-12-13,1984,0.0
1984-12-14,1984,0.1
1984-12-15,1984,0.0
1984-12-16,1984,0.0
1984-12-18,1984,0.0
1984-12-20,1984,0.0
1984-12-21,1984,0.0
1984-12-22,1984,0.0
1984-12-23,1984,0.0
1984-12-24,1984,0.0
1984-12-25,1984,0.0
1984-12-26,1984,0.0
1984-12-27,1984,0.0
1984-12-28,1984,0.0
1984-12-29,1984,0.0
1984-12-30,1984,0.0
1984-12-31,1984,0.0
1985-01-01,1985,0.0
1985-01-02,1985,0.0
1985-01-03,1985,0.0
1985-01-04,1985,0.0
1985-01-05,1985,0.0
1985-01-06,1985,0.0
1985-01-07,1985,0.0
1985-01-09,1985,0.3
1985-01-10,1985,0.3
1985-01-11,1985,0.1
1985-01-12,1985,1.1
1985-01-13,1985,0.0
1985-01-14,1985,0.0
1985-01-15,1985,0.0
1985-01-16,1985,0.0
1985-01-17,1985,0.1
1985-01-18,1985,4.2
1985-01-19,1985,0.0
1985-01-20,1985,0.0
1985-01-21,1985,0.0
1985-01-22,1985,0.0
1985-01-23,1985,0.0
1985-01-25,1985,6.0
1985-01-26,1985,1.7
1985-01-27,1985,0.0
1985-01-28,1985,0.0
1985-01-29,1985,0.0
1985-01-30,1985,0.0
1985-01-31,1985,0.0
1985-02-01,1985,0.0
1985-02-02,1985,0.0
1985-02-03,1985,0.0
1985-02-05,1985,27.2
1985-02-06,1985,15.6
1985-02-07,1985,23.8
1985-02-08,1985,41.3
1985-02-09,1985,8.4
1985-02-10,1985,25.0
1985-02-11,1985,6.0
1985-02-12,1985,0.2
1985-02-13,1985,18.7
1985-02-14,1985,0.7
1985-02-15,1985,0.3
1985-02-16,1985,6.4
1985-02-18,1985,11.6
1985-02-19,1985,0.1
1985-02-20,1985,4.3
1985-02-21,1985,5.8
1985-02-22,1985,13.9
1985-02-23,1985,6.8
1985-02-24,1985,2.7
1985-03-01,1985,0.1
1985-03-03,1985,0.2
1985-03-04,1985,0.0
1985-03-06,1985,0.0
1985-03-07,1985,0.0
1985-03-09,1985,0.0
1985-03-10,1985,0.0
1985-03-11,1985,0.0
1985-03-12,1985,2.0
1985-03-13,1985,1.0
1985-03-14,1985,2.6
1985-03-15,1985,0.2
1985-03-16,1985,0.0
1985-03-17,1985,0.0
1985-03-18,1985,0.0
1985-03-19,1985,0.0
1985-03-20,1985,0.0
1985-03-21,1985,0.0
1985-03-23,1985,0.0
1985-03-24,1985,0.0
1985-03-25,1985,0.0
1985-03-27,1985,1.2
1985-03-29,1985,51.5
1985-03-30,1985,1.9
1985-03-31,1985,3.5
1985-04-01,1985,0.0
1985-04-02,1985,0.0
1985-04-03,1985,1.4
1985-04-04,1985,0.0
1985-04-05,1985,0.0
1985-04-07,1985,0.1
1985-04-08,1985,1.1
1985-04-09,1985,65.6
1985-04-10,1985,41.4
1985-04-11,1985,39.4
1985-04-12,1985,34.3
1985-04-13,1985,34.6
1985-04-14,1985,4.8
1985-04-17,1985,0.4
1985-04-18,1985,0.0
1985-04-19,1985,1.9
1985-04-20,1985,37.7
1985-04-21,1985,0.0
1985-04-22,1985,0.0
1985-04-23,1985,0.0
1985-04-24,1985,0.0
1985-04-25,1985,0.0
1985-04-26,1985,8.6
1985-04-27,1985,0.0
1985-04-29,1985,0.0
1985-04-30,1985,0.0
1985-05-01,1985,0.1
1985-05-02,1985,16.1
1985-05-03,1985,1.0
1985-05-04,1985,0.0
1985-05-06,1985,0.0
1985-05-07,1985,0.0
1985-05-09,1985,0.0
1985-05-11,1985,0.0
1985-05-12,1985,0.0
1985-05-13,1985,0.0
1985-05-14,1985,0.0
1985-05-15,1985,0.0
1985-05-16,1985,0.0
1985-05-17,1985,3.4
1985-05-18,1985,0.0
1985-05-19,1985,0.0
1985-05-20,1985,0.0
1985-05-21,1985,0.9
1985-05-22,1985,0.0
1985-05-23,1985,0.0
1985-05-24,1985,0.0
1985-05-25,1985,0.7
1985-05-27,1985,0.4
1985-05-28,1985,34.7
1985-05-29,1985,3.6
1985-05-30,1985,12.2
1985-05-31,1985,30.2
1985-06-01,1985,1.3
1985-06-03,1985,5.2
1985-06-04,1985,17.7
1985-06-05,1985,3.0
1985-06-06,1985,0.1
1985-06-07,1985,35.7
1985-06-08,1985,0.0
1985-06-09,1985,0.0
1985-06-10,1985,17.9
1985-06-12,1985,0.0
1985-06-13,1985,3.8
1985-06-14,1985,2.9
1985-06-15,1985,0.0
1985-06-16,1985,0.8
1985-06-18,1985,0.0
1985-06-19,1985,0.2
1985-06-20,1985,1.3
1985-06-21,1985,3.8
1985-06-22,1985,0.0
1985-06-23,1985,7.1
1985-06-24,1985,17.5
1985-06-25,1985,208.1
1985-06-26,1985,42.2
1985-06-27,1985,6.0
1985-06-29,1985,3.8
1985-07-01,1985,0.2
1985-07-02,1985,0.0
1985-07-03,1985,32.9
1985-07-04,1985,0.0
1985-07-05,1985,0.9
1985-07-06,1985,0.0
1985-07-07,1985,0.0
1985-07-08,1985,18.0
1985-07-09,1985,18.9
1985-07-10,1985,0.4
1985-07-11,1985,0.0
1985-07-12,1985,0.0
1985-07-13,1985,0.0
1985-07-14,1985,3.9
1985-07-15,1985,0.0
1985-07-16,1985,0.0
1985-07-17,1985,0.0
1985-07-18,1985,59.4
1985-07-19,1985,17.0
1985-07-20,1985,10.1
1985-07-21,1985,0.1
1985-07-22,1985,0.0
1985-07-23,1985,0.0
1985-07-24,1985,0.0
1985-07-25,1985,0.0
1985-07-26,1985,27.5
1985-07-27,1985,0.2
1985-07-28,1985,0.3
1985-07-29,1985,0.0
1985-07-30,1985,0.0
1985-08-01,1985,0.0
1985-08-02,1985,0.0
1985-08-03,1985,8.2
1985-08-04,1985,0.1
1985-08-05,1985,0.1
1985-08-06,1985,0.0
1985-08-07,1985,0.0
1985-08-08,1985,2.9
1985-08-09,1985,2.0
1985-08-10,1985,0.0
1985-08-11,1985,8.6
1985-08-12,1985,13.9
1985-08-13,1985,39.7
1985-08-14,1985,16.9
1985-08-15,1985,8.6
1985-08-16,1985,53.0
1985-08-17,1985,0.0
1985-08-19,1985,7.6
1985-08-20,1985,0.0
1985-08-21,1985,46.7
1985-08-22,1985,33.6
1985-08-23,1985,0.0
1985-08-25,1985,21.2
1985-08-26,1985,117.4
1985-08-27,1985,74.3
1985-08-28,1985,6.1
1985-08-29,1985,40.5
1985-08-31,1985,0.0
1985-09-01,1985,8.2
1985-09-02,1985,0.6
1985-09-03,1985,1.6
1985-09-04,1985,1.1
1985-09-05,1985,47.9
1985-09-06,1985,114.3
1985-09-07,1985,0.8
1985-09-08,1985,16.9
1985-09-09,1985,4.2
1985-09-10,1985,19.6
1985-09-13,1985,0.0
1985-09-14,1985,0.0
1985-09-15,1985,0.0
1985-09-16,1985,0.0
1985-09-17,1985,0.0
1985-09-18,1985,3.2
1985-09-19,1985,10.3
1985-09-20,1985,26.2
1985-09-21,1985,46.3
1985-09-22,1985,3.1
1985-09-23,1985,4.2
1985-09-24,1985,4.5
1985-09-25,1985,0.6
1985-09-26,1985,0.0
1985-09-28,1985,1.6
1985-09-29,1985,20.3
1985-10-01,1985,27.4
1985-10-02,1985,0.0
1985-10-03,1985,0.0
1985-10-04,1985,0.0
1985-10-05,1985,0.0
1985-10-08,1985,0.1
1985-10-11,1985,0.0
1985-10-13,1985,0.0
1985-10-14,1985,0.0
1985-10-16,1985,0.0
1985-10-17,1985,6.4
1985-10-18,1985,4.8
1985-10-19,1985,3.1
1985-10-20,1985,7.9
1985-10-21,1985,6.1
1985-10-22,1985,0.0
1985-10-23,1985,0.0
1985-10-24,1985,0.1
1985-10-25,1985,0.0
1985-10-26,1985,0.0
1985-10-27,1985,0.2
1985-10-30,1985,0.0
1985-10-31,1985,0.0
1985-11-01,1985,4.2
1985-11-02,1985,1.1
1985-11-03,1985,0.0
1985-11-05,1985,0.0
1985-11-06,1985,0.0
1985-11-07,1985,0.0
1985-11-09,1985,0.2
1985-11-10,1985,0.0
1985-11-11,1985,0.0
1985-11-12,1985,0.0
1985-11-13,1985,0.1
1985-11-14,1985,0.0
1985-11-15,1985,0.0
1985-11-16,1985,0.0
1985-11-17,1985,0.0
1985-11-18,1985,0.0
1985-11-19,1985,0.0
1985-11-20,1985,0.1
1985-11-21,1985,26.1
1985-11-22,1985,12.7
1985-11-23,1985,0.0
1985-11-24,1985,0.0
1985-11-25,1985,0.0
1985-11-26,1985,0.0
1985-11-27,1985,0.0
1985-11-28,1985,0.0
1985-11-30,1985,1.4
1985-12-01,1985,0.0
1985-12-02,1985,0.0
1985-12-04,1985,0.0
1985-12-06,1985,0.0
1985-12-08,1985,0.0
1985-12-09,1985,0.0
1985-12-11,1985,12.9
1985-12-13,1985,0.0
1985-12-14,1985,0.0
1985-12-15,1985,0.0
1985-12-16,1985,0.0
1985-12-17,1985,0.0
1985-12-18,1985,0.0
1985-12-19,1985,0.0
1985-12-20,1985,0.0
1985-12-21,1985,0.0
1985-12-22,1985,0.0
1985-12-23,1985,0.0
1985-12-24,1985,0.0
1985-12-25,1985,0.0
1985-12-26,1985,0.0
1985-12-27,1985,0.0
1985-12-29,1985,0.0
1985-12-31,1985,0.0
1986-01-01,1986,0.0
1986-01-02,1986,0.0
1986-01-03,1986,0.0
1986-01-04,1986,0.0
1986-01-05,1986,0.0
1986-01-06,1986,0.0
1986-01-07,1986,0.0
1986-01-08,1986,0.0
1986-01-09,1986,0.0
1986-01-10,1986,0.0
1986-01-11,1986,0.0
1986-01-12,1986,0.0
1986-01-13,1986,0.0
1986-01-14,1986,0.0
1986-01-15,1986,0.0
1986-01-16,1986,0.0
1986-01-18,1986,0.0
1986-01-19,1986,0.0
1986-01-20,1986,0.0
1986-01-21,1986,0.0
1986-01-23,1986,0.0
1986-01-24,1986,0.0
1986-01-25,1986,0.0
1986-01-27,1986,0.0
1986-01-28,1986,0.0
1986-01-29,1986,0.0
1986-01-30,1986,0.0
1986-01-31,1986,0.0
1986-02-01,1986,0.0
1986-02-02,1986,0.0
1986-02-05,1986,10.5
1986-02-06,1986,0.9
1986-02-08,1986,0.0
1986-02-11,1986,0.0
1986-02-12,1986,0.0
1986-02-13,1986,0.0
1986-02-14,1986,0.5
1986-02-15,1986,0.7
1986-02-16,1986,9.7
1986-02-17,1986,10.4
1986-02-18,1986,14.7
1986-02-19,1986,10.3
1986-02-20,1986,10.1
1986-02-21,1986,0.0
1986-02-22,1986,0.0
1986-02-24,1986,0.3
1986-02-28,1986,0.7
1986-03-01,1986,3.6
1986-03-03,1986,0.0
1986-03-04,1986,0.0
1986-03-05,1986,0.0
1986-03-06,1986,0.0
1986-03-09,1986,0.0
1986-03-11,1986,0.0
1986-03-16,1986,1.3
1986-03-17,1986,4.9
1986-03-19,1986,1.7
1986-03-20,1986,0.3
1986-03-21,1986,1.6
1986-03-22,1986,2.4
1986-03-24,1986,8.0
1986-03-25,1986,3.2
1986-03-27,1986,0.3
1986-03-28,1986,13.6
1986-03-30,1986,8.2
1986-03-31,1986,2.7
1986-04-01,1986,0.1
1986-04-03,1986,0.0
1986-04-04,1986,0.0
1986-04-06,1986,0.0
1986-04-07,1986,0.0
1986-04-10,1986,0.0
1986-04-12,1986,0.0
1986-04-13,1986,0.4
1986-04-14,1986,0.0
1986-04-15,1986,0.0
1986-04-16,1986,0.8
1986-04-17,1986,1.0
1986-04-18,1986,0.0
1986-04-19,1986,0.0
1986-04-21,1986,86.2
1986-04-22,1986,20.1
1986-04-23,1986,7.1
1986-04-25,1986,0.0
1986-04-26,1986,0.0
1986-04-27,1986,0.0
1986-04-28,1986,0.0
1986-04-29,1986,0.0
1986-05-01,1986,0.0
1986-05-02,1986,2.9
1986-05-03,1986,28.3
1986-05-05,1986,0.0
1986-05-06,1986,13.9
1986-05-07,1986,1.1
1986-05-10,1986,1.7
1986-05-11,1986,127.7
1986-05-12,1986,44.8
1986-05-14,1986,42.1
1986-05-15,1986,0.0
1986-05-16,1986,0.0
1986-05-17,1986,0.0
1986-05-18,1986,3.2
1986-05-19,1986,34.7
1986-05-20,1986,42.6
1986-05-21,1986,26.0
1986-05-22,1986,6.9
1986-05-23,1986,2.3
1986-05-25,1986,0.0
1986-05-27,1986,0.0
1986-05-28,1986,0.0
1986-05-30,1986,0.5
1986-06-01,1986,29.9
1986-06-02,1986,1.0
1986-06-04,1986,21.8
1986-06-05,1986,6.0
1986-06-06,1986,175.1
1986-06-07,1986,25.8
1986-06-08,1986,0.2
1986-06-09,1986,1.7
1986-06-12,1986,28.1
1986-06-13,1986,4.4
1986-06-15,1986,0.0
1986-06-16,1986,0.0
1986-06-17,1986,19.1
1986-06-18,1986,1.0
1986-06-19,1986,0.7
1986-06-21,1986,0.5
1986-06-22,1986,2.3
1986-06-23,1986,4.5
1986-06-24,1986,13.3
1986-06-25,1986,65.8
1986-06-26,1986,10.0
1986-06-27,1986,3.4
1986-06-28,1986,0.8
1986-06-29,1986,0.5
1986-06-30,1986,0.0
1986-07-01,1986,0.0
1986-07-03,1986,87.3
1986-07-04,1986,126.3
1986-07-05,1986,3.0
1986-07-07,1986,29.5
1986-07-08,1986,1.6
1986-07-09,1986,0.0
1986-07-10,1986,6.8
1986-07-11,1986,53.2
1986-07-12,1986,168.9
1986-07-13,1986,12.2
1986-07-14,1986,8.2
1986-07-16,1986,0.2
1986-07-17,1986,8.2
1986-07-18,1986,1.3
1986-07-19,1986,7.3
1986-07-20,1986,10.0
1986-07-21,1986,18.4
1986-07-22,1986,0.0
1986-07-24,1986,0.8
1986-07-26,1986,0.2
1986-07-28,1986,0.0
1986-07-29,1986,0.0
1986-07-30,1986,0.0
1986-07-31,1986,3.9
1986-08-01,1986,5.9
1986-08-02,1986,0.0
1986-08-04,1986,0.0
1986-08-05,1986,0.0
1986-08-06,1986,0.0
1986-08-07,1986,0.3
1986-08-08,1986,2.3
1986-08-09,1986,8.2
1986-08-10,1986,98.5
1986-08-11,1986,93.4
1986-08-12,1986,4.6
1986-08-13,1986,0.0
1986-08-14,1986,0.0
1986-08-15,1986,0.0
1986-08-16,1986,8.7
1986-08-17,1986,2.0
1986-08-18,1986,0.0
1986-08-19,1986,0.1
1986-08-20,1986,29.2
1986-08-21,1986,12.7
1986-08-23,1986,6.2
1986-08-26,1986,0.0
1986-08-27,1986,0.0
1986-08-28,1986,0.0
1986-08-29,1986,0.0
1986-08-30,1986,2.8
1986-09-02,1986,0.0
1986-09-03,1986,24.6
1986-09-04,1986,29.0
1986-09-05,1986,19.2
1986-09-06,1986,47.9
1986-09-07,1986,65.4
1986-09-08,1986,1.0
1986-09-10,1986,0.0
1986-09-11,1986,0.0
1986-09-12,1986,0.0
1986-09-13,1986,0.0
1986-09-14,1986,0.0
1986-09-15,1986,0.0
1986-09-16,1986,72.1
1986-09-17,1986,0.0
1986-09-18,1986,0.0
1986-09-19,1986,0.0
1986-09-20,1986,0.0
1986-09-21,1986,0.0
1986-09-22,1986,0.0
1986-09-23,1986,0.0
1986-09-24,1986,0.0
1986-09-26,1986,0.0
1986-09-27,1986,0.0
1986-09-28,1986,5.5
1986-09-30,1986,0.0
1986-10-02,1986,0.0
1986-10-03,1986,0.0
1986-10-04,1986,0.0
1986-10-05,1986,0.0
1986-10-06,1986,0.0
1986-10-07,1986,0.0
1986-10-08,1986,0.2
1986-10-09,1986,0.0
1986-10-11,1986,1.8
1986-10-13,1986,0.0
1986-10-14,1986,0.0
1986-10-15,1986,0.0
1986-10-17,1986,3.3
1986-10-18,1986,25.4
1986-10-20,1986,0.0
1986-10-21,1986,0.0
1986-10-22,1986,0.0
1986-10-23,1986,0.0
1986-10-25,1986,0.0
1986-10-28,1986,30.6
1986-10-29,1986,0.0
1986-10-30,1986,0.0
1986-10-31,1986,0.0
1986-11-01,1986,0.0
1986-11-02,1986,0.1
1986-11-03,1986,0.0
1986-11-05,1986,0.0
1986-11-06,1986,0.0
1986-11-07,1986,0.0
1986-11-08,1986,0.0
1986-11-09,1986,0.0
1986-11-10,1986,0.0
1986-11-11,1986,11.1
1986-11-12,1986,0.5
1986-11-13,1986,0.5
1986-11-15,1986,31.2
1986-11-16,1986,29.6
1986-11-17,1986,0.3
1986-11-18,1986,19.1
1986-11-19,1986,20.2
1986-11-21,1986,0.0
1986-11-22,1986,0.0
1986-11-23,1986,0.0
1986-11-24,1986,0.0
1986-11-26,1986,0.0
1986-11-27,1986,0.0
1986-11-28,1986,0.0
1986-11-29,1986,0.0
1986-11-30,1986,0.0
1986-12-01,1986,0.0
1986-12-02,1986,2.1
1986-12-03,1986,35.2
1986-12-04,1986,0.0
1986-12-05,1986,0.0
1986-12-07,1986,1.5
1986-12-08,1986,0.0
1986-12-09,1986,0.0
1986-12-10,1986,0.0
1986-12-11,1986,0.0
1986-12-12,1986,0.0
1986-12-13,1986,0.0
1986-12-14,1986,0.0
1986-12-18,1986,1.3
1986-12-19,1986,0.0
1986-12-20,1986,0.0
1986-12-21,1986,0.0
1986-12-22,1986,0.0
1986-12-23,1986,0.0
1986-12-24,1986,0.0
1986-12-25,1986,0.0
1986-12-26,1986,5.1
1986-12-27,1986,1.4
1986-12-28,1986,0.0
1986-12-29,1986,0.0
1986-12-30,1986,0.0
1986-12-31,1986,0.0
1987-01-02,1987,0.1
1987-01-03,1987,0.2
1987-01-04,1987,12.2
1987-01-05,1987,0.0
1987-01-06,1987,0.0
1987-01-07,1987,0.0
1987-01-08,1987,0.0
1987-01-09,1987,0.0
1987-01-10,1987,0.0
1987-01-11,1987,0.0
1987-01-12,1987,0.0
1987-01-13,1987,0.0
1987-01-14,1987,0.0
1987-01-15,1987,0.0
1987-01-16,1987,0.0
1987-01-17,1987,0.0
1987-01-19,1987,0.0
1987-01-20,1987,0.0
1987-01-21,1987,0.0
1987-01-22,1987,0.0
1987-01-23,1987,0.0
1987-01-24,1987,0.0
1987-01-25,1987,0.0
1987-01-26,1987,0.0
1987-01-27,1987,0.0
1987-01-28,1987,0.0
1987-01-29,1987,0.0
1987-01-30,1987,0.0
1987-01-31,1987,0.0
1987-02-01,1987,0.0
1987-02-02,1987,0.0
1987-02-03,1987,0.0
1987-02-04,1987,0.0
1987-02-05,1987,0.0
1987-02-06,1987,0.0
1987-02-07,1987,0.0
1987-02-08,1987,0.0
1987-02-09,1987,0.6
1987-02-11,1987,0.0
1987-02-12,1987,0.0
1987-02-14,1987,0.0
1987-02-15,1987,0.0
1987-02-16,1987,0.0
1987-02-17,1987,0.0
1987-02-18,1987,0.0
1987-02-20,1987,0.0
1987-02-21,1987,0.4
1987-02-22,1987,0.1
1987-02-23,1987,0.0
1987-02-24,1987,0.0
1987-02-26,1987,1.3
1987-02-27,1987,8.8
1987-02-28,1987,0.0
1987-03-01,1987,0.0
1987-03-02,1987,0.0
1987-03-03,1987,0.0
1987-03-04,1987,0.0
1987-03-05,1987,0.0
1987-03-10,1987,0.0
1987-03-13,1987,0.0
1987-03-14,1987,0.0
1987-03-15,1987,0.4
1987-03-16,1987,57.7
1987-03-17,1987,126.4
1987-03-18,1987,10.6
1987-03-21,1987,14.8
1987-03-22,1987,0.1
1987-03-23,1987,0.0
1987-03-24,1987,0.4
1987-03-25,1987,23.6
1987-04-01,1987,0.1
1987-04-02,1987,1.8
1987-04-04,1987,0.7
1987-04-05,1987,46.2
1987-04-06,1987,137.8
1987-04-07,1987,12.0
1987-04-08,1987,0.0
1987-04-10,1987,0.0
1987-04-11,1987,0.0
1987-04-12,1987,52.8
1987-04-13,1987,18.2
1987-04-14,1987,7.3
1987-04-15,1987,0.9
1987-04-17,1987,0.0
1987-04-18,1987,0.0
1987-04-19,1987,0.0
1987-04-20,1987,0.0
1987-04-21,1987,0.0
1987-04-23,1987,0.0
1987-04-24,1987,0.0
1987-04-25,1987,0.0
1987-04-26,1987,0.0
1987-04-28,1987,0.0
1987-04-29,1987,0.0
1987-04-30,1987,0.0
1987-05-01,1987,0.0
1987-05-02,1987,0.0
1987-05-03,1987,30.6
1987-05-04,1987,0.9
1987-05-05,1987,1.9
1987-05-07,1987,68.8
1987-05-08,1987,16.5
1987-05-12,1987,0.0
1987-05-13,1987,0.0
1987-05-14,1987,0.0
1987-05-16,1987,67.2
1987-05-17,1987,42.3
1987-05-19,1987,0.6
1987-05-20,1987,4.5
1987-05-21,1987,2.1
1987-05-22,1987,107.5
1987-05-23,1987,35.0
1987-05-24,1987,6.6
1987-05-25,1987,4.0
1987-05-26,1987,2.6
1987-05-27,1987,55.9
1987-05-28,1987,12.1
1987-05-29,1987,1.1
1987-06-01,1987,18.5
1987-06-02,1987,0.0
1987-06-03,1987,0.0
1987-06-04,1987,46.6
1987-06-05,1987,40.7
1987-06-06,1987,8.3
1987-06-07,1987,40.3
1987-06-08,1987,0.0
1987-06-09,1987,0.0
1987-06-10,1987,0.0
1987-06-11,1987,0.0
1987-06-13,1987,0.0
1987-06-14,1987,0.0
1987-06-16,1987,1.7
1987-06-18,1987,2.7
1987-06-19,1987,61.0
1987-06-20,1987,9.2
1987-06-21,1987,1.9
1987-06-22,1987,0.3
1987-06-24,1987,0.0
1987-06-25,1987,0.0
1987-06-29,1987,0.0
1987-07-01,1987,1.1
1987-07-02,1987,18.4
1987-07-03,1987,3.4
1987-07-04,1987,1.2
1987-07-05,1987,3.3
1987-07-06,1987,5.3
1987-07-07,1987,12.8
1987-07-08,1987,9.5
1987-07-09,1987,2.7
1987-07-10,1987,1.9
1987-07-11,1987,0.0
1987-07-12,1987,0.0
1987-07-13,1987,0.0
1987-07-14,1987,0.0
1987-07-15,1987,0.0
1987-07-16,1987,0.1
1987-07-17,1987,3.1
1987-07-18,1987,11.8
1987-07-19,1987,11.3
1987-07-20,1987,1.6
1987-07-22,1987,97.3
1987-07-23,1987,9.3
1987-07-24,1987,16.4
1987-07-25,1987,62.0
1987-07-26,1987,30.3
1987-07-27,1987,3.8
1987-07-28,1987,84.2
1987-07-29,1987,88.8
1987-07-30,1987,138.2
1987-07-31,1987,0.3
1987-08-01,1987,0.0
1987-08-02,1987,10.8
1987-08-03,1987,0.0
1987-08-04,1987,0.0
1987-08-05,1987,0.0
1987-08-06,1987,0.0
1987-08-07,1987,0.0
1987-08-08,1987,0.0
1987-08-10,1987,0.0
1987-08-11,1987,0.0
1987-08-12,1987,0.0
1987-08-13,1987,0.0
1987-08-14,1987,4.7
1987-08-15,1987,20.8
1987-08-16,1987,16.6
1987-08-17,1987,43.4
1987-08-18,1987,0.0
1987-08-19,1987,0.0
1987-08-20,1987,41.5
1987-08-21,1987,4.0
1987-08-22,1987,11.8
1987-08-23,1987,2.2
1987-08-24,1987,0.2
1987-08-25,1987,5.0
1987-08-26,1987,0.3
1987-08-29,1987,15.0
1987-08-30,1987,0.0
1987-09-01,1987,0.4
1987-09-02,1987,14.8
1987-09-03,1987,12.2
1987-09-04,1987,0.0
1987-09-05,1987,0.0
1987-09-06,1987,0.0
1987-09-08,1987,0.0
1987-09-09,1987,0.0
1987-09-10,1987,0.0
1987-09-11,1987,0.0
1987-09-12,1987,0.2
1987-09-13,1987,1.7
1987-09-14,1987,0.9
1987-09-16,1987,0.3
1987-09-17,1987,4.8
1987-09-18,1987,6.7
1987-09-21,1987,94.2
1987-09-22,1987,3.5
1987-09-24,1987,1.7
1987-09-25,1987,14.2
1987-09-26,1987,2.7
1987-09-28,1987,0.0
1987-10-01,1987,4.3
1987-10-02,1987,0.0
1987-10-04,1987,0.0
1987-10-05,1987,0.0
1987-10-06,1987,0.0
1987-10-07,1987,0.0
1987-10-08,1987,0.0
1987-10-09,1987,0.0
1987-10-10,1987,0.0
1987-10-11,1987,0.0
1987-10-14,1987,0.0
1987-10-15,1987,4.3
1987-10-16,1987,0.0
1987-10-17,1987,0.0
1987-10-18,1987,0.0
1987-10-19,1987,0.0
1987-10-21,1987,2.6
1987-10-22,1987,0.0
1987-10-23,1987,0.0
1987-10-24,1987,0.0
1987-10-25,1987,0.1
1987-10-27,1987,2.8
1987-10-28,1987,47.9
1987-10-29,1987,10.7
1987-11-01,1987,0.2
1987-11-02,1987,0.0
1987-11-04,1987,0.0
1987-11-05,1987,0.0
1987-11-07,1987,0.0
1987-11-08,1987,0.0
1987-11-10,1987,0.0
1987-11-12,1987,0.0
1987-11-17,1987,0.0
1987-11-18,1987,0.0
1987-11-19,1987,2.5
1987-11-20,1987,2.5
1987-11-21,1987,1.1
1987-11-22,1987,0.1
1987-11-26,1987,0.0
1987-11-27,1987,5.5
1987-11-28,1987,46.3
1987-11-29,1987,7.4
1987-11-30,1987,1.0
1987-12-01,1987,0.0
1987-12-02,1987,0.0
1987-12-03,1987,0.0
1987-12-04,1987,0.0
1987-12-05,1987,0.0
1987-12-06,1987,0.0
1987-12-07,1987,0.0
1987-12-08,1987,0.0
1987-12-09,1987,0.0
1987-12-10,1987,0.0
1987-12-11,1987,0.0
1987-12-12,1987,0.0
1987-12-13,1987,0.0
1987-12-15,1987,0.0
1987-12-16,1987,0.0
1987-12-17,1987,0.0
1987-12-18,1987,0.0
1987-12-20,1987,0.0
1987-12-21,1987,0.0
1987-12-22,1987,0.0
1987-12-23,1987,0.0
1987-12-24,1987,0.4
1987-12-25,1987,0.0
1987-12-28,1987,0.0
1987-12-29,1987,0.0
1987-12-31,1987,0.0
1988-01-02,1988,1.0
1988-01-03,1988,0.0
1988-01-04,1988,0.0
1988-01-05,1988,0.0
1988-01-06,1988,0.0
1988-01-07,1988,0.0
1988-01-08,1988,0.0
1988-01-09,1988,0.0
1988-01-12,1988,0.0
1988-01-13,1988,0.0
1988-01-14,1988,0.0
1988-01-15,1988,0.0
1988-01-16,1988,0.0
1988-01-17,1988,0.0
1988-01-19,1988,0.0
1988-01-22,1988,0.0
1988-01-25,1988,0.0
1988-01-26,1988,0.0
1988-01-29,1988,0.0
1988-02-05,1988,0.0
1988-02-07,1988,0.2
1988-02-12,1988,0.0
1988-02-13,1988,0.0
1988-02-14,1988,0.0
1988-02-17,1988,0.0
1988-02-18,1988,0.0
1988-02-19,1988,3.0
1988-02-20,1988,8.6
1988-02-23,1988,0.0
1988-02-28,1988,0.1
1988-03-01,1988,0.3
1988-03-02,1988,0.2
1988-03-03,1988,0.3
1988-03-04,1988,4.2
1988-03-06,1988,0.2
1988-03-07,1988,0.5
1988-03-08,1988,0.4
1988-03-09,1988,0.0
1988-03-10,1988,0.0
1988-03-12,1988,0.0
1988-03-15,1988,0.0
1988-03-17,1988,0.2
1988-03-18,1988,1.0
1988-03-19,1988,0.2
1988-03-20,1988,0.2
1988-03-22,1988,15.5
1988-03-23,1988,2.9
1988-03-28,1988,0.0
1988-03-29,1988,9.6
1988-03-30,1988,1.2
1988-03-31,1988,3.7
1988-04-03,1988,3.1
1988-04-07,1988,7.7
1988-04-08,1988,4.4
1988-04-09,1988,0.0
1988-04-10,1988,0.1
1988-04-11,1988,2.9
1988-04-12,1988,22.9
1988-04-13,1988,0.0
1988-04-14,1988,0.0
1988-04-17,1988,0.5
1988-04-19,1988,0.0
1988-04-20,1988,25.7
1988-04-21,1988,2.1
1988-04-22,1988,3.9
1988-04-24,1988,0.0
1988-04-25,1988,0.0
1988-04-26,1988,0.0
1988-04-27,1988,0.0
1988-04-28,1988,7.1
1988-04-29,1988,1.8
1988-04-30,1988,0.2
1988-05-01,1988,1.6
1988-05-03,1988,0.5
1988-05-04,1988,0.4
1988-05-05,1988,15.3
1988-05-07,1988,0.0
1988-05-10,1988,0.1
1988-05-11,1988,18.9
1988-05-12,1988,9.5
1988-05-13,1988,5.6
1988-05-14,1988,8.6
1988-05-15,1988,1.3
1988-05-16,1988,0.3
1988-05-21,1988,0.9
1988-05-22,1988,6.4
1988-05-23,1988,10.1
1988-05-24,1988,0.6
1988-05-25,1988,0.0
1988-05-26,1988,28.8
1988-05-28,1988,0.0
1988-05-29,1988,0.0
1988-05-30,1988,0.0
1988-05-31,1988,6.3
1988-06-01,1988,0.0
1988-06-02,1988,0.0
1988-06-03,1988,0.0
1988-06-04,1988,0.0
1988-06-05,1988,0.0
1988-06-06,1988,0.0
1988-06-09,1988,0.0
1988-06-11,1988,3.5
1988-06-13,1988,3.0
1988-06-14,1988,11.4
1988-06-15,1988,0.2
1988-06-16,1988,0.0
1988-06-17,1988,4.9
1988-06-18,1988,0.1
1988-06-19,1988,1.4
1988-06-20,1988,3.0
1988-06-21,1988,4.5
1988-06-22,1988,4.1
1988-06-23,1988,62.7
1988-06-24,1988,63.5
1988-06-25,1988,1.9
1988-06-26,1988,88.5
1988-06-27,1988,21.0
1988-06-28,1988,0.5
1988-06-29,1988,7.0
1988-06-30,1988,15.7
1988-07-01,1988,4.2
1988-07-03,1988,0.0
1988-07-04,1988,0.4
1988-07-06,1988,0.0
1988-07-07,1988,0.0
1988-07-08,1988,0.0
1988-07-09,1988,0.0
1988-07-10,1988,13.8
1988-07-11,1988,8.0
1988-07-12,1988,12.0
1988-07-15,1988,1.2
1988-07-17,1988,0.0
1988-07-18,1988,0.0
1988-07-19,1988,203.5
1988-07-20,1988,44.2
1988-07-21,1988,0.8
1988-07-22,1988,2.1
1988-07-24,1988,1.6
1988-07-25,1988,0.0
1988-07-27,1988,31.8
1988-07-28,1988,3.8
1988-07-30,1988,0.0
1988-08-01,1988,0.0
1988-08-02,1988,21.6
1988-08-03,1988,23.0
1988-08-04,1988,16.1
1988-08-05,1988,5.1
1988-08-06,1988,0.0
1988-08-07,1988,0.0
1988-08-08,1988,0.0
1988-08-09,1988,5.2
1988-08-10,1988,13.5
1988-08-11,1988,23.0
1988-08-12,1988,25.4
1988-08-13,1988,0.1
1988-08-14,1988,36.8
1988-08-15,1988,45.9
1988-08-16,1988,13.2
1988-08-17,1988,27.7
1988-08-18,1988,56.9
1988-08-19,1988,23.7
1988-08-20,1988,12.0
1988-08-21,1988,17.5
1988-08-22,1988,0.0
1988-08-23,1988,0.0
1988-08-24,1988,0.0
1988-08-25,1988,8.1
1988-08-27,1988,0.0
1988-08-30,1988,56.7
1988-08-31,1988,74.2
1988-09-01,1988,4.5
1988-09-02,1988,1.2
1988-09-04,1988,15.1
1988-09-05,1988,0.5
1988-09-07,1988,0.0
1988-09-08,1988,0.0
1988-09-12,1988,0.0
1988-09-13,1988,30.8
1988-09-14,1988,0.0
1988-09-16,1988,39.7
1988-09-17,1988,3.9
1988-09-18,1988,0.1
1988-09-22,1988,0.8
1988-09-23,1988,4.9
1988-09-24,1988,6.8
1988-09-25,1988,0.9
1988-09-26,1988,0.2
1988-09-29,1988,0.5
1988-10-01,1988,4.7
1988-10-02,1988,4.5
1988-10-04,1988,0.0
1988-10-05,1988,0.0
1988-10-06,1988,0.0
1988-10-08,1988,0.0
1988-10-09,1988,0.0
1988-10-12,1988,7.7
1988-10-13,1988,0.0
1988-10-14,1988,0.0
1988-10-15,1988,0.0
1988-10-16,1988,0.0
1988-10-17,1988,0.0
1988-10-18,1988,0.0
1988-10-20,1988,0.0
1988-10-22,1988,19.1
1988-10-23,1988,8.1
1988-10-24,1988,0.0
1988-10-25,1988,0.0
1988-10-26,1988,0.0
1988-10-27,1988,1.0
1988-10-28,1988,5.8
1988-10-29,1988,0.9
1988-10-30,1988,2.5
1988-10-31,1988,7.5
1988-11-02,1988,0.0
1988-11-03,1988,0.0
1988-11-04,1988,0.0
1988-11-05,1988,0.0
1988-11-06,1988,0.0
1988-11-07,1988,0.0
1988-11-08,1988,0.0
1988-11-10,1988,6.9
1988-11-11,1988,7.0
1988-11-12,1988,1.4
1988-11-13,1988,1.0
1988-11-16,1988,6.1
1988-11-17,1988,3.2
1988-11-18,1988,0.0
1988-11-19,1988,0.0
1988-11-20,1988,0.0
1988-11-21,1988,0.0
1988-11-22,1988,0.0
1988-11-23,1988,0.0
1988-11-24,1988,0.0
1988-11-25,1988,0.0
1988-11-26,1988,0.0
1988-11-27,1988,0.0
1988-11-28,1988,0.0
1988-11-29,1988,0.0
1988-11-30,1988,0.0
1988-12-01,1988,0.0
1988-12-02,1988,0.0
1988-12-03,1988,0.0
1988-12-04,1988,0.0
1988-12-05,1988,0.0
1988-12-06,1988,0.0
1988-12-07,1988,0.9
1988-12-08,1988,2.3
1988-12-09,1988,0.0
1988-12-10,1988,0.0
1988-12-11,1988,0.0
1988-12-12,1988,0.0
1988-12-13,1988,0.0
1988-12-14,1988,0.0
1988-12-15,1988,0.0
1988-12-16,1988,0.0
1988-12-17,1988,0.0
1988-12-18,1988,0.0
1988-12-19,1988,0.0
1988-12-20,1988,0.0
1988-12-21,1988,0.0
1988-12-22,1988,0.0
1988-12-23,1988,0.0
1988-12-24,1988,0.0
1988-12-25,1988,0.0
1988-12-26,1988,0.2
1988-12-27,1988,0.0
1988-12-29,1988,9.3
1988-12-30,1988,61.5
1988-12-31,1988,32.4
1989-01-01,1989,0.0
1989-01-02,1989,0.0
1989-01-03,1989,0.0
1989-01-05,1989,5.2
1989-01-06,1989,0.1
1989-01-07,1989,0.0
1989-01-08,1989,0.0
1989-01-09,1989,0.1
1989-01-10,1989,0.1
1989-01-11,1989,0.0
1989-01-12,1989,5.7
1989-01-13,1989,0.5
1989-01-14,1989,4.3
1989-01-15,1989,0.0
1989-01-16,1989,0.0
1989-01-20,1989,0.0
1989-01-23,1989,0.0
1989-01-24,1989,0.0
1989-01-25,1989,1.6
1989-01-26,1989,1.4
1989-01-27,1989,3.6
1989-01-28,1989,1.3
1989-01-30,1989,0.0
1989-02-01,1989,0.0
1989-02-02,1989,0.0
1989-02-03,1989,0.0
1989-02-04,1989,0.0
1989-02-06,1989,0.0
1989-02-07,1989,0.0
1989-02-09,1989,2.7
1989-02-10,1989,0.0
1989-02-11,1989,0.0
1989-02-12,1989,0.0
1989-02-13,1989,0.0
1989-02-14,1989,0.0
1989-02-15,1989,0.0
1989-02-16,1989,0.0
1989-02-17,1989,0.0
1989-02-23,1989,0.0
1989-02-24,1989,0.0
1989-02-25,1989,0.0
1989-02-26,1989,0.0
1989-02-28,1989,0.0
1989-03-01,1989,0.0
1989-03-02,1989,0.0
1989-03-03,1989,0.2
1989-03-04,1989,0.6
1989-03-05,1989,0.2
1989-03-07,1989,0.0
1989-03-08,1989,0.0
1989-03-09,1989,0.0
1989-03-10,1989,0.0
1989-03-11,1989,0.0
1989-03-12,1989,0.0
1989-03-13,1989,0.0
1989-03-14,1989,0.0
1989-03-15,1989,0.0
1989-03-16,1989,1.9
1989-03-17,1989,0.1
1989-03-18,1989,3.1
1989-03-19,1989,0.1
1989-03-22,1989,4.1
1989-03-23,1989,0.0
1989-03-25,1989,37.4
1989-03-26,1989,0.1
1989-03-27,1989,0.0
1989-03-28,1989,0.0
1989-03-29,1989,0.0
1989-03-30,1989,0.0
1989-03-31,1989,0.0
1989-04-01,1989,0.3
1989-04-03,1989,0.8
1989-04-04,1989,7.4
1989-04-05,1989,11.4
1989-04-06,1989,7.6
1989-04-07,1989,39.2
1989-04-08,1989,55.6
1989-04-09,1989,2.3
1989-04-10,1989,0.0
1989-04-11,1989,0.0
1989-04-13,1989,0.4
1989-04-15,1989,23.8
1989-04-16,1989,0.3
1989-04-17,1989,29.5
1989-04-18,1989,0.1
1989-04-19,1989,0.0
1989-04-20,1989,0.0
1989-04-22,1989,7.6
1989-04-23,1989,12.0
1989-04-24,1989,0.0
1989-04-25,1989,2.7
1989-04-26,1989,0.1
1989-04-29,1989,0.0
1989-04-30,1989,0.0
1989-05-01,1989,41.3
1989-05-02,1989,208.4
1989-05-03,1989,30.4
1989-05-04,1989,0.6
1989-05-05,1989,5.8
1989-05-06,1989,0.0
1989-05-07,1989,0.0
1989-05-09,1989,0.0
1989-05-10,1989,0.2
1989-05-12,1989,0.0
1989-05-13,1989,5.5
1989-05-14,1989,2.3
1989-05-15,1989,0.0
1989-05-16,1989,0.1
1989-05-17,1989,21.1
1989-05-18,1989,0.0
1989-05-19,1989,6.7
1989-05-20,1989,322.8
1989-05-21,1989,102.9
1989-05-22,1989,0.7
1989-05-23,1989,1.9
1989-05-24,1989,6.1
1989-05-25,1989,6.9
1989-05-26,1989,2.2
1989-05-27,1989,1.6
1989-05-30,1989,0.9
1989-05-31,1989,3.5
1989-06-01,1989,0.9
1989-06-02,1989,0.4
1989-06-03,1989,7.4
1989-06-04,1989,0.0
1989-06-05,1989,2.6
1989-06-06,1989,10.2
1989-06-07,1989,0.0
1989-06-09,1989,0.0
1989-06-10,1989,5.5
1989-06-11,1989,7.1
1989-06-12,1989,5.0
1989-06-13,1989,0.0
1989-06-20,1989,3.5
1989-06-21,1989,1.0
1989-06-22,1989,64.5
1989-06-23,1989,12.8
1989-06-24,1989,0.0
1989-06-26,1989,4.5
1989-06-27,1989,11.6
1989-06-30,1989,0.5
1989-07-04,1989,0.0
1989-07-05,1989,0.0
1989-07-06,1989,0.0
1989-07-07,1989,0.0
1989-07-08,1989,0.0
1989-07-09,1989,0.0
1989-07-10,1989,23.8
1989-07-11,1989,7.4
1989-07-13,1989,0.0
1989-07-14,1989,0.0
1989-07-15,1989,0.0
1989-07-16,1989,0.0
1989-07-17,1989,11.5
1989-07-18,1989,119.7
1989-07-20,1989,0.5
1989-07-21,1989,0.0
1989-07-22,1989,0.2
1989-07-23,1989,3.9
1989-07-24,1989,0.7
1989-07-27,1989,0.0
1989-07-28,1989,8.9
1989-07-29,1989,59.1
1989-07-30,1989,2.2
1989-07-31,1989,0.0
1989-08-01,1989,0.5
1989-08-02,1989,9.9
1989-08-03,1989,0.0
1989-08-05,1989,10.4
1989-08-06,1989,0.0
1989-08-08,1989,0.0
1989-08-09,1989,0.0
1989-08-10,1989,1.5
1989-08-11,1989,10.6
1989-08-12,1989,2.8
1989-08-14,1989,0.0
1989-08-15,1989,4.7
1989-08-16,1989,0.0
1989-08-17,1989,0.5
1989-08-19,1989,0.0
1989-08-20,1989,5.8
1989-08-21,1989,5.1
1989-08-22,1989,75.6
1989-08-23,1989,53.1
1989-08-24,1989,2.1
1989-08-26,1989,7.5
1989-08-27,1989,0.3
1989-08-28,1989,16.1
1989-08-29,1989,11.2
1989-08-30,1989,0.3
1989-09-02,1989,0.0
1989-09-03,1989,0.0
1989-09-04,1989,10.2
1989-09-05,1989,0.4
1989-09-06,1989,22.6
1989-09-07,1989,59.4
1989-09-08,1989,0.7
1989-09-09,1989,0.0
1989-09-10,1989,0.0
1989-09-11,1989,0.0
1989-09-12,1989,0.0
1989-09-13,1989,0.0
1989-09-16,1989,23.3
1989-09-17,1989,41.2
1989-09-18,1989,1.8
1989-09-19,1989,6.3
1989-09-20,1989,13.0
1989-09-21,1989,5.5
1989-09-22,1989,28.7
1989-09-24,1989,0.0
1989-09-26,1989,0.0
1989-09-27,1989,0.0
1989-09-28,1989,1.3
1989-09-29,1989,4.5
1989-09-30,1989,9.2
1989-10-01,1989,8.2
1989-10-02,1989,0.7
1989-10-03,1989,0.0
1989-10-04,1989,0.0
1989-10-05,1989,0.1
1989-10-06,1989,0.0
1989-10-07,1989,0.0
1989-10-09,1989,0.0
1989-10-10,1989,0.0
1989-10-11,1989,0.0
1989-10-12,1989,5.3
1989-10-13,1989,0.9
1989-10-15,1989,0.0
1989-10-18,1989,0.0
1989-10-19,1989,0.0
1989-10-20,1989,0.0
1989-10-22,1989,0.0
1989-10-23,1989,0.0
1989-10-24,1989,0.0
1989-10-25,1989,0.0
1989-10-26,1989,0.0
1989-10-27,1989,0.0
1989-10-28,1989,0.0
1989-10-30,1989,0.0
1989-10-31,1989,0.0
1989-11-01,1989,8.8
1989-11-04,1989,0.1
1989-11-05,1989,0.0
1989-11-06,1989,0.0
1989-11-07,1989,0.0
1989-11-08,1989,0.0
1989-11-13,1989,1.4
1989-11-14,1989,6.8
1989-11-15,1989,0.0
1989-11-16,1989,0.0
1989-11-17,1989,0.0
1989-11-18,1989,0.0
1989-11-19,1989,0.0
1989-11-20,1989,0.0
1989-11-21,1989,0.0
1989-11-23,1989,0.0
1989-11-25,1989,3.0
1989-11-26,1989,0.2
1989-11-29,1989,0.0
1989-11-30,1989,0.0
1989-12-01,1989,0.0
1989-12-02,1989,0.0
1989-12-03,1989,0.0
1989-12-04,1989,0.0
1989-12-05,1989,0.0
1989-12-06,1989,0.0
1989-12-07,1989,0.0
1989-12-08,1989,0.0
1989-12-09,1989,0.0
1989-12-10,1989,0.0
1989-12-11,1989,0.0
1989-12-12,1989,0.0
1989-12-13,1989,0.0
1989-12-14,1989,0.0
1989-12-15,1989,0.0
1989-12-16,1989,0.0
1989-12-17,1989,0.0
1989-12-18,1989,0.2
1989-12-19,1989,1.4
1989-12-20,1989,0.0
1989-12-22,1989,2.8
1989-12-23,1989,8.6
1989-12-24,1989,5.6
1989-12-25,1989,0.5
1989-12-27,1989,0.0
1989-12-28,1989,0.0
1989-12-30,1989,4.6
1989-12-31,1989,16.5
1990-01-01,1990,0.4
1990-01-02,1990,3.0
1990-01-03,1990,0.0
1990-01-04,1990,0.0
1990-01-05,1990,0.1
1990-01-08,1990,0.0
1990-01-09,1990,0.0
1990-01-10,1990,0.0
1990-01-12,1990,0.0
1990-01-15,1990,3.3
1990-01-18,1990,1.3
1990-01-19,1990,6.7
1990-01-20,1990,0.3
1990-01-21,1990,0.6
1990-01-22,1990,0.3
1990-01-23,1990,1.6
1990-01-25,1990,0.9
1990-01-27,1990,0.0
1990-01-29,1990,9.6
1990-01-30,1990,15.8
1990-01-31,1990,3.6
1990-02-01,1990,0.5
1990-02-03,1990,0.0
1990-02-04,1990,0.0
1990-02-05,1990,0.0
1990-02-06,1990,0.0
1990-02-07,1990,0.0
1990-02-09,1990,0.4
1990-02-10,1990,0.3
1990-02-11,1990,0.0
1990-02-12,1990,0.2
1990-02-13,1990,0.0
1990-02-14,1990,0.0
1990-02-15,1990,0.0
1990-02-17,1990,32.5
1990-02-18,1990,7.1
1990-02-19,1990,0.0
1990-02-20,1990,2.2
1990-02-21,1990,18.0
1990-02-22,1990,5.0
1990-02-23,1990,52.5
1990-02-24,1990,18.0
1990-02-25,1990,28.4
1990-02-26,1990,19.4
1990-02-27,1990,10.6
1990-02-28,1990,0.6
1990-03-01,1990,0.7
1990-03-02,1990,0.5
1990-03-03,1990,0.1
1990-03-04,1990,0.5
1990-03-05,1990,0.0
1990-03-06,1990,0.2
1990-03-07,1990,0.0
1990-03-08,1990,0.0
1990-03-09,1990,0.1
1990-03-10,1990,0.0
1990-03-11,1990,0.0
1990-03-16,1990,0.8
1990-03-17,1990,0.0
1990-03-19,1990,0.0
1990-03-20,1990,0.0
1990-03-21,1990,0.0
1990-03-23,1990,0.0
1990-03-24,1990,0.1
1990-03-26,1990,0.1
1990-03-28,1990,0.0
1990-03-29,1990,3.4
1990-03-30,1990,23.4
1990-04-01,1990,0.6
1990-04-03,1990,23.1
1990-04-04,1990,67.9
1990-04-05,1990,0.3
1990-04-09,1990,38.7
1990-04-10,1990,7.6
1990-04-11,1990,72.9
1990-04-12,1990,0.1
1990-04-13,1990,0.0
1990-04-14,1990,2.9
1990-04-15,1990,1.4
1990-04-16,1990,1.3
1990-04-17,1990,7.4
1990-04-18,1990,0.4
1990-04-19,1990,0.3
1990-04-20,1990,0.6
1990-04-21,1990,0.9
1990-04-22,1990,0.4
1990-04-23,1990,13.4
1990-04-24,1990,1.8
1990-04-25,1990,15.3
1990-04-26,1990,0.3
1990-04-27,1990,0.0
1990-04-29,1990,0.0
1990-05-01,1990,0.0
1990-05-02,1990,0.0
1990-05-03,1990,0.0
1990-05-04,1990,0.1
1990-05-06,1990,0.0
1990-05-07,1990,0.0
1990-05-09,1990,8.3
1990-05-10,1990,5.7
1990-05-11,1990,23.1
1990-05-12,1990,8.6
1990-05-13,1990,10.6
1990-05-14,1990,0.0
1990-05-17,1990,16.4
1990-05-18,1990,2.1
1990-05-19,1990,0.0
1990-05-20,1990,0.0
1990-05-21,1990,0.0
1990-05-22,1990,0.0
1990-05-23,1990,0.0
1990-05-26,1990,20.1
1990-05-27,1990,5.3
1990-05-30,1990,2.1
1990-05-31,1990,0.0
1990-06-01,1990,144.8
1990-06-02,1990,10.8
1990-06-03,1990,0.8
1990-06-04,1990,0.9
1990-06-05,1990,1.8
1990-06-06,1990,11.2
1990-06-07,1990,4.1
1990-06-08,1990,8.5
1990-06-09,1990,12.4
1990-06-10,1990,5.5
1990-06-11,1990,2.1
1990-06-13,1990,0.0
1990-06-14,1990,0.0
1990-06-16,1990,58.4
1990-06-17,1990,55.1
1990-06-18,1990,11.2
1990-06-19,1990,1.1
1990-06-21,1990,0.0
1990-06-22,1990,0.0
1990-06-23,1990,0.0
1990-06-24,1990,0.0
1990-06-25,1990,1.6
1990-06-26,1990,21.9
1990-06-27,1990,0.3
1990-06-28,1990,0.0
1990-06-29,1990,12.6
1990-06-30,1990,83.0
1990-07-01,1990,0.1
1990-07-03,1990,2.3
1990-07-06,1990,0.1
1990-07-07,1990,7.3
1990-07-08,1990,0.0
1990-07-10,1990,0.0
1990-07-12,1990,19.0
1990-07-13,1990,25.2
1990-07-14,1990,43.8
1990-07-15,1990,7.9
1990-07-17,1990,0.9
1990-07-18,1990,2.1
1990-07-19,1990,0.2
1990-07-21,1990,11.0
1990-07-22,1990,14.7
1990-07-23,1990,12.0
1990-07-24,1990,21.5
1990-07-25,1990,0.0
1990-07-26,1990,0.0
1990-07-27,1990,1.7
1990-07-28,1990,10.0
1990-07-29,1990,17.4
1990-07-30,1990,13.2
1990-07-31,1990,57.6
1990-08-01,1990,3.6
1990-08-02,1990,73.3
1990-08-03,1990,29.2
1990-08-04,1990,3.2
1990-08-05,1990,6.3
1990-08-06,1990,4.1
1990-08-08,1990,0.0
1990-08-09,1990,0.0
1990-08-13,1990,0.0
1990-08-15,1990,0.0
1990-08-16,1990,4.1
1990-08-17,1990,0.0
1990-08-19,1990,0.0
1990-08-20,1990,0.0
1990-08-21,1990,0.0
1990-08-23,1990,0.3
1990-08-25,1990,0.4
1990-08-26,1990,0.0
1990-08-28,1990,22.7
1990-08-29,1990,2.9
1990-08-30,1990,0.0
1990-08-31,1990,0.0
1990-09-01,1990,0.0
1990-09-02,1990,3.5
1990-09-03,1990,0.8
1990-09-04,1990,0.0
1990-09-05,1990,0.0
1990-09-06,1990,22.7
1990-09-07,1990,0.0
1990-09-08,1990,31.8
1990-09-09,1990,7.4
1990-09-10,1990,105.4
1990-09-11,1990,83.9
1990-09-12,1990,1.8
1990-09-15,1990,6.8
1990-09-16,1990,0.0
1990-09-19,1990,97.5
1990-09-20,1990,1.0
1990-09-21,1990,2.8
1990-09-22,1990,1.2
1990-09-23,1990,0.0
1990-09-24,1990,0.6
1990-09-25,1990,36.8
1990-09-26,1990,0.3
1990-09-27,1990,5.6
1990-09-29,1990,0.0
1990-09-30,1990,0.0
1990-10-02,1990,0.3
1990-10-04,1990,21.1
1990-10-05,1990,74.0
1990-10-06,1990,0.0
1990-10-07,1990,0.0
1990-10-08,1990,0.0
1990-10-09,1990,0.3
1990-10-10,1990,0.0
1990-10-11,1990,0.0
1990-10-12,1990,0.0
1990-10-13,1990,0.0
1990-10-16,1990,0.0
1990-10-18,1990,0.0
1990-10-19,1990,0.0
1990-10-22,1990,0.0
1990-10-23,1990,0.0
1990-10-24,1990,3.7
1990-10-25,1990,1.2
1990-10-26,1990,0.0
1990-10-28,1990,0.0
1990-10-30,1990,0.1
1990-10-31,1990,0.0
1990-11-01,1990,0.0
1990-11-02,1990,0.0
1990-11-03,1990,7.1
1990-11-04,1990,1.0
1990-11-05,1990,4.8
1990-11-07,1990,1.3
1990-11-08,1990,0.5
1990-11-09,1990,11.0
1990-11-10,1990,0.1
1990-11-11,1990,0.0
1990-11-12,1990,0.0
1990-11-13,1990,0.0
1990-11-14,1990,0.0
1990-11-15,1990,0.9
1990-11-16,1990,2.6
1990-11-17,1990,3.9
1990-11-18,1990,3.4
1990-11-19,1990,0.3
1990-11-20,1990,0.0
1990-11-21,1990,0.0
1990-11-22,1990,0.0
1990-11-23,1990,0.0
1990-11-24,1990,0.0
1990-11-25,1990,0.0
1990-11-26,1990,0.0
1990-11-28,1990,0.0
1990-11-29,1990,0.0
1990-11-30,1990,0.0
1990-12-01,1990,0.0
1990-12-02,1990,0.0
1990-12-03,1990,0.0
1990-12-04,1990,0.0
1990-12-05,1990,0.0
1990-12-06,1990,0.0
1990-12-07,1990,0.0
1990-12-08,1990,0.0
1990-12-09,1990,0.0
1990-12-10,1990,0.0
1990-12-11,1990,0.0
1990-12-12,1990,0.0
1990-12-13,1990,0.0
1990-12-14,1990,0.0
1990-12-17,1990,0.0
1990-12-18,1990,0.0
1990-12-19,1990,0.0
1990-12-20,1990,0.0
1990-12-21,1990,0.0
1990-12-23,1990,0.0
1990-12-24,1990,0.0
1990-12-25,1990,0.0
1990-12-28,1990,0.0
1990-12-30,1990,0.1
1991-01-01,1991,0.0
1991-01-02,1991,0.0
1991-01-03,1991,0.0
1991-01-05,1991,5.1
1991-01-06,1991,2.2
1991-01-07,1991,7.6
1991-01-08,1991,2.5
1991-01-09,1991,0.0
1991-01-10,1991,0.0
1991-01-11,1991,8.4
1991-01-12,1991,1.9
1991-01-14,1991,0.5
1991-01-15,1991,0.5
1991-01-16,1991,0.0
1991-01-17,1991,0.0
1991-01-18,1991,0.0
1991-01-19,1991,0.0
1991-01-20,1991,0.0
1991-01-21,1991,0.0
1991-01-22,1991,0.0
1991-01-25,1991,0.0
1991-01-27,1991,0.0
1991-01-28,1991,0.0
1991-01-29,1991,0.0
1991-02-02,1991,0.0
1991-02-03,1991,0.0
1991-02-04,1991,0.0
1991-02-05,1991,0.0
1991-02-06,1991,0.0
1991-02-07,1991,0.0
1991-02-08,1991,0.0
1991-02-09,1991,0.0
1991-02-10,1991,0.0
1991-02-14,1991,6.4
1991-02-15,1991,0.1
1991-02-16,1991,1.1
1991-02-17,1991,0.4
1991-02-20,1991,0.2
1991-02-21,1991,0.0
1991-02-23,1991,0.0
1991-02-24,1991,0.0
1991-02-25,1991,0.0
1991-02-26,1991,0.0
1991-03-02,1991,0.4
1991-03-03,1991,0.8
1991-03-04,1991,0.1
1991-03-05,1991,0.0
1991-03-06,1991,0.0
1991-03-07,1991,0.0
1991-03-08,1991,0.0
1991-03-09,1991,0.0
1991-03-11,1991,0.0
1991-03-15,1991,0.0
1991-03-18,1991,2.5
1991-03-21,1991,0.0
1991-03-22,1991,36.6
1991-03-23,1991,1.2
1991-03-26,1991,0.0
1991-03-27,1991,0.0
1991-03-30,1991,3.8
1991-03-31,1991,6.1
1991-04-01,1991,0.0
1991-04-02,1991,0.0
1991-04-03,1991,0.0
1991-04-04,1991,0.0
1991-04-06,1991,1.3
1991-04-08,1991,5.3
1991-04-11,1991,0.0
1991-04-12,1991,0.0
1991-04-13,1991,0.0
1991-04-14,1991,0.0
1991-04-15,1991,0.0
1991-04-16,1991,0.0
1991-04-17,1991,0.0
1991-04-18,1991,0.0
1991-04-21,1991,0.5
1991-04-22,1991,0.0
1991-04-23,1991,0.0
1991-04-24,1991,0.0
1991-04-25,1991,0.0
1991-04-29,1991,0.1
1991-04-30,1991,27.5
1991-05-01,1991,11.8
1991-05-03,1991,1.4
1991-05-04,1991,2.8
1991-05-05,1991,0.8
1991-05-07,1991,7.1
1991-05-11,1991,0.0
1991-05-12,1991,0.0
1991-05-13,1991,12.7
1991-05-14,1991,0.0
1991-05-15,1991,17.7
1991-05-16,1991,0.1
1991-05-17,1991,0.0
1991-05-20,1991,0.0
1991-05-21,1991,0.0
1991-05-24,1991,0.1
1991-05-25,1991,0.2
1991-05-27,1991,0.0
1991-05-29,1991,0.7
1991-05-30,1991,0.7
1991-05-31,1991,4.8
1991-06-01,1991,0.0
1991-06-02,1991,0.0
1991-06-03,1991,0.0
1991-06-04,1991,0.0
1991-06-08,1991,50.5
1991-06-09,1991,111.1
1991-06-10,1991,66.8
1991-06-11,1991,22.3
1991-06-12,1991,0.2
1991-06-13,1991,2.5
1991-06-14,1991,3.4
1991-06-16,1991,0.3
1991-06-17,1991,0.0
1991-06-18,1991,2.3
1991-06-19,1991,14.6
1991-06-20,1991,33.2
1991-06-21,1991,16.9
1991-06-22,1991,3.4
1991-06-23,1991,2.7
1991-06-24,1991,12.8
1991-06-25,1991,0.6
1991-06-26,1991,25.4
1991-06-27,1991,2.7
1991-06-29,1991,0.0
1991-06-30,1991,0.0
1991-07-01,1991,0.0
1991-07-02,1991,4.4
1991-07-03,1991,11.5
1991-07-04,1991,2.2
1991-07-05,1991,1.5
1991-07-09,1991,0.0
1991-07-10,1991,0.0
1991-07-11,1991,3.0
1991-07-12,1991,12.1
1991-07-13,1991,21.8
1991-07-14,1991,22.8
1991-07-15,1991,1.0
1991-07-16,1991,0.0
1991-07-18,1991,0.0
1991-07-19,1991,0.2
1991-07-20,1991,27.5
1991-07-21,1991,34.6
1991-07-22,1991,7.2
1991-07-23,1991,37.1
1991-07-24,1991,33.5
1991-07-25,1991,0.4
1991-07-26,1991,0.0
1991-07-29,1991,13.5
1991-07-30,1991,7.5
1991-07-31,1991,51.8
1991-08-01,1991,5.2
1991-08-02,1991,0.9
1991-08-03,1991,0.0
1991-08-04,1991,0.0
1991-08-06,1991,0.6
1991-08-07,1991,6.9
1991-08-10,1991,5.2
1991-08-11,1991,25.6
1991-08-12,1991,4.3
1991-08-13,1991,1.7
1991-08-14,1991,20.9
1991-08-15,1991,65.2
1991-08-16,1991,56.0
1991-08-17,1991,12.2
1991-08-18,1991,0.0
1991-08-19,1991,4.4
1991-08-21,1991,34.7
1991-08-22,1991,0.0
1991-08-23,1991,0.0
1991-08-24,1991,0.6
1991-08-25,1991,19.3
1991-08-26,1991,0.0
1991-08-27,1991,0.0
1991-08-28,1991,38.4
1991-08-30,1991,0.2
1991-08-31,1991,0.0
1991-09-01,1991,0.0
1991-09-03,1991,0.0
1991-09-04,1991,3.2
1991-09-05,1991,2.8
1991-09-06,1991,11.0
1991-09-07,1991,0.4
1991-09-08,1991,0.2
1991-09-09,1991,8.8
1991-09-10,1991,0.0
1991-09-11,1991,0.0
1991-09-12,1991,19.4
1991-09-14,1991,64.1
1991-09-15,1991,29.1
1991-09-16,1991,0.0
1991-09-17,1991,0.0
1991-09-18,1991,4.2
1991-09-19,1991,0.0
1991-09-21,1991,1.6
1991-09-22,1991,0.8
1991-09-23,1991,0.0
1991-09-24,1991,3.0
1991-09-25,1991,28.0
1991-09-26,1991,0.0
1991-09-27,1991,0.0
1991-09-29,1991,2.1
1991-09-30,1991,0.0
1991-10-02,1991,0.0
1991-10-03,1991,0.0
1991-10-04,1991,0.0
1991-10-05,1991,0.0
1991-10-07,1991,0.0
1991-10-08,1991,0.0
1991-10-09,1991,0.0
1991-10-10,1991,0.0
1991-10-12,1991,0.0
1991-10-13,1991,0.0
1991-10-14,1991,30.1
1991-10-15,1991,192.4
1991-10-16,1991,66.5
1991-10-17,1991,4.3
1991-10-19,1991,0.4
1991-10-20,1991,0.2
1991-10-21,1991,0.0
1991-10-24,1991,0.4
1991-10-26,1991,0.0
1991-10-27,1991,0.0
1991-10-28,1991,0.0
1991-10-29,1991,0.0
1991-10-30,1991,0.0
1991-10-31,1991,0.0
1991-11-01,1991,0.0
1991-11-02,1991,0.0
1991-11-03,1991,0.0
1991-11-04,1991,0.0
1991-11-05,1991,0.0
1991-11-06,1991,0.0
1991-11-07,1991,0.0
1991-11-09,1991,0.3
1991-11-10,1991,0.0
1991-11-11,1991,0.0
1991-11-12,1991,0.0
1991-11-13,1991,0.0
1991-11-14,1991,0.0
1991-11-15,1991,0.0
1991-11-16,1991,0.0
1991-11-17,1991,0.0
1991-11-18,1991,0.0
1991-11-20,1991,0.2
1991-11-22,1991,0.0
1991-11-25,1991,1.8
1991-11-26,1991,0.4
1991-11-27,1991,0.0
1991-11-28,1991,0.0
1991-11-29,1991,0.0
1991-12-04,1991,0.0
1991-12-05,1991,0.0
1991-12-06,1991,0.0
1991-12-07,1991,0.0
1991-12-08,1991,0.0
1991-12-09,1991,0.0
1991-12-11,1991,0.0
1991-12-14,1991,0.0
1991-12-16,1991,0.0
1991-12-17,1991,0.0
1991-12-18,1991,0.0
1991-12-19,1991,0.0
1991-12-20,1991,0.0
1991-12-21,1991,0.0
1991-12-22,1991,0.0
1991-12-24,1991,0.0
1991-12-25,1991,0.0
1991-12-26,1991,0.6
1991-12-27,1991,0.4
1991-12-28,1991,7.6
1991-12-29,1991,1.3
1991-12-30,1991,1.4
1991-12-31,1991,0.5
1992-01-01,1992,0.1
1992-01-02,1992,0.6
1992-01-05,1992,38.8
1992-01-06,1992,0.0
1992-01-08,1992,0.5
1992-01-11,1992,0.0
1992-01-12,1992,0.0
1992-01-13,1992,0.0
1992-01-14,1992,0.0
1992-01-15,1992,0.0
1992-01-16,1992,0.0
1992-01-17,1992,0.0
1992-01-19,1992,0.0
1992-01-20,1992,0.0
1992-01-21,1992,0.0
1992-01-22,1992,0.0
1992-01-23,1992,0.0
1992-01-24,1992,0.0
1992-01-25,1992,0.0
1992-01-26,1992,0.0
1992-01-27,1992,0.0
1992-01-28,1992,0.0
1992-01-29,1992,0.0
1992-01-30,1992,0.0
1992-01-31,1992,0.0
1992-02-01,1992,0.0
1992-02-03,1992,0.0
1992-02-07,1992,27.6
1992-02-09,1992,3.5
1992-02-10,1992,2.1
1992-02-11,1992,19.8
1992-02-12,1992,26.6
1992-02-13,1992,4.0
1992-02-14,1992,19.6
1992-02-15,1992,18.1
1992-02-16,1992,0.3
1992-02-17,1992,1.4
1992-02-19,1992,14.1
1992-02-20,1992,0.3
1992-02-21,1992,0.0
1992-02-22,1992,2.7
1992-02-23,1992,0.5
1992-02-24,1992,0.0
1992-02-25,1992,0.0
1992-02-26,1992,0.0
1992-02-27,1992,0.0
1992-02-29,1992,2.2
1992-03-01,1992,22.5
1992-03-02,1992,0.3
1992-03-03,1992,121.9
1992-03-04,1992,29.0
1992-03-06,1992,2.1
1992-03-07,1992,1.7
1992-03-08,1992,0.8
1992-03-09,1992,0.2
1992-03-10,1992,0.7
1992-03-12,1992,0.0
1992-03-15,1992,0.0
1992-03-16,1992,0.0
1992-03-17,1992,1.0
1992-03-19,1992,0.3
1992-03-26,1992,35.7
1992-03-27,1992,8.8
1992-03-28,1992,7.5
1992-03-31,1992,9.9
1992-04-01,1992,0.2
1992-04-02,1992,1.4
1992-04-03,1992,20.4
1992-04-04,1992,22.5
1992-04-05,1992,92.5
1992-04-06,1992,48.9
1992-04-07,1992,39.4
1992-04-08,1992,53.3
1992-04-09,1992,8.7
1992-04-10,1992,160.7
1992-04-11,1992,29.5
1992-04-12,1992,0.1
1992-04-16,1992,0.0
1992-04-17,1992,0.0
1992-04-18,1992,7.5
1992-04-19,1992,6.6
1992-04-22,1992,0.2
1992-04-23,1992,0.3
1992-04-27,1992,0.0
1992-04-28,1992,0.0
1992-04-29,1992,0.0
1992-04-30,1992,0.0
1992-05-01,1992,0.0
1992-05-02,1992,4.4
1992-05-03,1992,1.9
1992-05-04,1992,1.7
1992-05-05,1992,0.6
1992-05-06,1992,0.0
1992-05-07,1992,62.1
1992-05-08,1992,324.1
1992-05-09,1992,16.0
1992-05-10,1992,9.1
1992-05-11,1992,0.0
1992-05-12,1992,0.0
1992-05-13,1992,0.0
1992-05-14,1992,1.5
1992-05-15,1992,74.3
1992-05-16,1992,2.9
1992-05-17,1992,17.0
1992-05-18,1992,0.0
1992-05-19,1992,0.2
1992-05-21,1992,18.8
1992-05-24,1992,0.0
1992-05-26,1992,5.4
1992-05-27,1992,2.5
1992-05-28,1992,0.0
1992-05-29,1992,12.6
1992-05-30,1992,47.2
1992-06-01,1992,0.0
1992-06-02,1992,0.0
1992-06-05,1992,0.0
1992-06-06,1992,17.2
1992-06-07,1992,81.2
1992-06-08,1992,16.3
1992-06-09,1992,13.3
1992-06-10,1992,27.8
1992-06-11,1992,32.6
1992-06-12,1992,7.4
1992-06-13,1992,121.0
1992-06-14,1992,9.1
1992-06-15,1992,25.4
1992-06-17,1992,1.9
1992-06-18,1992,1.6
1992-06-19,1992,29.6
1992-06-20,1992,32.2
1992-06-22,1992,0.0
1992-06-25,1992,0.7
1992-06-28,1992,109.5
1992-06-29,1992,6.0
1992-07-02,1992,1.2
1992-07-03,1992,0.6
1992-07-04,1992,0.9
1992-07-05,1992,1.8
1992-07-06,1992,29.7
1992-07-07,1992,73.4
1992-07-08,1992,1.6
1992-07-10,1992,3.0
1992-07-11,1992,0.0
1992-07-12,1992,27.2
1992-07-13,1992,9.8
1992-07-14,1992,0.0
1992-07-15,1992,0.0
1992-07-17,1992,6.7
1992-07-18,1992,177.7
1992-07-19,1992,0.0
1992-07-20,1992,0.0
1992-07-21,1992,2.2
1992-07-22,1992,19.3
1992-07-23,1992,3.0
1992-07-24,1992,0.0
1992-07-25,1992,0.0
1992-07-28,1992,0.0
1992-07-29,1992,0.0
1992-07-30,1992,0.0
1992-07-31,1992,0.0
1992-08-01,1992,0.2
1992-08-02,1992,0.0
1992-08-03,1992,0.0
1992-08-04,1992,0.0
1992-08-05,1992,0.0
1992-08-06,1992,0.0
1992-08-07,1992,0.0
1992-08-08,1992,7.3
1992-08-10,1992,6.9
1992-08-11,1992,14.2
1992-08-12,1992,0.4
1992-08-13,1992,0.8
1992-08-15,1992,5.9
1992-08-17,1992,0.1
1992-08-18,1992,0.0
1992-08-19,1992,0.0
1992-08-20,1992,0.1
1992-08-21,1992,18.1
1992-08-22,1992,8.4
1992-08-23,1992,1.7
1992-08-24,1992,4.0
1992-08-25,1992,0.0
1992-08-26,1992,0.0
1992-08-27,1992,19.3
1992-08-28,1992,10.3
1992-08-31,1992,0.0
1992-09-01,1992,0.0
1992-09-02,1992,0.0
1992-09-03,1992,0.0
1992-09-04,1992,0.0
1992-09-05,1992,16.8
1992-09-06,1992,12.7
1992-09-07,1992,8.6
1992-09-08,1992,11.0
1992-09-09,1992,0.3
1992-09-10,1992,2.8
1992-09-11,1992,0.5
1992-09-12,1992,2.4
1992-09-13,1992,0.0
1992-09-14,1992,0.0
1992-09-16,1992,2.0
1992-09-17,1992,0.9
1992-09-18,1992,1.4
1992-09-19,1992,0.4
1992-09-21,1992,0.0
1992-09-22,1992,0.0
1992-09-23,1992,0.0
1992-09-24,1992,0.0
1992-09-25,1992,0.0
1992-09-26,1992,2.1
1992-09-27,1992,0.5
1992-09-29,1992,0.1
1992-09-30,1992,0.6
1992-10-01,1992,13.8
1992-10-02,1992,0.0
1992-10-03,1992,0.0
1992-10-05,1992,13.1
1992-10-09,1992,0.1
1992-10-10,1992,1.1
1992-10-11,1992,0.0
1992-10-13,1992,0.2
1992-10-14,1992,0.0
1992-10-15,1992,0.0
1992-10-16,1992,0.0
1992-10-17,1992,0.0
1992-10-18,1992,0.0
1992-10-19,1992,0.0
1992-10-20,1992,0.0
1992-10-21,1992,0.0
1992-10-22,1992,0.0
1992-10-23,1992,0.0
1992-10-24,1992,0.0
1992-10-25,1992,0.0
1992-10-26,1992,0.0
1992-10-27,1992,0.4
1992-10-28,1992,2.2
1992-10-29,1992,0.0
1992-10-30,1992,0.0
1992-10-31,1992,0.0
1992-11-01,1992,0.0
1992-11-02,1992,0.0
1992-11-03,1992,0.0
1992-11-04,1992,0.0
1992-11-05,1992,0.0
1992-11-06,1992,0.0
1992-11-07,1992,0.0
1992-11-08,1992,1.0
1992-11-09,1992,0.0
1992-11-10,1992,0.0
1992-11-11,1992,0.0
1992-11-12,1992,0.0
1992-11-13,1992,0.0
1992-11-14,1992,8.5
1992-11-15,1992,0.6
1992-11-16,1992,0.0
1992-11-17,1992,0.0
1992-11-18,1992,0.0
1992-11-19,1992,0.0
1992-11-20,1992,0.0
1992-11-21,1992,0.0
1992-11-22,1992,0.0
1992-11-23,1992,0.0
1992-11-24,1992,0.0
1992-11-25,1992,0.0
1992-11-26,1992,0.0
1992-11-27,1992,0.0
1992-11-28,1992,0.0
1992-11-29,1992,0.0
1992-11-30,1992,0.0
1992-12-01,1992,0.0
1992-12-03,1992,0.0
1992-12-04,1992,0.0
1992-12-05,1992,0.0
1992-12-06,1992,0.0
1992-12-08,1992,0.0
1992-12-09,1992,0.0
1992-12-10,1992,0.0
1992-12-12,1992,0.0
1992-12-13,1992,0.0
1992-12-14,1992,1.4
1992-12-15,1992,0.4
1992-12-16,1992,0.0
1992-12-17,1992,0.0
1992-12-18,1992,0.0
1992-12-19,1992,0.0
1992-12-20,1992,0.9
1992-12-21,1992,0.0
1992-12-22,1992,0.0
1992-12-23,1992,0.0
1992-12-24,1992,0.0
1992-12-26,1992,23.0
1992-12-27,1992,9.8
1992-12-28,1992,0.0
1992-12-29,1992,29.7
1992-12-30,1992,1.2
1992-12-31,1992,0.0
1993-01-01,1993,0.0
1993-01-02,1993,0.0
1993-01-03,1993,0.0
1993-01-04,1993,0.0
1993-01-06,1993,1.2
1993-01-07,1993,0.0
1993-01-09,1993,0.0
1993-01-10,1993,0.0
1993-01-12,1993,1.4
1993-01-15,1993,5.1
1993-01-16,1993,7.3
1993-01-17,1993,0.1
1993-01-18,1993,5.1
1993-01-19,1993,0.0
1993-01-20,1993,0.0
1993-01-21,1993,0.0
1993-01-22,1993,0.0
1993-01-23,1993,13.3
1993-01-24,1993,0.0
1993-01-25,1993,0.0
1993-01-26,1993,0.0
1993-01-27,1993,0.0
1993-01-28,1993,0.0
1993-01-29,1993,0.0
1993-01-30,1993,0.0
1993-01-31,1993,0.0
1993-02-01,1993,0.0
1993-02-02,1993,0.0
1993-02-03,1993,0.0
1993-02-04,1993,0.0
1993-02-05,1993,0.0
1993-02-07,1993,0.0
1993-02-09,1993,0.5
1993-02-10,1993,0.0
1993-02-11,1993,0.0
1993-02-12,1993,0.0
1993-02-13,1993,0.0
1993-02-14,1993,0.0
1993-02-15,1993,0.0
1993-02-16,1993,0.0
1993-02-17,1993,0.0
1993-02-18,1993,0.4
1993-02-19,1993,0.1
1993-02-21,1993,0.0
1993-02-23,1993,0.0
1993-02-24,1993,0.0
1993-02-25,1993,0.0
1993-02-28,1993,0.0
1993-03-01,1993,0.0
1993-03-02,1993,0.0
1993-03-04,1993,0.2
1993-03-05,1993,0.0
1993-03-06,1993,0.0
1993-03-07,1993,0.0
1993-03-08,1993,0.0
1993-03-09,1993,0.0
1993-03-10,1993,0.0
1993-03-11,1993,0.0
1993-03-12,1993,0.0
1993-03-13,1993,1.1
1993-03-14,1993,0.3
1993-03-15,1993,1.0
1993-03-16,1993,18.8
1993-03-17,1993,17.3
1993-03-18,1993,3.0
1993-03-19,1993,4.8
1993-03-20,1993,1.1
1993-03-21,1993,0.0
1993-03-23,1993,0.0
1993-03-25,1993,0.0
1993-03-26,1993,0.0
1993-03-27,1993,0.0
1993-03-28,1993,0.0
1993-03-29,1993,1.1
1993-03-31,1993,0.3
1993-04-02,1993,0.2
1993-04-03,1993,0.0
1993-04-04,1993,0.0
1993-04-05,1993,0.4
1993-04-06,1993,1.0
1993-04-07,1993,19.4
1993-04-08,1993,5.1
1993-04-12,1993,0.0
1993-04-13,1993,0.0
1993-04-14,1993,0.0
1993-04-15,1993,0.0
1993-04-16,1993,0.0
1993-04-18,1993,14.7
1993-04-20,1993,45.4
1993-04-21,1993,22.5
1993-04-24,1993,1.1
1993-04-25,1993,8.1
1993-04-26,1993,0.4
1993-04-29,1993,11.5
1993-04-30,1993,6.5
1993-05-01,1993,36.9
1993-05-02,1993,31.1
1993-05-03,1993,0.3
1993-05-04,1993,2.3
1993-05-05,1993,0.1
1993-05-06,1993,0.0
1993-05-07,1993,0.0
1993-05-08,1993,0.0
1993-05-09,1993,54.5
1993-05-10,1993,0.2
1993-05-11,1993,1.0
1993-05-13,1993,0.0
1993-05-14,1993,0.0
1993-05-15,1993,0.1
1993-05-18,1993,0.0
1993-05-19,1993,0.0
1993-05-20,1993,0.0
1993-05-21,1993,0.0
1993-05-22,1993,2.0
1993-05-23,1993,26.1
1993-05-24,1993,65.6
1993-05-25,1993,76.5
1993-05-26,1993,16.0
1993-05-27,1993,0.0
1993-05-28,1993,0.0
1993-05-29,1993,0.0
1993-05-31,1993,25.7
1993-06-02,1993,9.1
1993-06-03,1993,47.6
1993-06-04,1993,7.5
1993-06-05,1993,0.9
1993-06-06,1993,1.3
1993-06-07,1993,16.4
1993-06-09,1993,11.1
1993-06-10,1993,20.7
1993-06-11,1993,142.1
1993-06-12,1993,0.0
1993-06-13,1993,12.8
1993-06-14,1993,0.9
1993-06-15,1993,7.6
1993-06-16,1993,153.0
1993-06-17,1993,5.9
1993-06-19,1993,0.1
1993-06-20,1993,3.0
1993-06-21,1993,0.8
1993-06-22,1993,0.1
1993-06-23,1993,1.4
1993-06-24,1993,11.2
1993-06-25,1993,1.6
1993-06-26,1993,8.7
1993-06-27,1993,9.5
1993-06-28,1993,10.9
1993-06-29,1993,0.7
1993-06-30,1993,0.3
1993-07-02,1993,0.0
1993-07-05,1993,0.0
1993-07-08,1993,0.1
1993-07-09,1993,0.0
1993-07-10,1993,22.2
1993-07-11,1993,32.1
1993-07-12,1993,24.8
1993-07-13,1993,39.7
1993-07-14,1993,0.0
1993-07-15,1993,0.8
1993-07-18,1993,0.0
1993-07-19,1993,0.0
1993-07-22,1993,80.8
1993-07-24,1993,0.1
1993-07-25,1993,0.0
1993-07-27,1993,0.4
1993-07-28,1993,0.0
1993-07-29,1993,0.4
1993-07-30,1993,0.1
1993-07-31,1993,12.2
1993-08-01,1993,19.2
1993-08-02,1993,16.4
1993-08-03,1993,5.2
1993-08-04,1993,0.3
1993-08-05,1993,0.0
1993-08-06,1993,0.0
1993-08-07,1993,0.0
1993-08-08,1993,1.0
1993-08-09,1993,0.2
1993-08-10,1993,20.3
1993-08-11,1993,6.1
1993-08-12,1993,0.9
1993-08-13,1993,9.9
1993-08-15,1993,10.7
1993-08-16,1993,37.2
1993-08-17,1993,15.2
1993-08-18,1993,0.0
1993-08-19,1993,0.2
1993-08-20,1993,24.6
1993-08-21,1993,13.9
1993-08-22,1993,1.5
1993-08-23,1993,0.0
1993-08-24,1993,0.0
1993-08-25,1993,0.0
1993-08-26,1993,0.0
1993-08-27,1993,0.0
1993-08-30,1993,0.0
1993-09-01,1993,0.4
1993-09-02,1993,0.0
1993-09-03,1993,0.0
1993-09-05,1993,0.0
1993-09-06,1993,0.0
1993-09-07,1993,0.0
1993-09-08,1993,0.0
1993-09-09,1993,0.0
1993-09-10,1993,0.0
1993-09-11,1993,0.0
1993-09-13,1993,56.2
1993-09-14,1993,5.8
1993-09-15,1993,0.1
1993-09-16,1993,0.3
1993-09-17,1993,70.8
1993-09-18,1993,20.4
1993-09-19,1993,3.4
1993-09-20,1993,0.0
1993-09-21,1993,0.0
1993-09-22,1993,0.1
1993-09-23,1993,43.0
1993-09-24,1993,71.2
1993-09-25,1993,121.8
1993-09-26,1993,223.9
1993-09-27,1993,37.9
1993-09-28,1993,0.0
1993-09-29,1993,0.0
1993-09-30,1993,0.6
1993-10-01,1993,4.2
1993-10-02,1993,0.0
1993-10-03,1993,0.0
1993-10-04,1993,0.0
1993-10-05,1993,0.0
1993-10-06,1993,0.0
1993-10-07,1993,0.0
1993-10-08,1993,0.0
1993-10-09,1993,0.0
1993-10-10,1993,0.0
1993-10-11,1993,0.0
1993-10-12,1993,0.0
1993-10-13,1993,13.6
1993-10-14,1993,69.4
1993-10-15,1993,0.3
1993-10-16,1993,0.0
1993-10-17,1993,0.3
1993-10-18,1993,0.0
1993-10-19,1993,0.0
1993-10-20,1993,0.0
1993-10-21,1993,0.0
1993-10-22,1993,0.0
1993-10-23,1993,0.0
1993-10-24,1993,0.0
1993-10-28,1993,0.0
1993-10-29,1993,0.0
1993-10-30,1993,0.0
1993-10-31,1993,0.0
1993-11-01,1993,0.0
1993-11-02,1993,0.0
1993-11-04,1993,86.1
1993-11-05,1993,36.2
1993-11-06,1993,2.1
1993-11-07,1993,0.3
1993-11-08,1993,0.0
1993-11-09,1993,0.0
1993-11-10,1993,0.5
1993-11-11,1993,0.0
1993-11-12,1993,0.7
1993-11-13,1993,0.0
1993-11-14,1993,0.0
1993-11-15,1993,0.0
1993-11-16,1993,0.0
1993-11-17,1993,0.0
1993-11-18,1993,0.0
1993-11-19,1993,0.2
1993-11-20,1993,0.0
1993-11-22,1993,0.0
1993-11-23,1993,0.0
1993-11-24,1993,0.6
1993-11-25,1993,16.2
1993-11-26,1993,0.5
1993-11-27,1993,0.0
1993-11-28,1993,0.5
1993-11-30,1993,0.7
1993-12-01,1993,2.8
1993-12-03,1993,0.0
1993-12-04,1993,0.0
1993-12-05,1993,0.0
1993-12-06,1993,0.0
1993-12-07,1993,0.0
1993-12-08,1993,0.0
1993-12-09,1993,0.0
1993-12-11,1993,0.0
1993-12-12,1993,2.3
1993-12-13,1993,4.7
1993-12-14,1993,0.9
1993-12-15,1993,4.8
1993-12-16,1993,0.0
1993-12-17,1993,0.0
1993-12-18,1993,0.2
1993-12-19,1993,0.0
1993-12-20,1993,0.0
1993-12-22,1993,0.0
1993-12-23,1993,0.0
1993-12-24,1993,0.0
1993-12-25,1993,0.0
1993-12-26,1993,0.0
1993-12-27,1993,0.0
1993-12-28,1993,0.0
1993-12-29,1993,0.0
1993-12-30,1993,0.0
1993-12-31,1993,0.0
1994-01-01,1994,0.0
1994-01-02,1994,0.0
1994-01-03,1994,0.0
1994-01-04,1994,0.0
1994-01-05,1994,0.0
1994-01-06,1994,0.0
1994-01-07,1994,0.0
1994-01-08,1994,0.0
1994-01-09,1994,0.0
1994-01-10,1994,0.0
1994-01-11,1994,0.0
1994-01-12,1994,0.0
1994-01-13,1994,0.0
1994-01-17,1994,0.0
1994-01-19,1994,0.0
1994-01-20,1994,0.0
1994-01-21,1994,0.0
1994-01-22,1994,0.0
1994-01-23,1994,0.0
1994-01-24,1994,0.0
1994-01-25,1994,0.0
1994-01-26,1994,0.0
1994-01-27,1994,0.0
1994-01-28,1994,0.0
1994-01-29,1994,0.0
1994-01-31,1994,0.0
1994-02-01,1994,0.0
1994-02-03,1994,0.0
1994-02-05,1994,0.2
1994-02-06,1994,0.0
1994-02-09,1994,0.0
1994-02-10,1994,0.2
1994-02-11,1994,10.7
1994-02-12,1994,3.2
1994-02-15,1994,0.1
1994-02-16,1994,3.1
1994-02-17,1994,0.9
1994-02-18,1994,7.9
1994-02-19,1994,23.1
1994-02-20,1994,0.0
1994-02-22,1994,0.1
1994-02-23,1994,0.3
1994-02-24,1994,0.7
1994-02-26,1994,0.0
1994-03-02,1994,0.0
1994-03-05,1994,0.1
1994-03-06,1994,0.0
1994-03-10,1994,0.4
1994-03-14,1994,0.2
1994-03-15,1994,0.2
1994-03-18,1994,1.9
1994-03-19,1994,18.5
1994-03-20,1994,0.0
1994-03-22,1994,2.3
1994-03-23,1994,0.0
1994-03-24,1994,0.0
1994-03-26,1994,0.0
1994-03-27,1994,0.0
1994-03-30,1994,0.0
1994-03-31,1994,2.9
1994-04-01,1994,0.0
1994-04-02,1994,0.0
1994-04-03,1994,0.0
1994-04-04,1994,0.0
1994-04-05,1994,0.0
1994-04-06,1994,0.0
1994-04-07,1994,0.0
1994-04-08,1994,0.0
1994-04-09,1994,0.4
1994-04-10,1994,1.9
1994-04-12,1994,0.7
1994-04-13,1994,0.6
1994-04-15,1994,0.0
1994-04-16,1994,0.0
1994-04-19,1994,0.0
1994-04-20,1994,0.0
1994-04-22,1994,0.0
1994-04-23,1994,0.0
1994-04-26,1994,0.0
1994-04-28,1994,0.0
1994-04-29,1994,2.4
1994-04-30,1994,0.0
1994-05-01,1994,0.0
1994-05-03,1994,86.8
1994-05-04,1994,19.4
1994-05-05,1994,0.0
1994-05-07,1994,0.0
1994-05-08,1994,0.0
1994-05-09,1994,0.3
1994-05-11,1994,15.5
1994-05-12,1994,0.3
1994-05-14,1994,0.0
1994-05-15,1994,1.6
1994-05-16,1994,0.0
1994-05-17,1994,0.2
1994-05-18,1994,0.0
1994-05-19,1994,0.0
1994-05-21,1994,0.0
1994-05-22,1994,0.0
1994-05-23,1994,0.0
1994-05-24,1994,0.0
1994-05-25,1994,0.0
1994-05-26,1994,0.0
1994-05-27,1994,1.4
1994-05-28,1994,5.4
1994-05-30,1994,26.2
1994-05-31,1994,26.6
1994-06-01,1994,1.1
1994-06-03,1994,0.7
1994-06-04,1994,1.0
1994-06-05,1994,0.0
1994-06-07,1994,10.3
1994-06-08,1994,33.4
1994-06-10,1994,42.5
1994-06-11,1994,1.8
1994-06-13,1994,0.3
1994-06-14,1994,0.6
1994-06-16,1994,0.2
1994-06-17,1994,0.2
1994-06-18,1994,48.9
1994-06-19,1994,89.8
1994-06-20,1994,13.0
1994-06-21,1994,13.0
1994-06-22,1994,3.3
1994-06-23,1994,5.4
1994-06-24,1994,4.5
1994-06-25,1994,16.5
1994-06-26,1994,1.2
1994-06-28,1994,0.0
1994-06-29,1994,2.2
1994-06-30,1994,0.3
1994-07-01,1994,0.0
1994-07-02,1994,0.0
1994-07-03,1994,14.6
1994-07-04,1994,28.9
1994-07-05,1994,50.5
1994-07-06,1994,10.6
1994-07-07,1994,18.8
1994-07-08,1994,39.6
1994-07-10,1994,0.0
1994-07-11,1994,21.5
1994-07-12,1994,75.9
1994-07-13,1994,28.1
1994-07-14,1994,46.1
1994-07-15,1994,42.0
1994-07-16,1994,8.8
1994-07-17,1994,1.8
1994-07-18,1994,4.0
1994-07-19,1994,0.0
1994-07-20,1994,12.9
1994-07-21,1994,32.5
1994-07-22,1994,297.0
1994-07-23,1994,195.1
1994-07-24,1994,119.1
1994-07-25,1994,53.3
1994-07-26,1994,8.6
1994-07-27,1994,3.7
1994-07-28,1994,25.6
1994-07-29,1994,3.2
1994-07-30,1994,3.8
1994-07-31,1994,1.2
1994-08-01,1994,1.9
1994-08-02,1994,1.2
1994-08-03,1994,11.8
1994-08-04,1994,12.0
1994-08-05,1994,44.2
1994-08-06,1994,33.1
1994-08-07,1994,20.6
1994-08-08,1994,5.1
1994-08-09,1994,27.9
1994-08-10,1994,48.3
1994-08-12,1994,1.3
1994-08-13,1994,11.6
1994-08-14,1994,5.1
1994-08-15,1994,50.9
1994-08-16,1994,125.2
1994-08-17,1994,26.4
1994-08-18,1994,0.0
1994-08-20,1994,23.6
1994-08-21,1994,1.3
1994-08-22,1994,0.0
1994-08-25,1994,0.0
1994-08-26,1994,41.8
1994-08-27,1994,73.4
1994-08-28,1994,18.7
1994-08-29,1994,12.2
1994-08-30,1994,0.0
1994-08-31,1994,0.0
1994-09-02,1994,0.0
1994-09-03,1994,12.6
1994-09-04,1994,14.5
1994-09-05,1994,27.8
1994-09-06,1994,9.3
1994-09-07,1994,1.6
1994-09-08,1994,4.4
1994-09-10,1994,79.1
1994-09-11,1994,14.1
1994-09-12,1994,32.1
1994-09-13,1994,0.5
1994-09-14,1994,3.2
1994-09-16,1994,0.0
1994-09-17,1994,1.0
1994-09-18,1994,8.9
1994-09-19,1994,0.0
1994-09-20,1994,3.6
1994-09-21,1994,12.2
1994-09-22,1994,0.0
1994-09-23,1994,58.4
1994-09-24,1994,0.6
1994-09-25,1994,0.9
1994-09-26,1994,0.0
1994-09-27,1994,4.7
1994-09-28,1994,9.4
1994-09-29,1994,0.0
1994-09-30,1994,0.0
1994-10-01,1994,0.0
1994-10-02,1994,0.0
1994-10-03,1994,0.0
1994-10-04,1994,0.0
1994-10-06,1994,0.9
1994-10-07,1994,0.0
1994-10-08,1994,0.2
1994-10-09,1994,0.0
1994-10-10,1994,0.0
1994-10-11,1994,0.0
1994-10-12,1994,0.0
1994-10-14,1994,0.0
1994-10-17,1994,0.0
1994-10-19,1994,1.1
1994-10-20,1994,0.0
1994-10-21,1994,0.0
1994-10-22,1994,0.0
1994-10-23,1994,0.0
1994-10-24,1994,0.0
1994-10-25,1994,0.0
1994-10-26,1994,0.0
1994-10-27,1994,0.0
1994-10-28,1994,0.0
1994-10-29,1994,0.0
1994-10-30,1994,0.0
1994-10-31,1994,0.0
1994-11-01,1994,0.0
1994-11-02,1994,0.0
1994-11-03,1994,0.0
1994-11-04,1994,0.0
1994-11-05,1994,0.0
1994-11-06,1994,0.0
1994-11-07,1994,0.0
1994-11-08,1994,0.0
1994-11-09,1994,0.0
1994-11-10,1994,0.0
1994-11-11,1994,0.0
1994-11-12,1994,0.0
1994-11-13,1994,0.0
1994-11-14,1994,0.0
1994-11-15,1994,0.0
1994-11-16,1994,0.0
1994-11-17,1994,0.0
1994-11-18,1994,0.0
1994-11-19,1994,0.0
1994-11-21,1994,0.0
1994-11-23,1994,0.2
1994-11-25,1994,0.0
1994-11-26,1994,0.0
1994-11-27,1994,0.0
1994-11-28,1994,0.0
1994-11-30,1994,0.0
1994-12-01,1994,0.0
1994-12-03,1994,0.1
1994-12-04,1994,0.7
1994-12-05,1994,0.0
1994-12-07,1994,0.1
1994-12-08,1994,58.9
1994-12-09,1994,0.3
1994-12-10,1994,0.0
1994-12-11,1994,0.0
1994-12-12,1994,7.2
1994-12-13,1994,3.6
1994-12-14,1994,0.0
1994-12-15,1994,0.2
1994-12-16,1994,0.8
1994-12-17,1994,0.0
1994-12-18,1994,0.1
1994-12-19,1994,0.0
1994-12-20,1994,0.0
1994-12-21,1994,0.0
1994-12-22,1994,0.0
1994-12-23,1994,0.0
1994-12-24,1994,23.9
1994-12-25,1994,24.7
1994-12-26,1994,2.0
1994-12-28,1994,0.0
1994-12-29,1994,0.0
1994-12-30,1994,0.0
1995-01-03,1995,9.4
1995-01-04,1995,0.2
1995-01-05,1995,0.0
1995-01-06,1995,0.0
1995-01-07,1995,0.0
1995-01-08,1995,0.0
1995-01-09,1995,0.0
1995-01-10,1995,0.0
1995-01-11,1995,0.0
1995-01-12,1995,0.0
1995-01-13,1995,0.0
1995-01-14,1995,0.0
1995-01-15,1995,0.0
1995-01-16,1995,0.0
1995-01-17,1995,0.0
1995-01-18,1995,0.0
1995-01-19,1995,0.0
1995-01-22,1995,0.0
1995-01-24,1995,0.0
1995-01-27,1995,2.5
1995-01-28,1995,5.0
1995-01-29,1995,0.9
1995-01-30,1995,1.3
1995-01-31,1995,1.8
1995-02-03,1995,0.0
1995-02-04,1995,0.0
1995-02-05,1995,0.0
1995-02-06,1995,0.0
1995-02-07,1995,0.0
1995-02-09,1995,0.0
1995-02-10,1995,0.0
1995-02-11,1995,0.0
1995-02-12,1995,0.0
1995-02-13,1995,3.4
1995-02-14,1995,13.9
1995-02-15,1995,3.2
1995-02-18,1995,0.1
1995-02-19,1995,0.4
1995-02-20,1995,0.3
1995-02-21,1995,0.3
1995-02-22,1995,2.7
1995-02-23,1995,0.3
1995-02-25,1995,0.2
1995-02-27,1995,8.3
1995-03-01,1995,0.7
1995-03-02,1995,13.4
1995-03-03,1995,0.2
1995-03-04,1995,0.0
1995-03-05,1995,0.0
1995-03-06,1995,0.0
1995-03-08,1995,0.0
1995-03-09,1995,0.1
1995-03-10,1995,0.1
1995-03-12,1995,0.7
1995-03-16,1995,0.0
1995-03-17,1995,0.2
1995-03-20,1995,0.0
1995-03-21,1995,0.0
1995-03-22,1995,0.0
1995-03-23,1995,0.0
1995-03-24,1995,0.0
1995-03-25,1995,2.0
1995-03-26,1995,0.0
1995-03-27,1995,0.0
1995-03-30,1995,1.1
1995-03-31,1995,13.9
1995-04-01,1995,8.8
1995-04-02,1995,6.8
1995-04-03,1995,12.7
1995-04-04,1995,0.0
1995-04-05,1995,0.0
1995-04-06,1995,2.9
1995-04-07,1995,1.9
1995-04-09,1995,0.0
1995-04-10,1995,0.0
1995-04-15,1995,0.0
1995-04-16,1995,0.0
1995-04-18,1995,0.0
1995-04-19,1995,42.6
1995-04-20,1995,0.6
1995-04-22,1995,0.0
1995-04-23,1995,0.0
1995-04-24,1995,0.0
1995-04-25,1995,0.0
1995-04-29,1995,0.0
1995-04-30,1995,0.0
1995-05-01,1995,0.0
1995-05-02,1995,0.0
1995-05-04,1995,10.3
1995-05-06,1995,0.0
1995-05-07,1995,0.4
1995-05-09,1995,0.0
1995-05-10,1995,0.0
1995-05-12,1995,0.4
1995-05-13,1995,5.8
1995-05-15,1995,0.4
1995-05-16,1995,2.7
1995-05-17,1995,0.4
1995-05-24,1995,0.2
1995-05-25,1995,0.0
1995-05-26,1995,0.0
1995-05-29,1995,0.0
1995-05-30,1995,0.0
1995-05-31,1995,0.2
1995-06-01,1995,3.4
1995-06-04,1995,0.0
1995-06-05,1995,2.0
1995-06-06,1995,0.3
1995-06-07,1995,3.8
1995-06-08,1995,22.0
1995-06-09,1995,36.6
1995-06-10,1995,20.0
1995-06-11,1995,10.7
1995-06-12,1995,0.0
1995-06-13,1995,0.0
1995-06-14,1995,37.1
1995-06-15,1995,0.9
1995-06-17,1995,0.8
1995-06-18,1995,81.8
1995-06-19,1995,0.3
1995-06-20,1995,6.1
1995-06-21,1995,0.6
1995-06-26,1995,4.4
1995-06-28,1995,9.3
1995-06-29,1995,1.4
1995-06-30,1995,2.4
1995-07-01,1995,6.4
1995-07-02,1995,26.8
1995-07-03,1995,51.4
1995-07-04,1995,29.3
1995-07-05,1995,30.0
1995-07-06,1995,7.2
1995-07-07,1995,1.6
1995-07-08,1995,5.2
1995-07-09,1995,21.4
1995-07-10,1995,0.2
1995-07-11,1995,0.1
1995-07-12,1995,63.3
1995-07-13,1995,61.2
1995-07-14,1995,67.2
1995-07-15,1995,119.3
1995-07-16,1995,9.2
1995-07-17,1995,1.6
1995-07-18,1995,0.0
1995-07-19,1995,0.0
1995-07-20,1995,0.0
1995-07-21,1995,0.0
1995-07-22,1995,0.0
1995-07-23,1995,0.0
1995-07-24,1995,7.9
1995-07-25,1995,55.8
1995-07-26,1995,5.1
1995-07-27,1995,74.0
1995-07-28,1995,4.2
1995-07-29,1995,0.0
1995-07-31,1995,20.3
1995-08-01,1995,7.2
1995-08-02,1995,24.3
1995-08-03,1995,173.0
1995-08-04,1995,45.9
1995-08-05,1995,80.3
1995-08-06,1995,2.6
1995-08-07,1995,2.1
1995-08-09,1995,0.0
1995-08-10,1995,3.0
1995-08-11,1995,28.1
1995-08-12,1995,242.4
1995-08-13,1995,114.1
1995-08-14,1995,91.8
1995-08-15,1995,1.5
1995-08-16,1995,0.2
1995-08-17,1995,0.0
1995-08-18,1995,0.0
1995-08-20,1995,4.8
1995-08-21,1995,0.0
1995-08-22,1995,0.0
1995-08-24,1995,32.7
1995-08-25,1995,0.7
1995-08-26,1995,57.7
1995-08-27,1995,41.6
1995-08-28,1995,9.9
1995-08-29,1995,8.3
1995-08-30,1995,0.0
1995-08-31,1995,117.9
1995-09-01,1995,17.1
1995-09-02,1995,11.9
1995-09-04,1995,0.0
1995-09-05,1995,1.0
1995-09-06,1995,16.2
1995-09-07,1995,1.9
1995-09-08,1995,0.2
1995-09-09,1995,0.0
1995-09-10,1995,0.0
1995-09-11,1995,0.0
1995-09-12,1995,0.1
1995-09-13,1995,0.1
1995-09-14,1995,17.4
1995-09-16,1995,3.5
1995-09-17,1995,7.3
1995-09-18,1995,2.6
1995-09-19,1995,0.8
1995-09-20,1995,0.8
1995-09-22,1995,0.0
1995-09-23,1995,0.0
1995-09-24,1995,0.0
1995-09-26,1995,0.0
1995-09-28,1995,0.1
1995-09-29,1995,0.4
1995-10-02,1995,79.3
1995-10-03,1995,106.4
1995-10-04,1995,8.4
1995-10-05,1995,128.6
1995-10-06,1995,132.6
1995-10-09,1995,6.3
1995-10-10,1995,0.6
1995-10-11,1995,1.7
1995-10-12,1995,0.2
1995-10-13,1995,0.3
1995-10-14,1995,5.4
1995-10-15,1995,6.2
1995-10-16,1995,0.9
1995-10-17,1995,0.0
1995-10-18,1995,0.0
1995-10-19,1995,0.0
1995-10-22,1995,0.0
1995-10-23,1995,0.0
1995-10-24,1995,0.0
1995-10-28,1995,0.0
1995-10-29,1995,0.0
1995-10-30,1995,0.0
1995-10-31,1995,0.0
1995-11-01,1995,0.0
1995-11-02,1995,0.0
1995-11-03,1995,0.0
1995-11-04,1995,0.0
1995-11-05,1995,0.3
1995-11-08,1995,0.0
1995-11-09,1995,0.0
1995-11-10,1995,0.0
1995-11-11,1995,0.0
1995-11-12,1995,0.0
1995-11-13,1995,0.0
1995-11-14,1995,0.5
1995-11-15,1995,0.9
1995-11-17,1995,0.0
1995-11-18,1995,0.0
1995-11-19,1995,0.0
1995-11-20,1995,0.0
1995-11-21,1995,0.0
1995-11-22,1995,0.0
1995-11-23,1995,0.0
1995-11-24,1995,0.0
1995-11-25,1995,0.0
1995-11-26,1995,0.0
1995-11-27,1995,0.0
1995-11-28,1995,0.1
1995-11-29,1995,0.0
1995-12-01,1995,0.0
1995-12-02,1995,0.0
1995-12-03,1995,0.0
1995-12-04,1995,0.0
1995-12-05,1995,0.0
1995-12-06,1995,0.0
1995-12-07,1995,0.0
1995-12-08,1995,0.0
1995-12-09,1995,0.0
1995-12-10,1995,0.0
1995-12-11,1995,0.0
1995-12-12,1995,0.0
1995-12-13,1995,0.0
1995-12-14,1995,0.0
1995-12-15,1995,7.9
1995-12-19,1995,0.0
1995-12-20,1995,0.0
1995-12-21,1995,0.0
1995-12-22,1995,0.0
1995-12-23,1995,0.0
1995-12-24,1995,0.0
1995-12-25,1995,0.0
1995-12-26,1995,0.0
1995-12-27,1995,0.0
1995-12-28,1995,0.0
1995-12-29,1995,0.0
1995-12-30,1995,0.0
1995-12-31,1995,0.0
1996-01-01,1996,0.0
1996-01-02,1996,0.0
1996-01-03,1996,0.0
1996-01-04,1996,0.0
1996-01-05,1996,0.0
1996-01-06,1996,0.4
1996-01-07,1996,0.0
1996-01-08,1996,0.0
1996-01-09,1996,0.0
1996-01-10,1996,0.0
1996-01-12,1996,0.1
1996-01-14,1996,0.0
1996-01-17,1996,0.6
1996-01-24,1996,0.2
1996-01-25,1996,0.0
1996-01-26,1996,0.0
1996-01-27,1996,0.0
1996-01-28,1996,0.0
1996-01-29,1996,0.0
1996-01-30,1996,0.0
1996-01-31,1996,0.0
1996-02-01,1996,0.0
1996-02-02,1996,0.0
1996-02-03,1996,0.0
1996-02-04,1996,0.0
1996-02-06,1996,2.7
1996-02-07,1996,0.0
1996-02-08,1996,0.0
1996-02-10,1996,0.0
1996-02-11,1996,0.0
1996-02-12,1996,0.0
1996-02-13,1996,0.0
1996-02-14,1996,0.0
1996-02-15,1996,0.0
1996-02-16,1996,0.5
1996-02-17,1996,0.1
1996-02-18,1996,1.6
1996-02-19,1996,4.1
1996-02-20,1996,3.0
1996-02-21,1996,7.4
1996-02-22,1996,0.2
1996-02-23,1996,0.4
1996-02-24,1996,1.4
1996-02-25,1996,0.4
1996-02-26,1996,3.0
1996-02-27,1996,2.3
1996-02-28,1996,0.1
1996-02-29,1996,0.0
1996-03-01,1996,0.0
1996-03-02,1996,0.0
1996-03-03,1996,0.0
1996-03-04,1996,0.0
1996-03-05,1996,0.0
1996-03-06,1996,0.0
1996-03-07,1996,0.0
1996-03-08,1996,0.0
1996-03-10,1996,7.5
1996-03-12,1996,1.7
1996-03-14,1996,0.1
1996-03-18,1996,1.6
1996-03-19,1996,3.2
1996-03-21,1996,0.2
1996-03-22,1996,1.5
1996-03-23,1996,0.3
1996-03-26,1996,10.0
1996-03-27,1996,0.5
1996-03-28,1996,0.4
1996-03-29,1996,55.9
1996-03-31,1996,0.2
1996-04-01,1996,4.5
1996-04-03,1996,40.5
1996-04-04,1996,20.0
1996-04-07,1996,0.0
1996-04-08,1996,1.8
1996-04-09,1996,5.9
1996-04-10,1996,1.0
1996-04-12,1996,0.9
1996-04-18,1996,0.0
1996-04-19,1996,63.9
1996-04-20,1996,1.2
1996-04-23,1996,0.0
1996-04-24,1996,0.0
1996-04-25,1996,0.0
1996-04-26,1996,0.0
1996-04-30,1996,89.0
1996-05-01,1996,31.0
1996-05-03,1996,1.4
1996-05-04,1996,20.8
1996-05-05,1996,75.1
1996-05-06,1996,40.4
1996-05-07,1996,1.3
1996-05-11,1996,1.2
1996-05-12,1996,1.9
1996-05-13,1996,0.0
1996-05-14,1996,0.0
1996-05-15,1996,0.0
1996-05-16,1996,0.0
1996-05-17,1996,0.0
1996-05-18,1996,0.0
1996-05-19,1996,0.0
1996-05-20,1996,0.0
1996-05-23,1996,0.0
1996-05-24,1996,0.0
1996-05-25,1996,15.7
1996-05-26,1996,9.4
1996-05-27,1996,12.0
1996-05-28,1996,11.4
1996-05-29,1996,66.6
1996-05-30,1996,24.4
1996-05-31,1996,1.3
1996-06-02,1996,0.0
1996-06-04,1996,0.0
1996-06-05,1996,0.0
1996-06-06,1996,0.0
1996-06-07,1996,0.0
1996-06-08,1996,0.0
1996-06-10,1996,13.6
1996-06-11,1996,0.0
1996-06-12,1996,0.0
1996-06-13,1996,0.0
1996-06-14,1996,4.6
1996-06-15,1996,47.7
1996-06-16,1996,29.1
1996-06-18,1996,2.5
1996-06-19,1996,3.7
1996-06-20,1996,7.6
1996-06-21,1996,34.8
1996-06-22,1996,86.3
1996-06-23,1996,97.2
1996-06-24,1996,61.0
1996-06-25,1996,0.1
1996-06-26,1996,2.7
1996-06-27,1996,0.2
1996-06-28,1996,4.5
1996-06-29,1996,5.5
1996-06-30,1996,2.9
1996-07-01,1996,1.8
1996-07-02,1996,0.0
1996-07-03,1996,0.5
1996-07-05,1996,0.0
1996-07-06,1996,0.0
1996-07-08,1996,0.0
1996-07-09,1996,0.0
1996-07-10,1996,0.8
1996-07-11,1996,10.4
1996-07-12,1996,8.6
1996-07-14,1996,0.8
1996-07-16,1996,1.7
1996-07-18,1996,2.1
1996-07-19,1996,33.4
1996-07-20,1996,1.2
1996-07-21,1996,33.6
1996-07-22,1996,43.3
1996-07-23,1996,16.7
1996-07-25,1996,0.0
1996-07-27,1996,25.1
1996-07-28,1996,21.7
1996-07-29,1996,24.0
1996-07-30,1996,4.6
1996-07-31,1996,0.0
1996-08-01,1996,0.0
1996-08-02,1996,1.6
1996-08-03,1996,16.2
1996-08-04,1996,28.0
1996-08-05,1996,0.4
1996-08-06,1996,0.0
1996-08-12,1996,0.0
1996-08-13,1996,0.0
1996-08-14,1996,47.8
1996-08-15,1996,73.7
1996-08-16,1996,23.0
1996-08-17,1996,21.0
1996-08-18,1996,40.6
1996-08-19,1996,0.0
1996-08-20,1996,0.0
1996-08-21,1996,0.4
1996-08-22,1996,10.5
1996-08-25,1996,14.7
1996-08-27,1996,0.0
1996-08-28,1996,0.0
1996-08-29,1996,0.0
1996-08-30,1996,0.1
1996-08-31,1996,30.3
1996-09-01,1996,0.0
1996-09-02,1996,14.8
1996-09-03,1996,40.1
1996-09-04,1996,1.6
1996-09-05,1996,0.2
1996-09-06,1996,0.0
1996-09-08,1996,4.6
1996-09-09,1996,40.3
1996-09-10,1996,0.0
1996-09-12,1996,8.8
1996-09-13,1996,65.7
1996-09-14,1996,227.0
1996-09-15,1996,48.5
1996-09-18,1996,4.1
1996-09-19,1996,17.0
1996-09-20,1996,43.1
1996-09-21,1996,57.8
1996-09-22,1996,12.0
1996-09-24,1996,1.6
1996-09-25,1996,11.5
1996-09-26,1996,0.0
1996-09-27,1996,5.2
1996-09-28,1996,0.0
1996-09-29,1996,0.0
1996-09-30,1996,0.1
1996-10-02,1996,1.2
1996-10-03,1996,0.0
1996-10-04,1996,8.6
1996-10-05,1996,0.0
1996-10-06,1996,4.1
1996-10-08,1996,1.9
1996-10-09,1996,0.0
1996-10-12,1996,0.0
1996-10-13,1996,0.0
1996-10-14,1996,0.6
1996-10-15,1996,5.0
1996-10-17,1996,0.0
1996-10-18,1996,0.0
1996-10-20,1996,22.2
1996-10-21,1996,1.2
1996-10-22,1996,0.0
1996-10-24,1996,0.0
1996-10-25,1996,0.0
1996-10-27,1996,0.0
1996-10-28,1996,0.0
1996-10-29,1996,0.0
1996-10-30,1996,0.0
1996-10-31,1996,0.0
1996-11-01,1996,0.0
1996-11-02,1996,0.2
1996-11-03,1996,0.7
1996-11-04,1996,0.0
1996-11-05,1996,0.0
1996-11-06,1996,0.0
1996-11-07,1996,0.0
1996-11-08,1996,0.0
1996-11-09,1996,0.0
1996-11-10,1996,0.0
1996-11-11,1996,0.0
1996-11-12,1996,1.2
1996-11-13,1996,0.2
1996-11-16,1996,1.2
1996-11-17,1996,0.0
1996-11-19,1996,0.0
1996-11-20,1996,0.0
1996-11-21,1996,0.0
1996-11-22,1996,0.0
1996-11-23,1996,0.0
1996-11-25,1996,0.0
1996-11-26,1996,0.0
1996-11-27,1996,0.0
1996-11-28,1996,0.0
1996-11-29,1996,0.0
1996-11-30,1996,0.0
1996-12-01,1996,0.0
1996-12-03,1996,0.0
1996-12-04,1996,0.0
1996-12-05,1996,0.0
1996-12-06,1996,0.0
1996-12-07,1996,0.0
1996-12-08,1996,0.0
1996-12-09,1996,0.0
1996-12-10,1996,0.0
1996-12-11,1996,0.0
1996-12-12,1996,0.0
1996-12-13,1996,0.0
1996-12-14,1996,0.0
1996-12-15,1996,0.0
1996-12-16,1996,0.0
1996-12-17,1996,0.0
1996-12-18,1996,0.0
1996-12-19,1996,0.0
1996-12-20,1996,0.0
1996-12-21,1996,0.0
1996-12-22,1996,0.0
1996-12-23,1996,0.0
1996-12-24,1996,0.0
1996-12-25,1996,0.0
1996-12-27,1996,0.0
1996-12-28,1996,0.0
1996-12-29,1996,0.0
1996-12-30,1996,0.0
1996-12-31,1996,0.0
1997-01-01,1997,0.0
1997-01-03,1997,8.1
1997-01-04,1997,1.6
1997-01-05,1997,0.0
1997-01-06,1997,0.0
1997-01-07,1997,0.0
1997-01-08,1997,0.0
1997-01-09,1997,0.0
1997-01-10,1997,0.0
1997-01-11,1997,0.0
1997-01-12,1997,0.0
1997-01-14,1997,0.7
1997-01-15,1997,0.0
1997-01-16,1997,0.0
1997-01-17,1997,0.0
1997-01-19,1997,0.0
1997-01-20,1997,0.0
1997-01-22,1997,3.3
1997-01-23,1997,30.5
1997-01-24,1997,0.4
1997-01-26,1997,0.0
1997-01-27,1997,0.0
1997-01-28,1997,0.0
1997-01-29,1997,0.0
1997-01-31,1997,0.0
1997-02-01,1997,0.6
1997-02-02,1997,26.3
1997-02-03,1997,33.9
1997-02-04,1997,0.0
1997-02-06,1997,24.7
1997-02-07,1997,10.8
1997-02-08,1997,1.2
1997-02-12,1997,5.1
1997-02-13,1997,3.1
1997-02-15,1997,4.0
1997-02-16,1997,0.5
1997-02-18,1997,1.5
1997-02-19,1997,0.0
1997-02-20,1997,0.0
1997-02-21,1997,0.0
1997-02-22,1997,0.0
1997-02-24,1997,0.0
1997-02-26,1997,0.0
1997-02-27,1997,0.0
1997-02-28,1997,0.0
1997-03-02,1997,0.0
1997-03-03,1997,0.0
1997-03-04,1997,0.0
1997-03-05,1997,0.0
1997-03-06,1997,0.0
1997-03-07,1997,0.0
1997-03-08,1997,0.0
1997-03-09,1997,0.0
1997-03-11,1997,0.0
1997-03-12,1997,0.0
1997-03-14,1997,0.0
1997-03-15,1997,0.0
1997-03-16,1997,0.3
1997-03-19,1997,7.8
1997-03-20,1997,7.1
1997-03-21,1997,1.8
1997-03-22,1997,4.4
1997-03-23,1997,2.7
1997-03-24,1997,0.2
1997-03-25,1997,0.2
1997-03-26,1997,0.0
1997-03-28,1997,6.4
1997-03-29,1997,3.9
1997-03-30,1997,0.0
1997-03-31,1997,0.0
1997-04-01,1997,0.0
1997-04-02,1997,0.1
1997-04-03,1997,0.0
1997-04-04,1997,9.4
1997-04-05,1997,0.9
1997-04-06,1997,3.6
1997-04-07,1997,0.5
1997-04-10,1997,50.2
1997-04-11,1997,0.0
1997-04-12,1997,0.0
1997-04-13,1997,63.4
1997-04-14,1997,1.5
1997-04-18,1997,1.0
1997-04-22,1997,0.9
1997-04-23,1997,0.0
1997-04-26,1997,0.0
1997-04-28,1997,0.0
1997-04-30,1997,1.7
1997-05-01,1997,0.1
1997-05-02,1997,0.0
1997-05-04,1997,37.9
1997-05-05,1997,18.2
1997-05-06,1997,16.7
1997-05-07,1997,14.5
1997-05-08,1997,56.6
1997-05-09,1997,22.8
1997-05-10,1997,45.0
1997-05-12,1997,0.0
1997-05-14,1997,0.0
1997-05-15,1997,0.0
1997-05-16,1997,11.8
1997-05-17,1997,17.3
1997-05-18,1997,26.3
1997-05-19,1997,19.8
1997-05-20,1997,0.5
1997-05-21,1997,8.7
1997-05-22,1997,2.6
1997-05-23,1997,0.3
1997-05-24,1997,0.8
1997-05-25,1997,0.0
1997-05-26,1997,0.0
1997-05-27,1997,0.0
1997-05-28,1997,0.0
1997-05-29,1997,0.0
1997-05-30,1997,0.9
1997-05-31,1997,0.0
1997-06-03,1997,129.6
1997-06-04,1997,104.2
1997-06-05,1997,0.9
1997-06-06,1997,0.6
1997-06-08,1997,0.1
1997-06-09,1997,0.1
1997-06-10,1997,4.4
1997-06-11,1997,0.5
1997-06-13,1997,145.1
1997-06-14,1997,32.5
1997-06-15,1997,2.9
1997-06-16,1997,118.8
1997-06-17,1997,45.2
1997-06-18,1997,9.1
1997-06-20,1997,0.0
1997-06-21,1997,1.0
1997-06-22,1997,23.1
1997-06-23,1997,16.0
1997-06-24,1997,43.6
1997-06-25,1997,14.9
1997-06-26,1997,57.5
1997-06-27,1997,0.0
1997-06-28,1997,1.1
1997-06-29,1997,4.8
1997-06-30,1997,27.6
1997-07-01,1997,122.6
1997-07-02,1997,115.5
1997-07-03,1997,83.3
1997-07-04,1997,23.4
1997-07-06,1997,15.1
1997-07-08,1997,13.3
1997-07-09,1997,3.4
1997-07-10,1997,52.7
1997-07-11,1997,10.1
1997-07-12,1997,1.0
1997-07-14,1997,9.4
1997-07-15,1997,97.3
1997-07-16,1997,23.6
1997-07-17,1997,81.9
1997-07-18,1997,26.4
1997-07-19,1997,63.2
1997-07-20,1997,0.3
1997-07-22,1997,0.0
1997-07-23,1997,0.0
1997-07-26,1997,0.0
1997-07-27,1997,0.0
1997-07-28,1997,0.0
1997-07-30,1997,0.0
1997-07-31,1997,3.5
1997-08-01,1997,39.5
1997-08-02,1997,148.4
1997-08-03,1997,50.2
1997-08-04,1997,1.3
1997-08-06,1997,0.7
1997-08-07,1997,36.4
1997-08-08,1997,32.3
1997-08-10,1997,8.3
1997-08-11,1997,37.6
1997-08-12,1997,77.2
1997-08-13,1997,23.1
1997-08-14,1997,18.2
1997-08-15,1997,0.0
1997-08-16,1997,4.9
1997-08-18,1997,0.0
1997-08-19,1997,0.0
1997-08-20,1997,2.2
1997-08-21,1997,38.7
1997-08-22,1997,199.7
1997-08-23,1997,3.7
1997-08-24,1997,57.0
1997-08-25,1997,27.6
1997-08-26,1997,5.9
1997-08-27,1997,16.1
1997-08-28,1997,0.0
1997-08-29,1997,0.0
1997-08-30,1997,0.0
1997-09-02,1997,0.1
1997-09-03,1997,5.0
1997-09-04,1997,0.9
1997-09-05,1997,0.0
1997-09-07,1997,96.3
1997-09-08,1997,23.4
1997-09-09,1997,0.0
1997-09-10,1997,0.0
1997-09-11,1997,0.0
1997-09-12,1997,0.0
1997-09-13,1997,0.0
1997-09-14,1997,19.3
1997-09-15,1997,0.2
1997-09-16,1997,10.7
1997-09-18,1997,6.1
1997-09-19,1997,17.4
1997-09-20,1997,3.1
1997-09-21,1997,3.3
1997-09-25,1997,0.0
1997-09-27,1997,0.0
1997-09-28,1997,1.1
1997-09-29,1997,20.7
1997-09-30,1997,25.3
1997-10-03,1997,0.9
1997-10-04,1997,0.0
1997-10-06,1997,4.4
1997-10-07,1997,0.0
1997-10-08,1997,0.4
1997-10-09,1997,0.0
1997-10-10,1997,0.0
1997-10-12,1997,46.4
1997-10-13,1997,0.0
1997-10-14,1997,0.0
1997-10-15,1997,0.0
1997-10-16,1997,0.0
1997-10-17,1997,54.6
1997-10-18,1997,5.0
1997-10-20,1997,0.0
1997-10-21,1997,0.0
1997-10-22,1997,0.0
1997-10-23,1997,1.1
1997-10-24,1997,0.0
1997-10-25,1997,0.0
1997-10-27,1997,0.0
1997-10-28,1997,0.0
1997-10-29,1997,0.0
1997-10-30,1997,0.0
1997-10-31,1997,0.0
1997-11-01,1997,0.0
1997-11-02,1997,0.0
1997-11-03,1997,0.0
1997-11-04,1997,0.0
1997-11-05,1997,0.0
1997-11-06,1997,0.0
1997-11-07,1997,0.0
1997-11-08,1997,0.0
1997-11-09,1997,0.0
1997-11-10,1997,0.0
1997-11-11,1997,0.0
1997-11-12,1997,0.0
1997-11-13,1997,0.0
1997-11-14,1997,0.0
1997-11-15,1997,0.0
1997-11-16,1997,3.2
1997-11-18,1997,0.0
1997-11-19,1997,0.0
1997-11-20,1997,0.0
1997-11-21,1997,0.0
1997-11-22,1997,0.0
1997-11-23,1997,2.8
1997-11-24,1997,0.9
1997-11-25,1997,0.2
1997-12-02,1997,0.0
1997-12-08,1997,0.0
1997-12-09,1997,0.0
1997-12-10,1997,0.0
1997-12-11,1997,0.0
1997-12-12,1997,0.0
1997-12-13,1997,0.0
1997-12-14,1997,0.0
1997-12-15,1997,0.0
1997-12-16,1997,0.0
1997-12-17,1997,0.0
1997-12-18,1997,0.0
1997-12-19,1997,0.0
1997-12-20,1997,0.0
1997-12-21,1997,0.7
1997-12-22,1997,4.0
1997-12-23,1997,1.8
1997-12-24,1997,0.0
1997-12-25,1997,0.0
1997-12-27,1997,0.0
1997-12-28,1997,0.0
1997-12-29,1997,0.0
1997-12-30,1997,0.0
1997-12-31,1997,0.0
1998-01-01,1998,0.0
1998-01-02,1998,0.0
1998-01-03,1998,0.0
1998-01-04,1998,0.0
1998-01-05,1998,0.0
1998-01-06,1998,0.0
1998-01-09,1998,0.1
1998-01-11,1998,0.0
1998-01-12,1998,0.2
1998-01-13,1998,1.7
1998-01-14,1998,31.8
1998-01-15,1998,13.2
1998-01-16,1998,1.2
1998-01-17,1998,0.0
1998-01-18,1998,0.0
1998-01-23,1998,0.6
1998-01-24,1998,0.1
1998-01-26,1998,0.0
1998-01-29,1998,0.0
1998-01-30,1998,0.0
1998-01-31,1998,0.0
1998-02-04,1998,2.7
1998-02-05,1998,6.5
1998-02-06,1998,3.5
1998-02-07,1998,0.2
1998-02-08,1998,0.0
1998-02-09,1998,0.0
1998-02-10,1998,0.0
1998-02-13,1998,0.6
1998-02-14,1998,4.3
1998-02-15,1998,6.8
1998-02-16,1998,0.2
1998-02-17,1998,58.4
1998-02-18,1998,33.0
1998-02-20,1998,3.8
1998-02-21,1998,0.3
1998-02-22,1998,4.4
1998-02-24,1998,6.1
1998-02-25,1998,0.0
1998-02-26,1998,8.7
1998-02-27,1998,9.9
1998-02-28,1998,4.3
1998-03-02,1998,0.0
1998-03-03,1998,0.0
1998-03-04,1998,14.6
1998-03-05,1998,0.0
1998-03-06,1998,0.0
1998-03-09,1998,13.8
1998-03-10,1998,10.6
1998-03-11,1998,4.0
1998-03-12,1998,2.1
1998-03-13,1998,0.0
1998-03-14,1998,0.3
1998-03-15,1998,9.4
1998-03-16,1998,0.0
1998-03-23,1998,0.0
1998-03-25,1998,0.4
1998-03-26,1998,0.1
1998-03-30,1998,0.0
1998-04-01,1998,0.0
1998-04-02,1998,0.0
1998-04-03,1998,0.0
1998-04-06,1998,0.0
1998-04-07,1998,0.0
1998-04-08,1998,0.0
1998-04-09,1998,0.0
1998-04-10,1998,0.0
1998-04-12,1998,36.7
1998-04-13,1998,0.1
1998-04-14,1998,9.9
1998-04-15,1998,0.0
1998-04-16,1998,0.0
1998-04-17,1998,0.0
1998-04-18,1998,0.0
1998-04-19,1998,2.0
1998-04-20,1998,1.0
1998-04-21,1998,1.6
1998-04-24,1998,3.8
1998-04-25,1998,32.6
1998-04-26,1998,76.4
1998-04-27,1998,66.9
1998-04-28,1998,0.3
1998-04-29,1998,0.4
1998-04-30,1998,5.4
1998-05-02,1998,69.2
1998-05-03,1998,4.5
1998-05-04,1998,2.8
1998-05-05,1998,0.0
1998-05-06,1998,0.0
1998-05-07,1998,0.0
1998-05-09,1998,0.9
1998-05-10,1998,20.5
1998-05-12,1998,0.0
1998-05-13,1998,0.0
1998-05-14,1998,0.0
1998-05-15,1998,37.6
1998-05-16,1998,0.0
1998-05-17,1998,37.3
1998-05-18,1998,0.3
1998-05-19,1998,10.8
1998-05-20,1998,1.2
1998-05-21,1998,7.9
1998-05-23,1998,2.7
1998-05-24,1998,78.1
1998-05-26,1998,0.0
1998-05-28,1998,0.0
1998-05-29,1998,1.6
1998-05-30,1998,23.0
1998-05-31,1998,36.8
1998-06-01,1998,6.5
1998-06-02,1998,14.0
1998-06-03,1998,0.2
1998-06-04,1998,58.8
1998-06-05,1998,22.0
1998-06-06,1998,4.8
1998-06-07,1998,1.0
1998-06-08,1998,32.6
1998-06-09,1998,411.3
1998-06-10,1998,28.6
1998-06-11,1998,60.7
1998-06-13,1998,0.0
1998-06-16,1998,3.9
1998-06-17,1998,0.2
1998-06-18,1998,0.7
1998-06-19,1998,4.3
1998-06-20,1998,4.1
1998-06-21,1998,5.1
1998-06-22,1998,8.5
1998-06-23,1998,81.4
1998-06-24,1998,4.8
1998-06-25,1998,5.4
1998-06-26,1998,29.8
1998-06-27,1998,23.0
1998-06-29,1998,1.5
1998-06-30,1998,1.3
1998-07-01,1998,9.5
1998-07-02,1998,38.7
1998-07-03,1998,42.5
1998-07-04,1998,51.3
1998-07-05,1998,0.7
1998-07-06,1998,11.4
1998-07-08,1998,1.8
1998-07-10,1998,0.0
1998-07-11,1998,0.0
1998-07-12,1998,9.0
1998-07-13,1998,80.8
1998-07-14,1998,2.0
1998-07-19,1998,0.0
1998-07-21,1998,12.1
1998-07-22,1998,0.6
1998-07-23,1998,0.5
1998-07-24,1998,0.4
1998-07-28,1998,0.4
1998-07-29,1998,1.6
1998-07-31,1998,3.9
1998-08-01,1998,0.0
1998-08-04,1998,0.0
1998-08-05,1998,0.0
1998-08-06,1998,12.4
1998-08-07,1998,38.8
1998-08-08,1998,0.0
1998-08-09,1998,0.7
1998-08-10,1998,41.9
1998-08-11,1998,25.4
1998-08-12,1998,13.6
1998-08-13,1998,0.0
1998-08-14,1998,0.0
1998-08-15,1998,0.0
1998-08-16,1998,0.0
1998-08-17,1998,0.0
1998-08-19,1998,0.0
1998-08-21,1998,0.0
1998-08-22,1998,23.4
1998-08-23,1998,12.1
1998-08-24,1998,0.0
1998-08-26,1998,0.2
1998-08-27,1998,21.1
1998-08-28,1998,10.5
1998-08-29,1998,1.8
1998-08-30,1998,15.9
1998-08-31,1998,27.6
1998-09-01,1998,65.7
1998-09-02,1998,3.5
1998-09-03,1998,0.1
1998-09-04,1998,0.0
1998-09-05,1998,0.5
1998-09-06,1998,32.8
1998-09-07,1998,3.2
1998-09-10,1998,41.1
1998-09-11,1998,7.9
1998-09-12,1998,29.8
1998-09-13,1998,21.2
1998-09-14,1998,24.7
1998-09-15,1998,0.0
1998-09-16,1998,0.0
1998-09-19,1998,0.0
1998-09-20,1998,0.0
1998-09-21,1998,0.0
1998-09-22,1998,0.0
1998-09-23,1998,0.4
1998-09-25,1998,0.0
1998-09-26,1998,0.0
1998-09-27,1998,0.0
1998-09-28,1998,0.0
1998-09-29,1998,0.0
1998-09-30,1998,0.0
1998-10-01,1998,0.0
1998-10-02,1998,0.0
1998-10-04,1998,2.4
1998-10-05,1998,0.2
1998-10-06,1998,32.0
1998-10-08,1998,0.0
1998-10-09,1998,15.2
1998-10-10,1998,54.4
1998-10-12,1998,0.0
1998-10-13,1998,0.0
1998-10-14,1998,0.0
1998-10-15,1998,0.0
1998-10-16,1998,0.0
1998-10-17,1998,0.0
1998-10-18,1998,0.0
1998-10-19,1998,0.0
1998-10-20,1998,0.1
1998-10-22,1998,0.3
1998-10-23,1998,0.0
1998-10-24,1998,0.0
1998-10-25,1998,14.4
1998-10-26,1998,14.9
1998-10-28,1998,0.0
1998-10-29,1998,0.0
1998-10-30,1998,0.0
1998-10-31,1998,0.0
1998-11-02,1998,0.6
1998-11-03,1998,0.0
1998-11-04,1998,0.0
1998-11-05,1998,0.3
1998-11-07,1998,0.0
1998-11-08,1998,0.0
1998-11-09,1998,0.0
1998-11-10,1998,0.0
1998-11-11,1998,0.0
1998-11-12,1998,0.0
1998-11-13,1998,0.0
1998-11-15,1998,0.0
1998-11-16,1998,0.0
1998-11-18,1998,0.0
1998-11-22,1998,0.0
1998-11-23,1998,0.0
1998-11-24,1998,0.0
1998-11-26,1998,3.8
1998-11-27,1998,8.1
1998-11-28,1998,14.7
1998-11-30,1998,1.3
1998-12-01,1998,0.5
1998-12-03,1998,0.3
1998-12-04,1998,0.0
1998-12-05,1998,0.0
1998-12-08,1998,0.0
1998-12-09,1998,0.0
1998-12-10,1998,0.0
1998-12-11,1998,0.0
1998-12-12,1998,0.0
1998-12-14,1998,2.4
1998-12-17,1998,0.0
1998-12-18,1998,1.5
1998-12-19,1998,8.4
1998-12-20,1998,0.6
1998-12-21,1998,0.0
1998-12-22,1998,0.0
1998-12-23,1998,0.0
1998-12-24,1998,0.0
1998-12-26,1998,0.0
1998-12-27,1998,0.0
1998-12-28,1998,0.0
1998-12-29,1998,0.0
1998-12-30,1998,0.0
1998-12-31,1998,0.0
1999-01-02,1999,0.0
1999-01-03,1999,0.0
1999-01-04,1999,0.0
1999-01-05,1999,0.0
1999-01-06,1999,0.0
1999-01-07,1999,0.0
1999-01-08,1999,0.0
1999-01-09,1999,0.0
1999-01-10,1999,0.0
1999-01-11,1999,0.0
1999-01-12,1999,2.4
1999-01-13,1999,1.8
1999-01-16,1999,0.0
1999-01-18,1999,0.3
1999-01-19,1999,0.0
1999-01-20,1999,0.0
1999-01-24,1999,0.0
1999-01-25,1999,0.0
1999-01-26,1999,0.0
1999-01-27,1999,0.0
1999-01-29,1999,0.0
1999-01-30,1999,0.0
1999-01-31,1999,0.0
1999-02-02,1999,0.0
1999-02-03,1999,0.0
1999-02-04,1999,0.0
1999-02-05,1999,0.0
1999-02-06,1999,0.0
1999-02-07,1999,0.0
1999-02-08,1999,0.0
1999-02-09,1999,0.0
1999-02-10,1999,0.0
1999-02-11,1999,0.0
1999-02-12,1999,0.0
1999-02-13,1999,0.0
1999-02-14,1999,0.0
1999-02-15,1999,0.0
1999-02-16,1999,0.0
1999-02-17,1999,0.0
1999-02-18,1999,0.0
1999-02-20,1999,0.0
1999-02-21,1999,0.0
1999-02-22,1999,0.0
1999-02-23,1999,0.0
1999-02-24,1999,0.0
1999-02-25,1999,0.0
1999-02-28,1999,0.0
1999-03-01,1999,0.0
1999-03-02,1999,0.0
1999-03-03,1999,0.0
1999-03-04,1999,0.0
1999-03-05,1999,0.0
1999-03-06,1999,0.0
1999-03-07,1999,0.0
1999-03-08,1999,7.9
1999-03-09,1999,0.2
1999-03-11,1999,0.5
1999-03-13,1999,0.3
1999-03-15,1999,0.0
1999-03-16,1999,0.5
1999-03-17,1999,3.6
1999-03-18,1999,1.9
1999-03-21,1999,3.5
1999-03-22,1999,0.9
1999-03-23,1999,0.2
1999-03-25,1999,0.0
1999-03-26,1999,0.0
1999-03-27,1999,3.4
1999-03-28,1999,0.1
1999-03-29,1999,0.5
1999-03-31,1999,0.1
1999-04-01,1999,0.1
1999-04-02,1999,0.2
1999-04-03,1999,0.1
1999-04-05,1999,0.0
1999-04-06,1999,0.0
1999-04-07,1999,0.0
1999-04-11,1999,2.5
1999-04-12,1999,81.5
1999-04-16,1999,0.0
1999-04-19,1999,8.4
1999-04-20,1999,0.7
1999-04-21,1999,16.8
1999-04-22,1999,0.4
1999-04-26,1999,5.4
1999-04-28,1999,0.0
1999-04-29,1999,58.9
1999-04-30,1999,1.9
1999-05-01,1999,5.7
1999-05-02,1999,9.6
1999-05-03,1999,0.0
1999-05-04,1999,0.0
1999-05-05,1999,29.0
1999-05-06,1999,9.1
1999-05-07,1999,1.0
1999-05-08,1999,10.8
1999-05-09,1999,24.0
1999-05-10,1999,0.0
1999-05-11,1999,0.0
1999-05-12,1999,0.5
1999-05-13,1999,0.0
1999-05-18,1999,2.1
1999-05-19,1999,46.9
1999-05-21,1999,2.9
1999-05-22,1999,0.5
1999-05-25,1999,3.7
1999-05-26,1999,1.3
1999-05-27,1999,28.1
1999-05-28,1999,1.9
1999-05-29,1999,0.7
1999-06-02,1999,0.0
1999-06-03,1999,0.0
1999-06-04,1999,0.0
1999-06-05,1999,0.0
1999-06-07,1999,61.3
1999-06-08,1999,19.2
1999-06-09,1999,3.3
1999-06-10,1999,0.9
1999-06-12,1999,0.0
1999-06-13,1999,0.0
1999-06-14,1999,0.0
1999-06-17,1999,19.0
1999-06-18,1999,5.6
1999-06-19,1999,5.0
1999-06-20,1999,4.5
1999-06-21,1999,53.1
1999-06-22,1999,7.7
1999-06-23,1999,0.4
1999-06-25,1999,0.9
1999-06-26,1999,10.8
1999-06-28,1999,0.2
1999-06-29,1999,2.9
1999-06-30,1999,2.6
1999-07-01,1999,0.2
1999-07-02,1999,9.0
1999-07-03,1999,8.0
1999-07-04,1999,5.0
1999-07-05,1999,16.3
1999-07-06,1999,14.2
1999-07-07,1999,2.7
1999-07-08,1999,32.2
1999-07-09,1999,21.5
1999-07-10,1999,0.3
1999-07-12,1999,0.0
1999-07-13,1999,41.8
1999-07-14,1999,2.3
1999-07-15,1999,5.5
1999-07-16,1999,2.0
1999-07-17,1999,6.3
1999-07-18,1999,2.3
1999-07-21,1999,0.0
1999-07-23,1999,2.3
1999-07-24,1999,0.6
1999-07-25,1999,0.8
1999-07-26,1999,25.8
1999-07-27,1999,4.4
1999-07-29,1999,0.0
1999-07-30,1999,0.0
1999-07-31,1999,0.3
1999-08-02,1999,6.2
1999-08-04,1999,39.9
1999-08-05,1999,42.3
1999-08-07,1999,0.0
1999-08-08,1999,3.3
1999-08-09,1999,19.5
1999-08-10,1999,32.3
1999-08-11,1999,41.8
1999-08-12,1999,25.6
1999-08-13,1999,20.2
1999-08-14,1999,15.8
1999-08-15,1999,5.0
1999-08-17,1999,0.0
1999-08-18,1999,0.0
1999-08-19,1999,0.0
1999-08-20,1999,0.0
1999-08-21,1999,6.8
1999-08-22,1999,157.9
1999-08-23,1999,207.4
1999-08-24,1999,174.9
1999-08-25,1999,69.2
1999-08-26,1999,0.3
1999-08-27,1999,0.0
1999-08-28,1999,10.6
1999-08-29,1999,8.4
1999-08-31,1999,4.6
1999-09-01,1999,11.5
1999-09-02,1999,1.1
1999-09-03,1999,0.0
1999-09-05,1999,3.8
1999-09-08,1999,3.9
1999-09-09,1999,0.5
1999-09-11,1999,0.0
1999-09-13,1999,1.4
1999-09-14,1999,0.4
1999-09-15,1999,1.4
1999-09-16,1999,276.0
1999-09-17,1999,5.0
1999-09-19,1999,15.4
1999-09-20,1999,4.3
1999-09-22,1999,0.0
1999-09-23,1999,0.0
1999-09-24,1999,0.0
1999-09-25,1999,1.4
1999-09-26,1999,26.7
1999-09-27,1999,6.4
1999-09-28,1999,6.5
1999-09-29,1999,0.0
1999-09-30,1999,0.0
1999-10-01,1999,0.0
1999-10-03,1999,5.6
1999-10-04,1999,1.1
1999-10-06,1999,0.0
1999-10-07,1999,0.0
1999-10-09,1999,0.0
1999-10-10,1999,0.0
1999-10-11,1999,0.0
1999-10-13,1999,0.1
1999-10-14,1999,0.0
1999-10-15,1999,0.0
1999-10-16,1999,30.8
1999-10-17,1999,0.0
1999-10-23,1999,0.4
1999-10-24,1999,0.8
1999-10-25,1999,0.0
1999-10-26,1999,0.0
1999-10-27,1999,0.0
1999-10-28,1999,0.0
1999-10-29,1999,0.0
1999-10-30,1999,0.0
1999-10-31,1999,0.0
1999-11-01,1999,0.0
1999-11-03,1999,0.0
1999-11-04,1999,0.0
1999-11-05,1999,0.0
1999-11-07,1999,0.0
1999-11-12,1999,15.7
1999-11-14,1999,0.0
1999-11-15,1999,0.0
1999-11-20,1999,0.0
1999-11-21,1999,0.0
1999-11-22,1999,0.0
1999-11-23,1999,0.0
1999-11-24,1999,0.0
1999-11-25,1999,0.0
1999-11-27,1999,0.0
1999-11-28,1999,0.0
1999-11-29,1999,0.0
1999-11-30,1999,0.0
1999-12-01,1999,0.0
1999-12-02,1999,0.0
1999-12-03,1999,8.7
1999-12-04,1999,0.7
1999-12-07,1999,0.0
1999-12-08,1999,0.0
1999-12-09,1999,0.0
1999-12-10,1999,0.0
1999-12-11,1999,0.0
1999-12-14,1999,0.0
1999-12-15,1999,0.0
1999-12-16,1999,2.8
1999-12-17,1999,10.8
1999-12-18,1999,5.6
1999-12-19,1999,4.3
1999-12-20,1999,0.0
1999-12-21,1999,0.0
1999-12-22,1999,0.0
1999-12-23,1999,0.0
1999-12-24,1999,0.0
1999-12-25,1999,0.0
1999-12-26,1999,0.0
1999-12-28,1999,0.0
1999-12-29,1999,0.0
1999-12-30,1999,0.0
1999-12-31,1999,0.0
2000-01-01,2000,0.0
2000-01-02,2000,0.0
2000-01-03,2000,0.0
2000-01-04,2000,0.0
2000-01-05,2000,0.0
2000-01-06,2000,0.0
2000-01-07,2000,0.0
2000-01-08,2000,0.0
2000-01-09,2000,0.0
2000-01-15,2000,0.0
2000-01-16,2000,0.0
2000-01-17,2000,0.0
2000-01-18,2000,0.0
2000-01-19,2000,0.0
2000-01-20,2000,0.0
2000-01-21,2000,0.0
2000-01-23,2000,32.6
2000-01-24,2000,30.8
2000-01-25,2000,6.8
2000-01-27,2000,0.0
2000-01-28,2000,0.0
2000-01-29,2000,0.0
2000-01-30,2000,0.0
2000-01-31,2000,0.1
2000-02-01,2000,4.8
2000-02-02,2000,1.6
2000-02-03,2000,0.6
2000-02-05,2000,0.0
2000-02-06,2000,0.0
2000-02-07,2000,0.0
2000-02-08,2000,0.0
2000-02-09,2000,0.0
2000-02-10,2000,0.0
2000-02-11,2000,0.0
2000-02-12,2000,0.0
2000-02-13,2000,0.0
2000-02-14,2000,0.0
2000-02-15,2000,0.0
2000-02-16,2000,0.0
2000-02-18,2000,0.0
2000-02-20,2000,0.7
2000-02-21,2000,1.4
2000-02-22,2000,1.7
2000-02-23,2000,4.1
2000-02-24,2000,0.9
2000-02-25,2000,2.5
2000-02-26,2000,1.2
2000-02-28,2000,2.7
2000-02-29,2000,5.4
2000-03-01,2000,12.8
2000-03-02,2000,14.6
2000-03-03,2000,0.0
2000-03-04,2000,0.0
2000-03-05,2000,0.0
2000-03-06,2000,0.0
2000-03-07,2000,0.0
2000-03-08,2000,0.0
2000-03-09,2000,0.0
2000-03-11,2000,9.8
2000-03-12,2000,2.1
2000-03-13,2000,1.3
2000-03-15,2000,0.0
2000-03-16,2000,0.3
2000-03-21,2000,0.0
2000-03-22,2000,0.0
2000-03-23,2000,0.0
2000-03-24,2000,0.0
2000-03-25,2000,0.0
2000-03-26,2000,0.0
2000-03-27,2000,0.0
2000-03-28,2000,0.0
2000-03-29,2000,0.0
2000-03-30,2000,0.0
2000-04-01,2000,1.5
2000-04-02,2000,47.9
2000-04-03,2000,124.2
2000-04-04,2000,0.3
2000-04-05,2000,2.3
2000-04-10,2000,0.3
2000-04-12,2000,0.8
2000-04-13,2000,16.8
2000-04-14,2000,60.8
2000-04-15,2000,2.1
2000-04-16,2000,0.0
2000-04-17,2000,0.0
2000-04-18,2000,0.0
2000-04-20,2000,0.0
2000-04-21,2000,0.7
2000-04-22,2000,16.5
2000-04-23,2000,172.5
2000-04-24,2000,1.0
2000-04-25,2000,0.1
2000-04-26,2000,33.3
2000-04-27,2000,1.9
2000-04-28,2000,54.2
2000-04-29,2000,9.9
2000-04-30,2000,0.6
2000-05-01,2000,10.0
2000-05-02,2000,69.1
2000-05-03,2000,5.1
2000-05-04,2000,0.0
2000-05-05,2000,0.0
2000-05-06,2000,0.0
2000-05-07,2000,0.0
2000-05-08,2000,0.0
2000-05-09,2000,0.0
2000-05-10,2000,50.7
2000-05-11,2000,0.6
2000-05-13,2000,0.0
2000-05-14,2000,0.0
2000-05-15,2000,0.0
2000-05-16,2000,0.0
2000-05-18,2000,0.3
2000-05-19,2000,1.3
2000-05-21,2000,0.0
2000-05-23,2000,0.0
2000-05-24,2000,29.4
2000-05-25,2000,36.9
2000-05-27,2000,0.6
2000-05-29,2000,4.3
2000-06-03,2000,0.0
2000-06-04,2000,0.0
2000-06-05,2000,0.0
2000-06-06,2000,0.0
2000-06-07,2000,1.3
2000-06-08,2000,3.9
2000-06-09,2000,9.8
2000-06-11,2000,0.2
2000-06-12,2000,140.2
2000-06-13,2000,0.4
2000-06-15,2000,0.0
2000-06-16,2000,0.0
2000-06-17,2000,57.2
2000-06-18,2000,168.1
2000-06-19,2000,1.7
2000-06-20,2000,31.4
2000-06-21,2000,2.6
2000-06-23,2000,22.8
2000-06-24,2000,0.1
2000-06-25,2000,3.4
2000-06-26,2000,0.2
2000-06-27,2000,0.0
2000-06-28,2000,0.0
2000-06-29,2000,0.0
2000-06-30,2000,0.0
2000-07-01,2000,0.0
2000-07-02,2000,14.8
2000-07-03,2000,15.1
2000-07-04,2000,0.0
2000-07-05,2000,0.2
2000-07-06,2000,0.2
2000-07-07,2000,14.7
2000-07-08,2000,5.8
2000-07-10,2000,11.6
2000-07-11,2000,15.7
2000-07-12,2000,21.3
2000-07-13,2000,0.0
2000-07-14,2000,0.3
2000-07-15,2000,2.1
2000-07-16,2000,34.9
2000-07-17,2000,53.8
2000-07-18,2000,50.7
2000-07-19,2000,13.8
2000-07-20,2000,10.3
2000-07-21,2000,33.6
2000-07-22,2000,0.6
2000-07-23,2000,0.0
2000-07-24,2000,0.0
2000-07-26,2000,0.0
2000-07-27,2000,0.0
2000-07-28,2000,0.0
2000-07-29,2000,0.0
2000-07-31,2000,4.5
2000-08-01,2000,70.0
2000-08-02,2000,31.6
2000-08-03,2000,88.7
2000-08-04,2000,77.8
2000-08-05,2000,6.4
2000-08-06,2000,26.6
2000-08-08,2000,0.0
2000-08-09,2000,0.0
2000-08-10,2000,0.0
2000-08-11,2000,0.0
2000-08-13,2000,0.0
2000-08-14,2000,0.3
2000-08-15,2000,3.5
2000-08-16,2000,8.2
2000-08-17,2000,0.0
2000-08-19,2000,0.0
2000-08-20,2000,0.0
2000-08-21,2000,3.6
2000-08-22,2000,0.0
2000-08-23,2000,5.9
2000-08-24,2000,153.2
2000-08-25,2000,25.4
2000-08-26,2000,54.0
2000-08-27,2000,24.3
2000-08-29,2000,0.5
2000-08-30,2000,0.0
2000-08-31,2000,20.7
2000-09-01,2000,50.8
2000-09-02,2000,93.9
2000-09-03,2000,0.3
2000-09-04,2000,0.0
2000-09-05,2000,0.0
2000-09-08,2000,1.7
2000-09-09,2000,0.8
2000-09-10,2000,0.0
2000-09-11,2000,0.0
2000-09-12,2000,0.0
2000-09-13,2000,0.0
2000-09-14,2000,0.0
2000-09-15,2000,0.0
2000-09-16,2000,0.0
2000-09-17,2000,0.0
2000-09-19,2000,0.0
2000-09-20,2000,4.5
2000-09-21,2000,0.6
2000-09-22,2000,0.0
2000-09-23,2000,0.0
2000-09-24,2000,0.0
2000-09-26,2000,0.0
2000-09-27,2000,0.0
2000-09-28,2000,0.0
2000-09-30,2000,0.0
2000-10-01,2000,0.0
2000-10-02,2000,0.0
2000-10-03,2000,0.0
2000-10-05,2000,4.7
2000-10-06,2000,1.0
2000-10-07,2000,0.8
2000-10-08,2000,4.0
2000-10-11,2000,0.6
2000-10-12,2000,3.9
2000-10-13,2000,5.0
2000-10-14,2000,4.9
2000-10-16,2000,0.1
2000-10-19,2000,17.8
2000-10-20,2000,116.0
2000-10-21,2000,27.6
2000-10-22,2000,10.7
2000-10-23,2000,5.1
2000-10-25,2000,1.9
2000-10-26,2000,0.0
2000-10-27,2000,0.0
2000-10-28,2000,0.0
2000-10-29,2000,0.0
2000-10-30,2000,0.0
2000-10-31,2000,0.0
2000-11-01,2000,0.0
2000-11-02,2000,0.0
2000-11-03,2000,0.0
2000-11-05,2000,0.0
2000-11-06,2000,0.1
2000-11-07,2000,23.5
2000-11-08,2000,3.1
2000-11-10,2000,0.4
2000-11-11,2000,13.7
2000-11-12,2000,44.1
2000-11-14,2000,0.0
2000-11-15,2000,0.0
2000-11-16,2000,9.6
2000-11-21,2000,0.0
2000-11-22,2000,0.0
2000-11-23,2000,0.0
2000-11-24,2000,0.0
2000-11-25,2000,0.0
2000-11-26,2000,2.3
2000-11-27,2000,0.0
2000-11-28,2000,0.0
2000-11-29,2000,0.0
2000-11-30,2000,0.0
2000-12-01,2000,0.0
2000-12-02,2000,0.5
2000-12-03,2000,0.0
2000-12-04,2000,0.0
2000-12-05,2000,0.0
2000-12-06,2000,0.0
2000-12-07,2000,0.0
2000-12-08,2000,0.0
2000-12-09,2000,0.0
2000-12-10,2000,0.0
2000-12-11,2000,1.7
2000-12-12,2000,25.8
2000-12-13,2000,24.8
2000-12-14,2000,0.0
2000-12-16,2000,0.0
2000-12-17,2000,0.0
2000-12-19,2000,2.4
2000-12-20,2000,0.6
2000-12-21,2000,0.0
2000-12-22,2000,0.0
2000-12-23,2000,0.0
2000-12-24,2000,0.0
2000-12-25,2000,0.0
2000-12-26,2000,0.0
2000-12-27,2000,0.2
2000-12-28,2000,0.0
2000-12-29,2000,0.0
2000-12-30,2000,0.0
2000-12-31,2000,0.0
2001-01-01,2001,0.0
2001-01-02,2001,0.0
2001-01-03,2001,0.0
2001-01-06,2001,0.0
2001-01-07,2001,0.0
2001-01-08,2001,0.0
2001-01-09,2001,0.0
2001-01-10,2001,0.0
2001-01-11,2001,0.4
2001-01-12,2001,0.0
2001-01-13,2001,0.7
2001-01-14,2001,0.0
2001-01-15,2001,0.0
2001-01-17,2001,0.0
2001-01-18,2001,0.0
2001-01-19,2001,0.0
2001-01-20,2001,0.0
2001-01-21,2001,0.0
2001-01-22,2001,0.0
2001-01-23,2001,0.3
2001-01-25,2001,2.3
2001-01-26,2001,27.3
2001-01-27,2001,6.4
2001-01-28,2001,10.2
2001-01-29,2001,0.0
2001-01-30,2001,0.0
2001-01-31,2001,0.0
2001-02-03,2001,0.1
2001-02-06,2001,0.0
2001-02-07,2001,0.0
2001-02-08,2001,0.0
2001-02-10,2001,1.0
2001-02-12,2001,0.0
2001-02-14,2001,0.0
2001-02-15,2001,0.0
2001-02-16,2001,0.0
2001-02-17,2001,0.0
2001-02-18,2001,0.0
2001-02-19,2001,0.0
2001-02-20,2001,0.0
2001-02-21,2001,0.0
2001-02-22,2001,0.0
2001-02-23,2001,0.0
2001-02-24,2001,0.0
2001-02-25,2001,8.8
2001-02-28,2001,1.0
2001-03-01,2001,0.0
2001-03-02,2001,0.0
2001-03-04,2001,0.0
2001-03-05,2001,0.0
2001-03-06,2001,0.0
2001-03-11,2001,2.7
2001-03-12,2001,1.3
2001-03-13,2001,0.0
2001-03-15,2001,0.0
2001-03-20,2001,0.1
2001-03-21,2001,0.0
2001-03-22,2001,0.0
2001-03-23,2001,0.2
2001-03-25,2001,46.2
2001-03-27,2001,5.4
2001-03-29,2001,0.6
2001-03-30,2001,0.0
2001-04-03,2001,0.0
2001-04-04,2001,41.3
2001-04-05,2001,17.9
2001-04-06,2001,5.0
2001-04-07,2001,0.2
2001-04-08,2001,0.1
2001-04-09,2001,46.6
2001-04-10,2001,0.3
2001-04-11,2001,4.2
2001-04-12,2001,0.0
2001-04-15,2001,0.0
2001-04-16,2001,0.0
2001-04-17,2001,0.0
2001-04-18,2001,5.4
2001-04-19,2001,2.3
2001-04-21,2001,1.2
2001-04-22,2001,3.6
2001-04-23,2001,1.4
2001-04-25,2001,3.2
2001-04-27,2001,0.0
2001-04-29,2001,0.3
2001-04-30,2001,0.0
2001-05-01,2001,0.8
2001-05-03,2001,3.2
2001-05-04,2001,0.1
2001-05-06,2001,0.0
2001-05-07,2001,0.0
2001-05-08,2001,5.2
2001-05-09,2001,30.4
2001-05-11,2001,0.2
2001-05-12,2001,0.0
2001-05-13,2001,0.0
2001-05-14,2001,0.0
2001-05-15,2001,0.1
2001-05-16,2001,1.2
2001-05-17,2001,0.5
2001-05-18,2001,22.8
2001-05-19,2001,1.8
2001-05-21,2001,27.6
2001-05-22,2001,14.6
2001-05-23,2001,0.0
2001-05-24,2001,0.0
2001-05-25,2001,0.0
2001-05-26,2001,0.0
2001-05-27,2001,0.0
2001-05-28,2001,1.2
2001-05-30,2001,50.8
2001-05-31,2001,1.5
2001-06-01,2001,0.0
2001-06-02,2001,1.7
2001-06-04,2001,0.0
2001-06-05,2001,73.6
2001-06-06,2001,54.7
2001-06-07,2001,72.3
2001-06-08,2001,131.3
2001-06-09,2001,54.5
2001-06-10,2001,4.4
2001-06-11,2001,101.3
2001-06-12,2001,73.2
2001-06-13,2001,41.6
2001-06-14,2001,0.4
2001-06-15,2001,4.9
2001-06-16,2001,7.1
2001-06-18,2001,0.0
2001-06-19,2001,0.0
2001-06-20,2001,29.9
2001-06-21,2001,0.0
2001-06-23,2001,39.4
2001-06-24,2001,39.3
2001-06-25,2001,106.1
2001-06-26,2001,73.1
2001-06-27,2001,136.4
2001-06-28,2001,5.2
2001-06-29,2001,2.9
2001-06-30,2001,30.3
2001-07-01,2001,57.8
2001-07-02,2001,11.8
2001-07-03,2001,6.9
2001-07-04,2001,0.0
2001-07-05,2001,15.8
2001-07-06,2001,142.1
2001-07-07,2001,8.8
2001-07-08,2001,1.4
2001-07-09,2001,0.0
2001-07-10,2001,0.0
2001-07-11,2001,0.0
2001-07-12,2001,0.0
2001-07-13,2001,41.0
2001-07-14,2001,1.2
2001-07-15,2001,114.0
2001-07-16,2001,1.0
2001-07-17,2001,37.0
2001-07-18,2001,45.8
2001-07-19,2001,10.8
2001-07-20,2001,21.5
2001-07-21,2001,87.3
2001-07-22,2001,4.2
2001-07-23,2001,0.0
2001-07-24,2001,14.5
2001-07-25,2001,17.7
2001-07-26,2001,15.8
2001-07-28,2001,0.0
2001-07-29,2001,0.0
2001-08-01,2001,11.3
2001-08-02,2001,54.5
2001-08-04,2001,0.0
2001-08-05,2001,0.2
2001-08-07,2001,0.0
2001-08-08,2001,0.0
2001-08-10,2001,20.9
2001-08-11,2001,1.6
2001-08-12,2001,32.1
2001-08-13,2001,0.5
2001-08-14,2001,0.0
2001-08-15,2001,0.6
2001-08-16,2001,0.1
2001-08-17,2001,0.0
2001-08-18,2001,0.0
2001-08-19,2001,1.3
2001-08-20,2001,0.0
2001-08-21,2001,0.0
2001-08-22,2001,0.0
2001-08-23,2001,0.0
2001-08-24,2001,0.0
2001-08-25,2001,0.0
2001-08-26,2001,0.0
2001-08-27,2001,32.3
2001-08-28,2001,17.4
2001-08-29,2001,51.9
2001-08-30,2001,90.6
2001-08-31,2001,3.6
2001-09-01,2001,133.2
2001-09-02,2001,33.3
2001-09-03,2001,73.9
2001-09-04,2001,0.2
2001-09-05,2001,100.8
2001-09-06,2001,4.4
2001-09-07,2001,98.7
2001-09-08,2001,32.3
2001-09-09,2001,1.5
2001-09-12,2001,0.0
2001-09-13,2001,0.0
2001-09-14,2001,6.0
2001-09-15,2001,0.0
2001-09-16,2001,0.0
2001-09-17,2001,0.0
2001-09-18,2001,0.0
2001-09-19,2001,0.0
2001-09-20,2001,52.6
2001-09-21,2001,26.4
2001-09-23,2001,0.0
2001-09-24,2001,0.0
2001-09-25,2001,0.0
2001-09-26,2001,0.0
2001-09-27,2001,0.0
2001-09-28,2001,0.0
2001-09-29,2001,0.0
2001-09-30,2001,0.0
2001-10-01,2001,9.2
2001-10-03,2001,0.0
2001-10-04,2001,0.7
2001-10-05,2001,0.2
2001-10-10,2001,0.0
2001-10-13,2001,0.0
2001-10-14,2001,0.0
2001-10-15,2001,0.0
2001-10-16,2001,0.0
2001-10-17,2001,0.0
2001-10-18,2001,0.5
2001-10-20,2001,0.0
2001-10-21,2001,0.0
2001-10-22,2001,0.0
2001-10-23,2001,0.0
2001-10-24,2001,0.0
2001-10-25,2001,0.0
2001-10-26,2001,0.0
2001-10-27,2001,0.0
2001-10-28,2001,0.0
2001-10-29,2001,0.1
2001-10-30,2001,0.0
2001-10-31,2001,0.0
2001-11-01,2001,0.0
2001-11-02,2001,0.0
2001-11-04,2001,0.7
2001-11-05,2001,0.0
2001-11-06,2001,0.0
2001-11-09,2001,0.0
2001-11-10,2001,0.0
2001-11-11,2001,0.0
2001-11-13,2001,1.0
2001-11-14,2001,1.0
2001-11-15,2001,1.1
2001-11-16,2001,0.0
2001-11-17,2001,0.0
2001-11-18,2001,0.0
2001-11-19,2001,0.0
2001-11-20,2001,0.0
2001-11-21,2001,0.0
2001-11-22,2001,0.0
2001-11-23,2001,0.0
2001-11-24,2001,0.0
2001-11-25,2001,0.0
2001-11-26,2001,0.0
2001-11-27,2001,0.0
2001-11-28,2001,0.2
2001-11-29,2001,0.3
2001-11-30,2001,0.0
2001-12-02,2001,0.0
2001-12-03,2001,0.0
2001-12-04,2001,0.0
2001-12-05,2001,0.0
2001-12-06,2001,0.0
2001-12-07,2001,0.0
2001-12-08,2001,7.1
2001-12-09,2001,9.6
2001-12-10,2001,7.8
2001-12-11,2001,0.0
2001-12-12,2001,0.0
2001-12-13,2001,0.0
2001-12-14,2001,0.0
2001-12-15,2001,0.0
2001-12-17,2001,1.7
2001-12-18,2001,18.4
2001-12-19,2001,0.0
2001-12-21,2001,0.0
2001-12-22,2001,0.0
2001-12-23,2001,0.0
2001-12-24,2001,0.0
2001-12-25,2001,0.0
2001-12-26,2001,0.0
2001-12-27,2001,0.0
2001-12-28,2001,0.0
2001-12-29,2001,0.0
2001-12-30,2001,0.0
2001-12-31,2001,0.0
2002-01-01,2002,0.0
2002-01-02,2002,0.0
2002-01-03,2002,0.0
2002-01-04,2002,0.0
2002-01-05,2002,0.0
2002-01-06,2002,0.0
2002-01-07,2002,0.0
2002-01-08,2002,0.0
2002-01-09,2002,0.0
2002-01-10,2002,0.0
2002-01-11,2002,0.0
2002-01-12,2002,0.0
2002-01-13,2002,0.0
2002-01-14,2002,1.7
2002-01-15,2002,1.0
2002-01-16,2002,0.0
2002-01-18,2002,1.9
2002-01-19,2002,0.5
2002-01-20,2002,0.0
2002-01-21,2002,0.0
2002-01-22,2002,0.0
2002-01-23,2002,0.0
2002-01-24,2002,0.0
2002-01-25,2002,0.2
2002-01-26,2002,13.7
2002-01-27,2002,6.0
2002-01-30,2002,0.0
2002-01-31,2002,0.0
2002-02-02,2002,2.6
2002-02-03,2002,0.0
2002-02-04,2002,0.0
2002-02-05,2002,1.9
2002-02-06,2002,0.1
2002-02-08,2002,0.0
2002-02-09,2002,0.0
2002-02-10,2002,0.0
2002-02-11,2002,0.0
2002-02-12,2002,0.0
2002-02-13,2002,0.0
2002-02-14,2002,0.0
2002-02-15,2002,0.0
2002-02-16,2002,0.0
2002-02-17,2002,0.0
2002-02-18,2002,0.0
2002-02-19,2002,0.0
2002-02-20,2002,0.0
2002-02-21,2002,0.0
2002-02-22,2002,0.0
2002-02-23,2002,0.0
2002-02-26,2002,0.0
2002-02-28,2002,0.0
2002-03-02,2002,0.0
2002-03-05,2002,0.0
2002-03-06,2002,0.0
2002-03-07,2002,0.0
2002-03-08,2002,0.0
2002-03-09,2002,0.0
2002-03-10,2002,0.0
2002-03-11,2002,0.0
2002-03-12,2002,0.0
2002-03-16,2002,1.1
2002-03-18,2002,0.0
2002-03-19,2002,0.0
2002-03-21,2002,0.0
2002-03-23,2002,130.0
2002-03-24,2002,33.7
2002-03-25,2002,0.1
2002-03-28,2002,2.3
2002-03-29,2002,57.0
2002-03-30,2002,13.6
2002-03-31,2002,0.9
2002-04-01,2002,0.0
2002-04-02,2002,0.0
2002-04-03,2002,0.0
2002-04-04,2002,0.0
2002-04-05,2002,0.0
2002-04-06,2002,9.2
2002-04-07,2002,0.0
2002-04-08,2002,0.0
2002-04-09,2002,0.1
2002-04-10,2002,2.9
2002-04-12,2002,0.0
2002-04-13,2002,0.0
2002-04-14,2002,0.0
2002-04-16,2002,0.0
2002-04-17,2002,0.0
2002-04-21,2002,0.0
2002-04-22,2002,0.0
2002-04-23,2002,0.0
2002-04-24,2002,0.0
2002-04-27,2002,0.0
2002-04-28,2002,0.2
2002-05-02,2002,0.0
2002-05-03,2002,0.0
2002-05-04,2002,0.0
2002-05-06,2002,0.2
2002-05-07,2002,0.0
2002-05-09,2002,19.3
2002-05-10,2002,56.3
2002-05-11,2002,31.3
2002-05-12,2002,29.7
2002-05-13,2002,6.0
2002-05-14,2002,21.2
2002-05-15,2002,1.4
2002-05-16,2002,18.2
2002-05-17,2002,23.0
2002-05-18,2002,5.1
2002-05-19,2002,34.3
2002-05-20,2002,7.2
2002-05-21,2002,0.0
2002-05-22,2002,13.9
2002-05-23,2002,3.4
2002-05-28,2002,0.0
2002-05-29,2002,0.0
2002-05-30,2002,4.9
2002-05-31,2002,0.2
2002-06-01,2002,3.8
2002-06-02,2002,3.0
2002-06-05,2002,1.0
2002-06-06,2002,3.3
2002-06-07,2002,0.0
2002-06-08,2002,0.0
2002-06-09,2002,24.7
2002-06-10,2002,9.7
2002-06-11,2002,109.2
2002-06-12,2002,6.4
2002-06-16,2002,11.9
2002-06-17,2002,9.6
2002-06-18,2002,0.5
2002-06-19,2002,6.8
2002-06-20,2002,15.6
2002-06-21,2002,2.5
2002-06-22,2002,5.5
2002-06-23,2002,9.4
2002-06-25,2002,11.8
2002-06-26,2002,0.0
2002-06-29,2002,2.3
2002-06-30,2002,0.6
2002-07-01,2002,11.5
2002-07-02,2002,4.7
2002-07-04,2002,12.0
2002-07-05,2002,0.0
2002-07-06,2002,5.6
2002-07-07,2002,12.5
2002-07-08,2002,0.5
2002-07-09,2002,9.3
2002-07-10,2002,0.0
2002-07-12,2002,0.0
2002-07-13,2002,0.0
2002-07-16,2002,24.3
2002-07-17,2002,38.2
2002-07-18,2002,0.9
2002-07-19,2002,0.2
2002-07-20,2002,8.8
2002-07-21,2002,0.8
2002-07-22,2002,17.9
2002-07-23,2002,8.0
2002-07-25,2002,0.9
2002-07-26,2002,41.8
2002-07-27,2002,17.7
2002-07-28,2002,16.0
2002-07-29,2002,71.8
2002-07-30,2002,7.0
2002-07-31,2002,10.4
2002-08-03,2002,13.3
2002-08-04,2002,19.4
2002-08-05,2002,6.2
2002-08-06,2002,43.7
2002-08-07,2002,1.2
2002-08-09,2002,91.7
2002-08-10,2002,90.5
2002-08-11,2002,3.0
2002-08-12,2002,0.8
2002-08-13,2002,0.0
2002-08-14,2002,0.0
2002-08-15,2002,0.0
2002-08-17,2002,1.0
2002-08-18,2002,51.6
2002-08-19,2002,26.8
2002-08-20,2002,14.6
2002-08-22,2002,0.0
2002-08-23,2002,0.0
2002-08-24,2002,0.0
2002-08-27,2002,0.4
2002-08-28,2002,0.0
2002-08-29,2002,0.0
2002-08-30,2002,1.7
2002-08-31,2002,0.0
2002-09-02,2002,0.6
2002-09-03,2002,6.8
2002-09-04,2002,0.0
2002-09-05,2002,0.0
2002-09-06,2002,0.0
2002-09-07,2002,0.0
2002-09-08,2002,0.0
2002-09-09,2002,0.0
2002-09-10,2002,49.0
2002-09-11,2002,39.5
2002-09-12,2002,17.8
2002-09-13,2002,9.2
2002-09-14,2002,56.2
2002-09-15,2002,161.1
2002-09-16,2002,121.9
2002-09-17,2002,162.8
2002-09-18,2002,3.5
2002-09-19,2002,0.0
2002-09-20,2002,0.0
2002-09-22,2002,83.0
2002-09-23,2002,0.0
2002-09-24,2002,0.4
2002-09-25,2002,5.6
2002-09-26,2002,0.2
2002-09-27,2002,0.2
2002-09-28,2002,0.8
2002-09-29,2002,4.4
2002-10-01,2002,7.6
2002-10-02,2002,0.0
2002-10-03,2002,0.0
2002-10-04,2002,0.0
2002-10-05,2002,0.0
2002-10-08,2002,0.0
2002-10-09,2002,0.0
2002-10-10,2002,0.0
2002-10-11,2002,0.0
2002-10-12,2002,0.0
2002-10-13,2002,0.0
2002-10-14,2002,0.0
2002-10-15,2002,0.0
2002-10-16,2002,0.0
2002-10-17,2002,0.1
2002-10-18,2002,54.9
2002-10-19,2002,0.0
2002-10-20,2002,0.0
2002-10-21,2002,50.1
2002-10-23,2002,9.2
2002-10-26,2002,0.5
2002-10-27,2002,0.1
2002-10-28,2002,1.0
2002-10-29,2002,4.1
2002-10-30,2002,66.2
2002-10-31,2002,5.2
2002-11-01,2002,0.0
2002-11-02,2002,0.0
2002-11-03,2002,0.0
2002-11-04,2002,0.0
2002-11-05,2002,0.0
2002-11-06,2002,0.0
2002-11-07,2002,0.0
2002-11-08,2002,0.0
2002-11-09,2002,0.0
2002-11-10,2002,0.0
2002-11-11,2002,0.0
2002-11-12,2002,0.0
2002-11-13,2002,0.0
2002-11-14,2002,0.0
2002-11-16,2002,5.4
2002-11-19,2002,5.0
2002-11-20,2002,0.0
2002-11-21,2002,0.0
2002-11-22,2002,0.0
2002-11-23,2002,0.0
2002-11-25,2002,0.0
2002-11-26,2002,0.0
2002-11-28,2002,3.0
2002-11-29,2002,0.7
2002-11-30,2002,9.2
2002-12-01,2002,2.3
2002-12-02,2002,0.6
2002-12-03,2002,0.0
2002-12-04,2002,0.0
2002-12-05,2002,0.2
2002-12-07,2002,0.0
2002-12-08,2002,4.3
2002-12-10,2002,0.0
2002-12-11,2002,8.0
2002-12-12,2002,8.0
2002-12-13,2002,0.0
2002-12-14,2002,0.0
2002-12-16,2002,0.2
2002-12-20,2002,23.0
2002-12-21,2002,0.7
2002-12-22,2002,0.0
2002-12-23,2002,0.0
2002-12-24,2002,0.0
2002-12-25,2002,0.0
2002-12-26,2002,8.9
2002-12-27,2002,7.4
2002-12-29,2002,0.0
2002-12-30,2002,0.0
2002-12-31,2002,0.5
2003-01-01,2003,0.0
2003-01-03,2003,0.8
2003-01-04,2003,0.0
2003-01-05,2003,0.0
2003-01-06,2003,16.5
2003-01-07,2003,0.1
2003-01-08,2003,0.0
2003-01-09,2003,0.0
2003-01-10,2003,0.0
2003-01-11,2003,0.0
2003-01-12,2003,0.0
2003-01-13,2003,0.0
2003-01-14,2003,0.0
2003-01-15,2003,0.0
2003-01-16,2003,0.0
2003-01-17,2003,0.0
2003-01-18,2003,0.0
2003-01-19,2003,0.0
2003-01-20,2003,0.0
2003-01-21,2003,0.0
2003-01-22,2003,0.0
2003-01-23,2003,0.0
2003-01-26,2003,0.0
2003-01-27,2003,4.3
2003-01-28,2003,0.0
2003-01-29,2003,0.0
2003-01-31,2003,0.0
2003-02-02,2003,0.0
2003-02-04,2003,0.0
2003-02-05,2003,0.0
2003-02-06,2003,0.0
2003-02-08,2003,14.4
2003-02-09,2003,0.0
2003-02-10,2003,0.0
2003-02-11,2003,0.0
2003-02-21,2003,0.0
2003-02-22,2003,0.0
2003-02-23,2003,0.0
2003-02-26,2003,0.0
2003-02-28,2003,0.7
2003-03-01,2003,0.0
2003-03-03,2003,0.3
2003-03-04,2003,5.5
2003-03-05,2003,10.7
2003-03-06,2003,7.7
2003-03-07,2003,0.0
2003-03-08,2003,0.0
2003-03-09,2003,0.7
2003-03-10,2003,1.5
2003-03-11,2003,0.0
2003-03-12,2003,0.0
2003-03-13,2003,0.0
2003-03-14,2003,0.0
2003-03-16,2003,0.0
2003-03-17,2003,0.0
2003-03-20,2003,8.7
2003-03-21,2003,0.1
2003-03-22,2003,0.4
2003-03-23,2003,0.7
2003-03-24,2003,2.3
2003-03-25,2003,0.0
2003-03-26,2003,0.0
2003-03-27,2003,0.0
2003-03-30,2003,0.0
2003-04-02,2003,0.8
2003-04-03,2003,0.3
2003-04-04,2003,1.3
2003-04-05,2003,0.0
2003-04-06,2003,0.5
2003-04-07,2003,11.8
2003-04-08,2003,65.4
2003-04-09,2003,1.2
2003-04-10,2003,2.6
2003-04-12,2003,0.0
2003-04-13,2003,0.0
2003-04-14,2003,0.5
2003-04-19,2003,0.0
2003-04-20,2003,0.0
2003-04-22,2003,0.0
2003-04-23,2003,0.0
2003-04-24,2003,0.0
2003-04-25,2003,0.0
2003-04-26,2003,0.0
2003-04-27,2003,0.0
2003-04-30,2003,0.1
2003-05-01,2003,1.4
2003-05-02,2003,0.0
2003-05-03,2003,19.8
2003-05-04,2003,33.4
2003-05-05,2003,141.1
2003-05-07,2003,0.4
2003-05-14,2003,2.3
2003-05-17,2003,4.1
2003-05-18,2003,16.4
2003-05-19,2003,2.3
2003-05-20,2003,0.0
2003-05-21,2003,0.0
2003-05-22,2003,0.1
2003-05-23,2003,0.0
2003-05-25,2003,27.7
2003-05-27,2003,0.0
2003-05-30,2003,0.0
2003-05-31,2003,0.0
2003-06-01,2003,0.0
2003-06-02,2003,0.0
2003-06-03,2003,0.0
2003-06-04,2003,0.0
2003-06-05,2003,0.0
2003-06-06,2003,35.8
2003-06-07,2003,29.4
2003-06-09,2003,128.1
2003-06-10,2003,46.7
2003-06-11,2003,134.3
2003-06-12,2003,6.4
2003-06-13,2003,22.7
2003-06-14,2003,21.2
2003-06-15,2003,14.1
2003-06-16,2003,29.1
2003-06-17,2003,0.0
2003-06-18,2003,0.0
2003-06-19,2003,0.0
2003-06-20,2003,0.6
2003-06-21,2003,34.6
2003-06-22,2003,5.4
2003-06-24,2003,0.0
2003-06-25,2003,1.9
2003-06-26,2003,3.3
2003-06-27,2003,1.2
2003-06-28,2003,8.6
2003-06-30,2003,0.1
2003-07-01,2003,7.7
2003-07-02,2003,0.0
2003-07-03,2003,0.0
2003-07-04,2003,0.0
2003-07-05,2003,0.0
2003-07-06,2003,0.0
2003-07-08,2003,1.5
2003-07-09,2003,0.0
2003-07-10,2003,6.9
2003-07-11,2003,5.9
2003-07-12,2003,1.6
2003-07-14,2003,0.0
2003-07-15,2003,0.0
2003-07-16,2003,0.0
2003-07-17,2003,0.0
2003-07-18,2003,0.0
2003-07-20,2003,9.9
2003-07-21,2003,27.3
2003-07-23,2003,31.2
2003-07-24,2003,5.4
2003-07-25,2003,4.4
2003-07-27,2003,0.0
2003-07-28,2003,0.0
2003-07-29,2003,0.0
2003-07-30,2003,0.0
2003-08-01,2003,0.1
2003-08-02,2003,0.0
2003-08-03,2003,0.0
2003-08-04,2003,38.5
2003-08-05,2003,6.2
2003-08-06,2003,1.9
2003-08-07,2003,1.6
2003-08-08,2003,0.6
2003-08-09,2003,11.8
2003-08-10,2003,1.2
2003-08-11,2003,5.6
2003-08-12,2003,20.3
2003-08-13,2003,5.6
2003-08-14,2003,6.2
2003-08-16,2003,8.2
2003-08-17,2003,33.6
2003-08-18,2003,0.0
2003-08-19,2003,6.4
2003-08-20,2003,4.7
2003-08-21,2003,72.6
2003-08-22,2003,49.3
2003-08-23,2003,2.0
2003-08-24,2003,77.5
2003-08-25,2003,60.9
2003-08-28,2003,0.0
2003-08-29,2003,0.0
2003-08-30,2003,0.0
2003-08-31,2003,0.2
2003-09-01,2003,0.2
2003-09-02,2003,75.6
2003-09-03,2003,27.0
2003-09-04,2003,0.9
2003-09-05,2003,6.5
2003-09-06,2003,10.8
2003-09-07,2003,36.5
2003-09-08,2003,8.3
2003-09-09,2003,0.0
2003-09-10,2003,0.0
2003-09-11,2003,0.0
2003-09-12,2003,0.0
2003-09-13,2003,0.0
2003-09-14,2003,89.0
2003-09-15,2003,97.0
2003-09-16,2003,23.6
2003-09-17,2003,0.3
2003-09-18,2003,0.0
2003-09-19,2003,0.0
2003-09-21,2003,15.2
2003-09-22,2003,2.3
2003-09-23,2003,0.0
2003-09-25,2003,0.0
2003-09-26,2003,0.0
2003-09-27,2003,0.0
2003-09-28,2003,0.0
2003-09-30,2003,0.8
2003-10-02,2003,0.0
2003-10-03,2003,0.0
2003-10-05,2003,0.0
2003-10-06,2003,0.0
2003-10-07,2003,0.0
2003-10-10,2003,15.9
2003-10-11,2003,32.7
2003-10-14,2003,0.0
2003-10-15,2003,0.0
2003-10-16,2003,0.0
2003-10-17,2003,0.0
2003-10-18,2003,0.0
2003-10-20,2003,0.0
2003-10-21,2003,0.0
2003-10-22,2003,0.0
2003-10-23,2003,0.0
2003-10-24,2003,0.0
2003-10-25,2003,0.0
2003-10-26,2003,0.0
2003-10-27,2003,0.0
2003-10-28,2003,0.0
2003-10-29,2003,0.0
2003-10-30,2003,0.0
2003-10-31,2003,0.0
2003-11-01,2003,0.0
2003-11-02,2003,0.0
2003-11-03,2003,0.0
2003-11-04,2003,0.0
2003-11-05,2003,0.0
2003-11-06,2003,0.0
2003-11-08,2003,32.7
2003-11-09,2003,9.1
2003-11-10,2003,0.0
2003-11-11,2003,0.0
2003-11-12,2003,0.0
2003-11-13,2003,0.0
2003-11-14,2003,0.0
2003-11-15,2003,0.0
2003-11-18,2003,2.6
2003-11-19,2003,5.6
2003-11-20,2003,0.1
2003-11-21,2003,0.0
2003-11-23,2003,0.0
2003-11-24,2003,0.0
2003-11-25,2003,0.0
2003-11-26,2003,0.0
2003-11-27,2003,0.0
2003-11-28,2003,0.0
2003-11-29,2003,0.0
2003-11-30,2003,0.0
2003-12-01,2003,0.0
2003-12-02,2003,0.0
2003-12-03,2003,0.0
2003-12-04,2003,0.0
2003-12-05,2003,0.0
2003-12-06,2003,0.0
2003-12-09,2003,0.0
2003-12-10,2003,0.0
2003-12-11,2003,0.0
2003-12-12,2003,0.0
2003-12-13,2003,0.0
2003-12-14,2003,0.0
2003-12-15,2003,0.0
2003-12-16,2003,0.0
2003-12-17,2003,0.0
2003-12-18,2003,0.0
2003-12-19,2003,0.0
2003-12-20,2003,0.0
2003-12-21,2003,0.0
2003-12-22,2003,0.0
2003-12-23,2003,0.0
2003-12-24,2003,0.0
2003-12-25,2003,0.0
2003-12-26,2003,0.0
2003-12-27,2003,0.0
2003-12-28,2003,0.0
2003-12-29,2003,0.0
2003-12-30,2003,0.0
2003-12-31,2003,0.0
2004-01-01,2004,0.0
2004-01-02,2004,0.0
2004-01-03,2004,0.0
2004-01-05,2004,0.0
2004-01-06,2004,0.0
2004-01-07,2004,0.0
2004-01-08,2004,0.0
2004-01-09,2004,0.0
2004-01-11,2004,1.8
2004-01-12,2004,0.0
2004-01-13,2004,0.0
2004-01-14,2004,0.0
2004-01-15,2004,0.0
2004-01-16,2004,0.3
2004-01-17,2004,0.0
2004-01-18,2004,15.0
2004-01-19,2004,30.7
2004-01-20,2004,2.5
2004-01-21,2004,0.0
2004-01-22,2004,0.0
2004-01-23,2004,0.7
2004-01-25,2004,0.0
2004-01-26,2004,0.0
2004-01-27,2004,0.0
2004-01-28,2004,0.0
2004-01-29,2004,0.0
2004-02-01,2004,0.0
2004-02-03,2004,1.7
2004-02-04,2004,15.0
2004-02-05,2004,14.9
2004-02-07,2004,11.5
2004-02-08,2004,8.7
2004-02-09,2004,0.0
2004-02-10,2004,0.0
2004-02-11,2004,0.0
2004-02-12,2004,0.0
2004-02-13,2004,0.0
2004-02-14,2004,0.0
2004-02-15,2004,0.0
2004-02-17,2004,0.0
2004-02-18,2004,0.0
2004-02-19,2004,0.0
2004-02-20,2004,0.0
2004-02-21,2004,0.0
2004-02-22,2004,0.0
2004-02-23,2004,0.0
2004-02-24,2004,0.0
2004-02-27,2004,0.0
2004-02-28,2004,0.0
2004-02-29,2004,0.0
2004-03-02,2004,1.3
2004-03-03,2004,0.2
2004-03-04,2004,0.0
2004-03-05,2004,0.0
2004-03-06,2004,0.0
2004-03-07,2004,0.0
2004-03-08,2004,0.0
2004-03-09,2004,0.0
2004-03-10,2004,0.0
2004-03-11,2004,0.0
2004-03-12,2004,0.0
2004-03-14,2004,0.0
2004-03-17,2004,0.5
2004-03-19,2004,0.0
2004-03-20,2004,0.0
2004-03-21,2004,0.0
2004-03-24,2004,0.1
2004-03-25,2004,8.3
2004-03-26,2004,3.2
2004-03-27,2004,0.1
2004-03-28,2004,0.1
2004-03-29,2004,0.4
2004-03-30,2004,89.0
2004-03-31,2004,1.1
2004-04-01,2004,21.0
2004-04-03,2004,2.2
2004-04-05,2004,0.0
2004-04-06,2004,0.0
2004-04-07,2004,0.2
2004-04-08,2004,2.0
2004-04-09,2004,0.0
2004-04-10,2004,0.0
2004-04-11,2004,0.0
2004-04-12,2004,0.0
2004-04-14,2004,54.3
2004-04-15,2004,0.3
2004-04-16,2004,2.4
2004-04-17,2004,55.4
2004-04-18,2004,0.0
2004-04-19,2004,0.0
2004-04-20,2004,0.0
2004-04-21,2004,0.0
2004-04-22,2004,0.0
2004-04-23,2004,0.0
2004-04-27,2004,8.5
2004-04-28,2004,0.9
2004-04-30,2004,0.0
2004-05-01,2004,0.0
2004-05-02,2004,0.0
2004-05-03,2004,0.0
2004-05-05,2004,6.4
2004-05-06,2004,0.0
2004-05-07,2004,0.0
2004-05-08,2004,124.4
2004-05-09,2004,0.0
2004-05-10,2004,0.0
2004-05-11,2004,0.0
2004-05-12,2004,0.0
2004-05-14,2004,31.6
2004-05-15,2004,1.5
2004-05-17,2004,0.0
2004-05-19,2004,1.6
2004-05-20,2004,1.1
2004-05-21,2004,16.9
2004-05-22,2004,0.2
2004-05-23,2004,0.0
2004-05-27,2004,0.0
2004-05-28,2004,10.1
2004-05-29,2004,0.6
2004-05-30,2004,0.0
2004-05-31,2004,0.0
2004-06-01,2004,0.0
2004-06-02,2004,7.7
2004-06-06,2004,8.3
2004-06-07,2004,1.2
2004-06-10,2004,0.0
2004-06-11,2004,0.0
2004-06-12,2004,0.0
2004-06-13,2004,0.0
2004-06-14,2004,0.0
2004-06-15,2004,27.9
2004-06-16,2004,2.9
2004-06-20,2004,34.2
2004-06-21,2004,27.0
2004-06-22,2004,8.7
2004-06-23,2004,9.7
2004-06-26,2004,1.6
2004-06-27,2004,0.2
2004-06-29,2004,0.0
2004-06-30,2004,15.3
2004-07-02,2004,0.1
2004-07-03,2004,8.6
2004-07-04,2004,2.0
2004-07-05,2004,1.0
2004-07-06,2004,0.4
2004-07-07,2004,18.3
2004-07-08,2004,0.0
2004-07-10,2004,3.1
2004-07-11,2004,1.2
2004-07-12,2004,5.3
2004-07-13,2004,8.1
2004-07-14,2004,0.0
2004-07-15,2004,0.0
2004-07-16,2004,77.5
2004-07-17,2004,44.4
2004-07-18,2004,0.0
2004-07-19,2004,19.1
2004-07-20,2004,6.9
2004-07-21,2004,58.9
2004-07-22,2004,27.6
2004-07-23,2004,0.0
2004-07-24,2004,0.0
2004-07-26,2004,1.5
2004-07-28,2004,7.9
2004-07-29,2004,94.3
2004-07-30,2004,0.5
2004-08-01,2004,0.0
2004-08-02,2004,0.0
2004-08-03,2004,0.0
2004-08-04,2004,23.0
2004-08-05,2004,14.0
2004-08-06,2004,83.9
2004-08-07,2004,0.0
2004-08-08,2004,0.0
2004-08-09,2004,0.0
2004-08-10,2004,0.0
2004-08-11,2004,36.4
2004-08-12,2004,2.7
2004-08-13,2004,0.0
2004-08-14,2004,18.3
2004-08-16,2004,0.0
2004-08-17,2004,0.0
2004-08-19,2004,0.0
2004-08-20,2004,10.3
2004-08-21,2004,64.3
2004-08-22,2004,16.4
2004-08-23,2004,12.0
2004-08-24,2004,29.8
2004-08-25,2004,0.0
2004-08-26,2004,12.0
2004-08-27,2004,5.7
2004-08-28,2004,21.8
2004-08-29,2004,114.7
2004-08-30,2004,14.3
2004-08-31,2004,8.9
2004-09-01,2004,0.0
2004-09-03,2004,18.2
2004-09-05,2004,0.0
2004-09-07,2004,0.0
2004-09-08,2004,34.3
2004-09-09,2004,29.1
2004-09-11,2004,0.0
2004-09-12,2004,0.0
2004-09-13,2004,0.0
2004-09-14,2004,0.0
2004-09-16,2004,0.0
2004-09-18,2004,6.8
2004-09-19,2004,58.8
2004-09-21,2004,16.2
2004-09-22,2004,0.9
2004-09-23,2004,0.0
2004-09-25,2004,0.1
2004-09-26,2004,0.0
2004-09-27,2004,0.0
2004-09-28,2004,0.0
2004-09-30,2004,2.9
2004-10-02,2004,0.0
2004-10-03,2004,0.0
2004-10-04,2004,0.0
2004-10-05,2004,0.0
2004-10-06,2004,0.0
2004-10-08,2004,0.0
2004-10-09,2004,0.0
2004-10-10,2004,0.0
2004-10-11,2004,0.0
2004-10-12,2004,0.0
2004-10-13,2004,0.0
2004-10-15,2004,0.0
2004-10-16,2004,0.0
2004-10-17,2004,0.0
2004-10-18,2004,0.0
2004-10-19,2004,0.0
2004-10-20,2004,0.0
2004-10-23,2004,0.0
2004-10-25,2004,0.0
2004-10-26,2004,2.3
2004-10-29,2004,0.0
2004-10-30,2004,0.0
2004-10-31,2004,0.0
2004-11-01,2004,0.0
2004-11-02,2004,0.0
2004-11-03,2004,0.0
2004-11-04,2004,0.0
2004-11-05,2004,0.0
2004-11-06,2004,0.0
2004-11-08,2004,0.0
2004-11-14,2004,0.0
2004-11-15,2004,0.0
2004-11-16,2004,0.0
2004-11-17,2004,0.0
2004-11-18,2004,0.0
2004-11-19,2004,0.0
2004-11-20,2004,0.0
2004-11-21,2004,0.0
2004-11-22,2004,0.0
2004-11-24,2004,0.4
2004-11-25,2004,0.0
2004-11-26,2004,0.0
2004-11-27,2004,0.0
2004-11-28,2004,0.0
2004-11-29,2004,0.0
2004-11-30,2004,0.0
2004-12-01,2004,0.0
2004-12-02,2004,0.0
2004-12-03,2004,0.0
2004-12-04,2004,0.0
2004-12-07,2004,0.0
2004-12-08,2004,0.0
2004-12-09,2004,0.0
2004-12-10,2004,0.0
2004-12-11,2004,0.0
2004-12-12,2004,0.0
2004-12-13,2004,0.0
2004-12-15,2004,0.0
2004-12-16,2004,0.0
2004-12-17,2004,0.0
2004-12-18,2004,0.0
2004-12-19,2004,0.0
2004-12-21,2004,0.0
2004-12-23,2004,0.0
2004-12-25,2004,0.0
2004-12-27,2004,0.0
2004-12-28,2004,0.0
2004-12-29,2004,0.0
2004-12-30,2004,0.0
2004-12-31,2004,0.0
2005-01-01,2005,0.0
2005-01-02,2005,0.0
2005-01-03,2005,0.0
2005-01-04,2005,0.0
2005-01-05,2005,0.0
2005-01-06,2005,0.0
2005-01-07,2005,0.0
2005-01-08,2005,0.0
2005-01-09,2005,0.0
2005-01-10,2005,0.0
2005-01-11,2005,0.0
2005-01-12,2005,0.0
2005-01-13,2005,3.5
2005-01-14,2005,0.0
2005-01-15,2005,0.0
2005-01-16,2005,0.0
2005-01-17,2005,0.0
2005-01-18,2005,0.0
2005-01-19,2005,0.0
2005-01-20,2005,0.0
2005-01-23,2005,0.0
2005-01-24,2005,0.0
2005-01-25,2005,0.0
2005-01-28,2005,0.4
2005-01-30,2005,1.0
2005-01-31,2005,1.0
2005-02-03,2005,0.6
2005-02-06,2005,0.1
2005-02-07,2005,0.1
2005-02-08,2005,0.3
2005-02-11,2005,0.0
2005-02-12,2005,0.0
2005-02-15,2005,0.2
2005-02-17,2005,1.1
2005-02-18,2005,0.9
2005-02-19,2005,0.0
2005-02-24,2005,2.7
2005-02-25,2005,0.8
2005-02-27,2005,3.7
2005-02-28,2005,8.7
2005-03-01,2005,6.7
2005-03-02,2005,12.7
2005-03-03,2005,3.7
2005-03-04,2005,1.1
2005-03-05,2005,0.0
2005-03-06,2005,0.0
2005-03-07,2005,0.0
2005-03-08,2005,0.0
2005-03-09,2005,0.0
2005-03-10,2005,0.0
2005-03-11,2005,0.5
2005-03-12,2005,5.5
2005-03-15,2005,0.1
2005-03-18,2005,0.0
2005-03-19,2005,0.0
2005-03-20,2005,0.0
2005-03-21,2005,0.9
2005-03-22,2005,4.7
2005-03-23,2005,8.0
2005-03-25,2005,0.0
2005-03-26,2005,0.9
2005-03-27,2005,3.4
2005-03-30,2005,3.6
2005-03-31,2005,0.8
2005-04-02,2005,0.2
2005-04-03,2005,0.0
2005-04-04,2005,0.0
2005-04-05,2005,0.0
2005-04-06,2005,0.0
2005-04-07,2005,0.0
2005-04-08,2005,0.4
2005-04-09,2005,0.0
2005-04-10,2005,0.0
2005-04-12,2005,4.1
2005-04-13,2005,15.7
2005-04-14,2005,0.3
2005-04-15,2005,0.3
2005-04-16,2005,1.4
2005-04-18,2005,0.0
2005-04-19,2005,0.0
2005-04-20,2005,0.0
2005-04-21,2005,0.0
2005-04-22,2005,0.0
2005-04-23,2005,0.0
2005-04-24,2005,0.0
2005-04-25,2005,3.5
2005-04-27,2005,3.1
2005-04-28,2005,0.2
2005-04-29,2005,2.4
2005-04-30,2005,0.7
2005-05-03,2005,0.0
2005-05-05,2005,0.0
2005-05-06,2005,22.6
2005-05-08,2005,37.1
2005-05-09,2005,67.5
2005-05-10,2005,87.9
2005-05-11,2005,0.2
2005-05-13,2005,0.0
2005-05-15,2005,5.5
2005-05-16,2005,9.6
2005-05-17,2005,6.5
2005-05-18,2005,47.2
2005-05-19,2005,16.4
2005-05-20,2005,38.1
2005-05-21,2005,0.4
2005-05-23,2005,8.5
2005-05-24,2005,44.7
2005-05-26,2005,30.5
2005-05-27,2005,85.6
2005-05-28,2005,0.3
2005-06-02,2005,3.2
2005-06-03,2005,1.7
2005-06-04,2005,32.5
2005-06-05,2005,7.0
2005-06-07,2005,1.4
2005-06-09,2005,5.3
2005-06-10,2005,0.9
2005-06-11,2005,0.0
2005-06-12,2005,4.8
2005-06-13,2005,8.1
2005-06-14,2005,19.2
2005-06-15,2005,168.5
2005-06-16,2005,26.1
2005-06-17,2005,35.1
2005-06-18,2005,3.3
2005-06-20,2005,1.0
2005-06-21,2005,106.3
2005-06-22,2005,32.7
2005-06-23,2005,106.6
2005-06-24,2005,232.6
2005-06-25,2005,3.9
2005-06-26,2005,11.5
2005-06-27,2005,3.4
2005-06-29,2005,31.8
2005-06-30,2005,47.0
2005-07-01,2005,18.4
2005-07-02,2005,0.0
2005-07-03,2005,0.0
2005-07-04,2005,0.0
2005-07-05,2005,0.0
2005-07-06,2005,0.0
2005-07-07,2005,38.1
2005-07-09,2005,33.5
2005-07-10,2005,4.3
2005-07-11,2005,0.0
2005-07-12,2005,0.0
2005-07-13,2005,0.2
2005-07-14,2005,0.0
2005-07-15,2005,0.0
2005-07-17,2005,0.0
2005-07-18,2005,0.0
2005-07-19,2005,28.5
2005-07-20,2005,20.4
2005-07-21,2005,4.4
2005-07-22,2005,79.7
2005-07-23,2005,0.0
2005-07-24,2005,0.0
2005-07-25,2005,0.0
2005-07-26,2005,0.0
2005-07-27,2005,0.0
2005-07-28,2005,0.7
2005-07-29,2005,35.4
2005-07-30,2005,47.3
2005-07-31,2005,49.5
2005-08-01,2005,15.9
2005-08-02,2005,0.0
2005-08-03,2005,0.0
2005-08-04,2005,0.0
2005-08-05,2005,0.0
2005-08-09,2005,48.5
2005-08-10,2005,26.4
2005-08-11,2005,12.6
2005-08-12,2005,9.4
2005-08-13,2005,83.9
2005-08-14,2005,2.5
2005-08-15,2005,14.9
2005-08-16,2005,49.0
2005-08-17,2005,51.6
2005-08-18,2005,39.7
2005-08-19,2005,242.9
2005-08-20,2005,303.3
2005-08-21,2005,17.8
2005-08-22,2005,0.0
2005-08-24,2005,16.6
2005-08-25,2005,0.0
2005-08-26,2005,2.8
2005-08-27,2005,0.3
2005-08-28,2005,2.5
2005-08-29,2005,9.1
2005-08-30,2005,21.3
2005-08-31,2005,0.3
2005-09-01,2005,0.0
2005-09-02,2005,0.0
2005-09-03,2005,11.7
2005-09-04,2005,54.3
2005-09-05,2005,0.0
2005-09-06,2005,11.5
2005-09-07,2005,20.4
2005-09-08,2005,0.7
2005-09-09,2005,0.0
2005-09-13,2005,13.2
2005-09-15,2005,1.7
2005-09-17,2005,23.0
2005-09-18,2005,3.8
2005-09-20,2005,2.7
2005-09-21,2005,0.0
2005-09-22,2005,0.0
2005-09-24,2005,10.6
2005-09-25,2005,130.2
2005-09-26,2005,37.2
2005-09-27,2005,30.6
2005-09-28,2005,1.0
2005-09-29,2005,0.0
2005-09-30,2005,0.0
2005-10-01,2005,0.0
2005-10-02,2005,3.6
2005-10-03,2005,0.0
2005-10-04,2005,0.0
2005-10-05,2005,0.1
2005-10-06,2005,0.1
2005-10-07,2005,2.1
2005-10-08,2005,0.0
2005-10-11,2005,0.6
2005-10-13,2005,0.1
2005-10-14,2005,0.0
2005-10-15,2005,0.0
2005-10-16,2005,0.0
2005-10-20,2005,0.0
2005-10-21,2005,0.0
2005-10-23,2005,0.0
2005-10-24,2005,0.0
2005-10-25,2005,0.0
2005-10-26,2005,0.0
2005-10-27,2005,0.0
2005-10-28,2005,0.0
2005-10-29,2005,0.0
2005-10-30,2005,0.0
2005-11-02,2005,0.0
2005-11-03,2005,0.0
2005-11-04,2005,0.0
2005-11-05,2005,0.0
2005-11-06,2005,0.0
2005-11-07,2005,0.0
2005-11-08,2005,0.0
2005-11-10,2005,0.0
2005-11-11,2005,0.0
2005-11-12,2005,0.0
2005-11-13,2005,0.0
2005-11-15,2005,1.6
2005-11-16,2005,0.0
2005-11-18,2005,0.0
2005-11-19,2005,0.0
2005-11-20,2005,0.0
2005-11-21,2005,0.0
2005-11-22,2005,0.0
2005-11-23,2005,0.0
2005-11-24,2005,0.0
2005-11-25,2005,0.0
2005-11-26,2005,0.0
2005-11-27,2005,0.0
2005-11-28,2005,0.0
2005-12-01,2005,0.0
2005-12-02,2005,0.0
2005-12-03,2005,0.0
2005-12-04,2005,0.0
2005-12-05,2005,0.0
2005-12-07,2005,0.0
2005-12-08,2005,0.0
2005-12-09,2005,0.0
2005-12-10,2005,0.0
2005-12-11,2005,0.0
2005-12-12,2005,0.0
2005-12-14,2005,0.0
2005-12-15,2005,0.0
2005-12-16,2005,0.0
2005-12-17,2005,0.0
2005-12-18,2005,0.0
2005-12-19,2005,0.0
2005-12-20,2005,0.0
2005-12-21,2005,0.0
2005-12-22,2005,0.0
2005-12-23,2005,0.0
2005-12-24,2005,0.0
2005-12-25,2005,0.0
2005-12-26,2005,0.0
2005-12-28,2005,1.6
2005-12-29,2005,0.1
2005-12-30,2005,7.8
2006-01-01,2006,0.0
2006-01-02,2006,0.0
2006-01-03,2006,0.0
2006-01-05,2006,0.0
2006-01-06,2006,0.0
2006-01-07,2006,0.0
2006-01-08,2006,0.0
2006-01-09,2006,0.0
2006-01-11,2006,0.0
2006-01-12,2006,0.0
2006-01-13,2006,0.0
2006-01-14,2006,0.0
2006-01-15,2006,0.0
2006-01-16,2006,0.0
2006-01-17,2006,0.7
2006-01-18,2006,0.8
2006-01-19,2006,0.3
2006-01-20,2006,1.3
2006-01-21,2006,4.3
2006-01-23,2006,0.0
2006-01-25,2006,0.0
2006-01-26,2006,0.0
2006-01-28,2006,6.8
2006-01-29,2006,2.1
2006-01-30,2006,0.0
2006-01-31,2006,0.0
2006-02-01,2006,0.0
2006-02-02,2006,0.0
2006-02-03,2006,0.0
2006-02-05,2006,0.0
2006-02-06,2006,0.0
2006-02-07,2006,0.0
2006-02-08,2006,0.0
2006-02-09,2006,0.0
2006-02-10,2006,0.0
2006-02-11,2006,0.0
2006-02-12,2006,0.0
2006-02-13,2006,0.0
2006-02-14,2006,4.7
2006-02-15,2006,0.0
2006-02-16,2006,0.0
2006-02-19,2006,0.5
2006-02-20,2006,0.0
2006-02-21,2006,0.0
2006-02-22,2006,0.0
2006-02-25,2006,0.3
2006-02-26,2006,0.3
2006-02-27,2006,11.9
2006-02-28,2006,20.0
2006-03-01,2006,0.1
2006-03-02,2006,0.0
2006-03-03,2006,0.0
2006-03-05,2006,2.4
2006-03-06,2006,1.8
2006-03-08,2006,0.0
2006-03-09,2006,0.0
2006-03-10,2006,0.0
2006-03-11,2006,0.0
2006-03-12,2006,0.8
2006-03-13,2006,5.1
2006-03-14,2006,0.3
2006-03-18,2006,0.3
2006-03-23,2006,11.2
2006-03-24,2006,15.7
2006-03-25,2006,6.6
2006-03-26,2006,3.0
2006-03-27,2006,1.1
2006-03-28,2006,0.0
2006-03-29,2006,0.0
2006-04-02,2006,0.1
2006-04-04,2006,0.0
2006-04-05,2006,0.0
2006-04-08,2006,0.0
2006-04-13,2006,0.9
2006-04-14,2006,0.1
2006-04-15,2006,1.0
2006-04-17,2006,0.0
2006-04-18,2006,0.0
2006-04-19,2006,0.0
2006-04-20,2006,0.2
2006-04-21,2006,0.0
2006-04-22,2006,0.0
2006-04-23,2006,0.0
2006-04-24,2006,109.4
2006-04-26,2006,8.0
2006-04-27,2006,11.9
2006-04-28,2006,66.0
2006-04-29,2006,1.6
2006-04-30,2006,0.0
2006-05-01,2006,0.0
2006-05-02,2006,70.1
2006-05-03,2006,108.2
2006-05-04,2006,0.2
2006-05-05,2006,1.3
2006-05-06,2006,0.0
2006-05-07,2006,0.0
2006-05-08,2006,0.0
2006-05-09,2006,0.0
2006-05-10,2006,0.0
2006-05-16,2006,1.6
2006-05-17,2006,15.0
2006-05-19,2006,0.0
2006-05-20,2006,1.0
2006-05-21,2006,69.7
2006-05-22,2006,22.9
2006-05-23,2006,30.9
2006-05-24,2006,0.5
2006-05-25,2006,0.0
2006-05-27,2006,5.5
2006-05-28,2006,59.7
2006-05-29,2006,4.2
2006-05-30,2006,13.0
2006-05-31,2006,27.7
2006-06-01,2006,33.2
2006-06-02,2006,80.2
2006-06-03,2006,0.6
2006-06-04,2006,1.5
2006-06-06,2006,0.8
2006-06-07,2006,0.4
2006-06-08,2006,12.4
2006-06-09,2006,136.7
2006-06-10,2006,26.4
2006-06-11,2006,9.5
2006-06-12,2006,9.4
2006-06-13,2006,65.2
2006-06-14,2006,0.4
2006-06-15,2006,0.2
2006-06-16,2006,0.1
2006-06-19,2006,0.6
2006-06-21,2006,10.0
2006-06-22,2006,10.4
2006-06-23,2006,1.0
2006-06-24,2006,0.0
2006-06-25,2006,0.0
2006-06-26,2006,0.0
2006-06-27,2006,0.1
2006-06-28,2006,51.0
2006-06-29,2006,16.6
2006-06-30,2006,2.5
2006-07-01,2006,2.9
2006-07-02,2006,5.3
2006-07-03,2006,6.3
2006-07-04,2006,14.8
2006-07-05,2006,1.5
2006-07-06,2006,2.0
2006-07-07,2006,3.2
2006-07-08,2006,19.5
2006-07-09,2006,7.0
2006-07-10,2006,6.8
2006-07-11,2006,32.3
2006-07-12,2006,0.0
2006-07-14,2006,0.2
2006-07-15,2006,7.0
2006-07-16,2006,195.6
2006-07-17,2006,5.3
2006-07-20,2006,0.0
2006-07-21,2006,0.0
2006-07-22,2006,0.0
2006-07-24,2006,10.1
2006-07-25,2006,0.0
2006-07-27,2006,72.8
2006-07-28,2006,85.6
2006-07-29,2006,87.2
2006-07-30,2006,3.8
2006-08-01,2006,0.0
2006-08-02,2006,26.0
2006-08-03,2006,54.2
2006-08-04,2006,18.0
2006-08-05,2006,5.9
2006-08-06,2006,4.6
2006-08-07,2006,0.1
2006-08-08,2006,0.0
2006-08-10,2006,45.6
2006-08-11,2006,3.7
2006-08-13,2006,0.0
2006-08-14,2006,0.0
2006-08-15,2006,0.0
2006-08-16,2006,0.0
2006-08-17,2006,0.0
2006-08-19,2006,51.1
2006-08-20,2006,0.1
2006-08-21,2006,0.0
2006-08-23,2006,0.0
2006-08-24,2006,38.8
2006-08-25,2006,20.6
2006-08-26,2006,2.2
2006-08-27,2006,2.3
2006-08-28,2006,2.2
2006-08-31,2006,0.0
2006-09-01,2006,0.0
2006-09-04,2006,0.6
2006-09-05,2006,3.2
2006-09-06,2006,4.9
2006-09-07,2006,35.1
2006-09-08,2006,11.8
2006-09-09,2006,92.4
2006-09-10,2006,3.5
2006-09-12,2006,5.0
2006-09-13,2006,248.3
2006-09-14,2006,12.9
2006-09-15,2006,1.0
2006-09-17,2006,0.0
2006-09-18,2006,0.0
2006-09-19,2006,0.0
2006-09-20,2006,0.0
2006-09-21,2006,0.0
2006-09-22,2006,0.0
2006-09-23,2006,0.0
2006-09-24,2006,0.9
2006-09-26,2006,0.0
2006-09-27,2006,0.0
2006-09-28,2006,0.0
2006-09-29,2006,0.0
2006-09-30,2006,0.6
2006-10-03,2006,5.1
2006-10-05,2006,0.0
2006-10-07,2006,0.0
2006-10-08,2006,0.0
2006-10-09,2006,0.6
2006-10-10,2006,0.0
2006-10-11,2006,0.0
2006-10-12,2006,0.0
2006-10-13,2006,0.0
2006-10-14,2006,5.3
2006-10-15,2006,10.7
2006-10-16,2006,7.1
2006-10-17,2006,0.0
2006-10-18,2006,0.0
2006-10-19,2006,0.0
2006-10-20,2006,0.0
2006-10-21,2006,0.0
2006-10-22,2006,0.0
2006-10-24,2006,1.9
2006-10-26,2006,0.0
2006-10-30,2006,0.5
2006-11-01,2006,0.0
2006-11-02,2006,0.0
2006-11-04,2006,0.0
2006-11-05,2006,0.0
2006-11-06,2006,0.0
2006-11-07,2006,0.0
2006-11-08,2006,0.0
2006-11-09,2006,0.0
2006-11-10,2006,0.0
2006-11-11,2006,0.0
2006-11-12,2006,0.0
2006-11-14,2006,0.3
2006-11-15,2006,9.2
2006-11-17,2006,0.0
2006-11-18,2006,1.6
2006-11-21,2006,66.5
2006-11-22,2006,9.7
2006-11-23,2006,3.0
2006-11-24,2006,0.0
2006-11-26,2006,1.2
2006-11-27,2006,7.0
2006-11-28,2006,1.1
2006-11-30,2006,0.0
2006-12-01,2006,0.0
2006-12-02,2006,0.0
2006-12-03,2006,0.0
2006-12-04,2006,0.0
2006-12-05,2006,0.0
2006-12-06,2006,0.0
2006-12-07,2006,0.3
2006-12-08,2006,0.0
2006-12-09,2006,0.0
2006-12-10,2006,0.0
2006-12-13,2006,13.0
2006-12-14,2006,5.8
2006-12-15,2006,9.3
2006-12-16,2006,1.5
2006-12-17,2006,0.0
2006-12-18,2006,0.0
2006-12-20,2006,0.0
2006-12-21,2006,0.0
2006-12-22,2006,0.0
2006-12-23,2006,0.0
2006-12-24,2006,0.0
2006-12-25,2006,0.0
2006-12-26,2006,0.0
2006-12-27,2006,0.0
2006-12-28,2006,0.0
2006-12-29,2006,0.0
2006-12-30,2006,0.0
2006-12-31,2006,0.0
2007-01-01,2007,0.0
2007-01-03,2007,8.5
2007-01-04,2007,0.0
2007-01-05,2007,0.0
2007-01-06,2007,0.0
2007-01-07,2007,0.0
2007-01-08,2007,0.0
2007-01-09,2007,0.0
2007-01-11,2007,0.0
2007-01-12,2007,0.0
2007-01-13,2007,0.0
2007-01-14,2007,0.0
2007-01-16,2007,0.4
2007-01-17,2007,20.0
2007-01-18,2007,0.2
2007-01-20,2007,0.5
2007-01-21,2007,0.0
2007-01-23,2007,0.0
2007-01-24,2007,0.0
2007-01-25,2007,0.0
2007-01-26,2007,0.0
2007-01-27,2007,0.0
2007-01-28,2007,0.0
2007-01-29,2007,0.0
2007-01-30,2007,0.0
2007-01-31,2007,0.0
2007-02-01,2007,0.0
2007-02-02,2007,0.0
2007-02-03,2007,0.0
2007-02-04,2007,0.0
2007-02-05,2007,0.0
2007-02-06,2007,0.0
2007-02-09,2007,0.0
2007-02-10,2007,0.0
2007-02-12,2007,0.0
2007-02-14,2007,0.0
2007-02-15,2007,0.6
2007-02-20,2007,1.0
2007-02-21,2007,0.2
2007-02-22,2007,4.0
2007-02-23,2007,0.0
2007-02-24,2007,0.1
2007-02-25,2007,1.0
2007-03-02,2007,0.0
2007-03-03,2007,0.0
2007-03-04,2007,0.1
2007-03-05,2007,3.4
2007-03-06,2007,8.1
2007-03-07,2007,1.0
2007-03-08,2007,0.1
2007-03-11,2007,0.1
2007-03-15,2007,0.0
2007-03-16,2007,0.2
2007-03-17,2007,0.6
2007-03-19,2007,7.1
2007-03-20,2007,0.0
2007-03-21,2007,0.0
2007-03-24,2007,1.0
2007-03-26,2007,2.0
2007-03-27,2007,3.9
2007-03-30,2007,0.0
2007-04-01,2007,0.0
2007-04-02,2007,24.2
2007-04-03,2007,1.6
2007-04-04,2007,8.9
2007-04-06,2007,1.7
2007-04-07,2007,0.6
2007-04-08,2007,0.3
2007-04-10,2007,6.6
2007-04-11,2007,0.0
2007-04-12,2007,0.0
2007-04-13,2007,0.0
2007-04-15,2007,0.0
2007-04-16,2007,0.0
2007-04-17,2007,6.6
2007-04-18,2007,0.0
2007-04-19,2007,0.0
2007-04-20,2007,0.0
2007-04-23,2007,7.8
2007-04-24,2007,64.4
2007-04-25,2007,0.6
2007-04-26,2007,0.0
2007-04-27,2007,0.0
2007-04-29,2007,0.4
2007-04-30,2007,1.8
2007-05-01,2007,0.0
2007-05-02,2007,0.0
2007-05-04,2007,6.9
2007-05-05,2007,2.3
2007-05-06,2007,0.0
2007-05-07,2007,0.0
2007-05-08,2007,0.0
2007-05-09,2007,0.0
2007-05-10,2007,0.0
2007-05-11,2007,0.0
2007-05-12,2007,0.0
2007-05-13,2007,0.0
2007-05-14,2007,0.0
2007-05-15,2007,0.0
2007-05-16,2007,0.1
2007-05-18,2007,13.8
2007-05-19,2007,47.2
2007-05-20,2007,81.6
2007-05-21,2007,29.7
2007-05-22,2007,37.3
2007-05-23,2007,0.6
2007-05-24,2007,0.0
2007-05-25,2007,0.0
2007-05-26,2007,0.0
2007-05-27,2007,53.0
2007-05-28,2007,10.9
2007-05-29,2007,0.0
2007-05-30,2007,0.0
2007-05-31,2007,4.9
2007-06-01,2007,4.0
2007-06-02,2007,9.2
2007-06-03,2007,0.1
2007-06-04,2007,0.1
2007-06-06,2007,1.3
2007-06-07,2007,41.3
2007-06-08,2007,14.1
2007-06-09,2007,5.4
2007-06-10,2007,95.5
2007-06-12,2007,6.8
2007-06-13,2007,35.3
2007-06-14,2007,29.6
2007-06-15,2007,13.1
2007-06-17,2007,0.5
2007-06-18,2007,0.0
2007-06-19,2007,0.0
2007-06-20,2007,0.0
2007-06-21,2007,5.6
2007-06-22,2007,0.0
2007-06-23,2007,0.0
2007-06-24,2007,0.0
2007-06-25,2007,3.2
2007-06-26,2007,15.3
2007-06-27,2007,34.9
2007-06-28,2007,53.2
2007-06-29,2007,62.3
2007-06-30,2007,59.3
2007-07-01,2007,3.0
2007-07-02,2007,15.5
2007-07-03,2007,0.3
2007-07-04,2007,19.3
2007-07-05,2007,17.8
2007-07-06,2007,5.5
2007-07-08,2007,0.3
2007-07-09,2007,2.7
2007-07-10,2007,0.4
2007-07-11,2007,0.0
2007-07-12,2007,0.0
2007-07-13,2007,0.0
2007-07-14,2007,0.0
2007-07-15,2007,0.6
2007-07-16,2007,0.8
2007-07-17,2007,1.6
2007-07-18,2007,3.7
2007-07-19,2007,5.4
2007-07-20,2007,0.0
2007-07-21,2007,0.0
2007-07-22,2007,0.0
2007-07-23,2007,0.0
2007-07-24,2007,0.0
2007-07-25,2007,0.0
2007-07-26,2007,0.0
2007-08-01,2007,0.0
2007-08-02,2007,0.0
2007-08-03,2007,0.0
2007-08-04,2007,0.0
2007-08-05,2007,7.7
2007-08-06,2007,100.4
2007-08-07,2007,17.4
2007-08-08,2007,17.9
2007-08-09,2007,33.6
2007-08-10,2007,57.8
2007-08-11,2007,39.9
2007-08-12,2007,5.3
2007-08-14,2007,14.7
2007-08-15,2007,10.9
2007-08-16,2007,60.7
2007-08-17,2007,27.9
2007-08-18,2007,1.2
2007-08-19,2007,0.0
2007-08-22,2007,15.1
2007-08-24,2007,15.3
2007-08-25,2007,10.3
2007-08-27,2007,25.0
2007-08-28,2007,25.9
2007-08-29,2007,1.3
2007-08-30,2007,0.1
2007-08-31,2007,0.0
2007-09-01,2007,0.0
2007-09-02,2007,3.7
2007-09-04,2007,2.3
2007-09-05,2007,1.5
2007-09-06,2007,0.0
2007-09-07,2007,0.1
2007-09-11,2007,10.7
2007-09-13,2007,0.0
2007-09-14,2007,0.0
2007-09-15,2007,0.0
2007-09-16,2007,6.0
2007-09-17,2007,0.5
2007-09-18,2007,0.0
2007-09-19,2007,0.0
2007-09-20,2007,0.1
2007-09-21,2007,1.7
2007-09-22,2007,0.0
2007-09-23,2007,12.5
2007-09-24,2007,60.1
2007-09-25,2007,2.1
2007-09-26,2007,1.0
2007-09-27,2007,0.0
2007-09-28,2007,0.0
2007-09-30,2007,0.0
2007-10-02,2007,17.6
2007-10-03,2007,22.2
2007-10-04,2007,0.0
2007-10-05,2007,0.0
2007-10-06,2007,0.0
2007-10-07,2007,0.0
2007-10-08,2007,0.0
2007-10-10,2007,2.1
2007-10-12,2007,0.2
2007-10-13,2007,1.4
2007-10-14,2007,0.2
2007-10-15,2007,0.0
2007-10-16,2007,0.0
2007-10-20,2007,0.0
2007-10-21,2007,0.0
2007-10-22,2007,0.0
2007-10-23,2007,0.0
2007-10-25,2007,0.0
2007-10-26,2007,0.0
2007-10-27,2007,0.0
2007-10-28,2007,0.0
2007-10-29,2007,0.0
2007-10-30,2007,6.3
2007-10-31,2007,1.7
2007-11-01,2007,2.1
2007-11-02,2007,1.6
2007-11-04,2007,0.2
2007-11-05,2007,0.0
2007-11-06,2007,0.0
2007-11-09,2007,0.0
2007-11-10,2007,0.0
2007-11-11,2007,0.0
2007-11-12,2007,0.0
2007-11-13,2007,0.0
2007-11-14,2007,0.0
2007-11-15,2007,0.0
2007-11-16,2007,0.0
2007-11-17,2007,0.0
2007-11-18,2007,0.0
2007-11-20,2007,0.0
2007-11-22,2007,0.0
2007-11-23,2007,0.0
2007-11-24,2007,0.0
2007-11-25,2007,0.0
2007-11-26,2007,0.0
2007-11-27,2007,0.0
2007-11-28,2007,0.0
2007-11-29,2007,0.0
2007-11-30,2007,0.0
2007-12-01,2007,0.0
2007-12-02,2007,0.0
2007-12-03,2007,0.0
2007-12-04,2007,0.0
2007-12-05,2007,0.0
2007-12-06,2007,0.0
2007-12-07,2007,0.0
2007-12-08,2007,0.0
2007-12-09,2007,0.0
2007-12-10,2007,0.0
2007-12-11,2007,0.0
2007-12-12,2007,0.0
2007-12-15,2007,0.0
2007-12-16,2007,0.0
2007-12-18,2007,0.0
2007-12-20,2007,0.0
2007-12-21,2007,0.0
2007-12-23,2007,1.1
2007-12-24,2007,14.6
2007-12-25,2007,0.0
2007-12-27,2007,0.0
2007-12-28,2007,0.0
2007-12-29,2007,0.0
2007-12-30,2007,0.0
2007-12-31,2007,0.0
2008-01-01,2008,0.0
2008-01-02,2008,0.0
2008-01-03,2008,0.0
2008-01-04,2008,0.0
2008-01-05,2008,0.0
2008-01-06,2008,0.0
2008-01-07,2008,0.0
2008-01-09,2008,0.0
2008-01-12,2008,0.0
2008-01-15,2008,0.7
2008-01-21,2008,0.0
2008-01-24,2008,0.5
2008-01-25,2008,19.2
2008-01-27,2008,0.0
2008-01-29,2008,0.6
2008-01-30,2008,10.4
2008-01-31,2008,1.9
2008-02-01,2008,0.0
2008-02-02,2008,12.3
2008-02-03,2008,0.3
2008-02-05,2008,1.6
2008-02-06,2008,0.3
2008-02-07,2008,0.5
2008-02-08,2008,0.0
2008-02-09,2008,0.0
2008-02-10,2008,0.0
2008-02-15,2008,0.3
2008-02-17,2008,0.4
2008-02-18,2008,0.0
2008-02-20,2008,0.0
2008-02-21,2008,0.0
2008-02-22,2008,3.8
2008-02-23,2008,7.1
2008-02-24,2008,0.4
2008-02-25,2008,0.5
2008-02-28,2008,0.0
2008-03-01,2008,0.0
2008-03-02,2008,0.0
2008-03-03,2008,0.0
2008-03-04,2008,0.0
2008-03-05,2008,0.0
2008-03-06,2008,0.0
2008-03-07,2008,0.0
2008-03-08,2008,0.0
2008-03-09,2008,0.0
2008-03-10,2008,0.0
2008-03-11,2008,0.0
2008-03-12,2008,0.0
2008-03-15,2008,0.0
2008-03-16,2008,0.0
2008-03-17,2008,0.0
2008-03-19,2008,0.0
2008-03-22,2008,28.0
2008-03-24,2008,0.0
2008-03-26,2008,10.7
2008-03-27,2008,0.0
2008-03-28,2008,13.8
2008-03-29,2008,0.0
2008-03-31,2008,4.7
2008-04-01,2008,4.3
2008-04-02,2008,0.7
2008-04-03,2008,1.4
2008-04-04,2008,0.9
2008-04-06,2008,0.0
2008-04-07,2008,0.0
2008-04-08,2008,0.0
2008-04-13,2008,1.3
2008-04-14,2008,0.0
2008-04-15,2008,0.0
2008-04-16,2008,0.0
2008-04-19,2008,237.4
2008-04-20,2008,0.0
2008-04-22,2008,0.0
2008-04-23,2008,0.4
2008-04-24,2008,0.1
2008-04-25,2008,0.7
2008-04-28,2008,7.8
2008-05-02,2008,7.1
2008-05-03,2008,2.2
2008-05-05,2008,4.5
2008-05-06,2008,2.1
2008-05-09,2008,0.0
2008-05-10,2008,3.5
2008-05-12,2008,0.0
2008-05-13,2008,0.0
2008-05-14,2008,0.0
2008-05-15,2008,0.0
2008-05-16,2008,0.0
2008-05-17,2008,0.0
2008-05-19,2008,20.1
2008-05-20,2008,32.9
2008-05-22,2008,1.4
2008-05-23,2008,0.3
2008-05-24,2008,0.4
2008-05-25,2008,0.3
2008-05-26,2008,9.9
2008-05-28,2008,6.9
2008-05-29,2008,60.6
2008-05-30,2008,39.0
2008-05-31,2008,0.7
2008-06-01,2008,23.1
2008-06-02,2008,36.6
2008-06-03,2008,44.9
2008-06-04,2008,18.3
2008-06-05,2008,0.1
2008-06-06,2008,130.8
2008-06-07,2008,307.1
2008-06-08,2008,0.0
2008-06-09,2008,0.0
2008-06-10,2008,4.5
2008-06-11,2008,1.7
2008-06-12,2008,7.2
2008-06-13,2008,62.5
2008-06-14,2008,80.8
2008-06-15,2008,41.3
2008-06-16,2008,32.3
2008-06-17,2008,86.9
2008-06-18,2008,24.8
2008-06-19,2008,7.6
2008-06-20,2008,0.0
2008-06-21,2008,0.0
2008-06-22,2008,0.0
2008-06-23,2008,0.0
2008-06-24,2008,0.6
2008-06-25,2008,146.1
2008-06-26,2008,100.4
2008-06-27,2008,60.0
2008-06-28,2008,35.5
2008-06-29,2008,44.5
2008-06-30,2008,48.5
2008-07-01,2008,4.0
2008-07-03,2008,0.0
2008-07-04,2008,0.0
2008-07-05,2008,11.6
2008-07-06,2008,54.4
2008-07-07,2008,39.4
2008-07-08,2008,51.3
2008-07-09,2008,43.3
2008-07-10,2008,59.9
2008-07-11,2008,12.8
2008-07-12,2008,114.3
2008-07-13,2008,11.7
2008-07-14,2008,30.7
2008-07-15,2008,33.8
2008-07-17,2008,0.0
2008-07-19,2008,3.9
2008-07-20,2008,0.0
2008-07-23,2008,0.0
2008-07-24,2008,0.0
2008-07-25,2008,0.0
2008-07-26,2008,0.0
2008-08-03,2008,0.0
2008-08-05,2008,6.1
2008-08-06,2008,74.1
2008-08-07,2008,72.3
2008-08-08,2008,48.3
2008-08-09,2008,0.0
2008-08-10,2008,0.0
2008-08-11,2008,17.7
2008-08-13,2008,0.0
2008-08-14,2008,0.0
2008-08-15,2008,0.0
2008-08-16,2008,0.0
2008-08-20,2008,0.0
2008-08-22,2008,61.6
2008-08-23,2008,36.9
2008-08-26,2008,0.0
2008-08-27,2008,0.0
2008-08-28,2008,0.0
2008-08-29,2008,0.0
2008-08-30,2008,0.0
2008-08-31,2008,0.0
2008-09-01,2008,0.0
2008-09-02,2008,6.7
2008-09-03,2008,9.0
2008-09-05,2008,6.3
2008-09-06,2008,25.8
2008-09-07,2008,5.5
2008-09-09,2008,0.2
2008-09-10,2008,0.0
2008-09-11,2008,0.0
2008-09-12,2008,0.0
2008-09-13,2008,0.0
2008-09-14,2008,0.0
2008-09-15,2008,0.0
2008-09-16,2008,0.0
2008-09-17,2008,0.0
2008-09-18,2008,1.6
2008-09-19,2008,23.5
2008-09-20,2008,0.0
2008-09-21,2008,0.0
2008-09-22,2008,0.0
2008-09-23,2008,34.1
2008-09-24,2008,43.7
2008-09-25,2008,0.4
2008-09-26,2008,0.1
2008-09-28,2008,2.3
2008-09-29,2008,0.0
2008-09-30,2008,0.0
2008-10-01,2008,0.0
2008-10-02,2008,3.0
2008-10-03,2008,2.4
2008-10-04,2008,14.0
2008-10-05,2008,122.6
2008-10-08,2008,0.5
2008-10-10,2008,0.0
2008-10-11,2008,0.0
2008-10-13,2008,0.3
2008-10-16,2008,0.0
2008-10-17,2008,0.1
2008-10-18,2008,0.0
2008-10-19,2008,1.6
2008-10-21,2008,0.0
2008-10-22,2008,0.0
2008-10-23,2008,0.0
2008-10-26,2008,0.0
2008-10-28,2008,0.1
2008-10-29,2008,0.0
2008-10-30,2008,0.0
2008-10-31,2008,0.0
2008-11-01,2008,0.2
2008-11-02,2008,2.6
2008-11-03,2008,51.2
2008-11-05,2008,0.3
2008-11-06,2008,0.0
2008-11-10,2008,0.0
2008-11-11,2008,0.0
2008-11-12,2008,0.0
2008-11-15,2008,0.0
2008-11-16,2008,0.0
2008-11-17,2008,0.0
2008-11-18,2008,0.0
2008-11-19,2008,0.0
2008-11-20,2008,0.0
2008-11-21,2008,0.0
2008-11-22,2008,0.0
2008-11-24,2008,0.0
2008-11-25,2008,0.0
2008-11-26,2008,0.0
2008-11-27,2008,0.0
2008-11-28,2008,0.0
2008-11-29,2008,0.0
2008-11-30,2008,0.0
2008-12-01,2008,0.0
2008-12-02,2008,0.0
2008-12-04,2008,0.2
2008-12-06,2008,0.0
2008-12-07,2008,0.4
2008-12-09,2008,0.0
2008-12-10,2008,0.0
2008-12-11,2008,0.0
2008-12-12,2008,0.0
2008-12-13,2008,0.0
2008-12-14,2008,0.0
2008-12-15,2008,0.0
2008-12-16,2008,0.0
2008-12-17,2008,0.0
2008-12-18,2008,0.0
2008-12-19,2008,0.0
2008-12-20,2008,0.0
2008-12-21,2008,0.0
2008-12-23,2008,0.0
2008-12-24,2008,0.0
2008-12-25,2008,0.0
2008-12-28,2008,0.1
2008-12-29,2008,2.0
2008-12-30,2008,5.2
2008-12-31,2008,1.1
2009-01-01,2009,0.0
2009-01-02,2009,0.0
2009-01-03,2009,0.0
2009-01-05,2009,0.0
2009-01-06,2009,0.0
2009-01-07,2009,0.0
2009-01-08,2009,0.0
2009-01-09,2009,0.0
2009-01-10,2009,0.0
2009-01-11,2009,0.0
2009-01-12,2009,0.0
2009-01-13,2009,0.0
2009-01-14,2009,0.0
2009-01-15,2009,0.0
2009-01-16,2009,0.0
2009-01-17,2009,0.0
2009-01-18,2009,0.0
2009-01-19,2009,0.0
2009-01-20,2009,0.0
2009-01-21,2009,0.0
2009-01-22,2009,0.0
2009-01-23,2009,0.0
2009-01-24,2009,0.0
2009-01-25,2009,0.0
2009-01-26,2009,0.0
2009-01-29,2009,0.0
2009-01-30,2009,0.0
2009-01-31,2009,0.0
2009-02-02,2009,0.0
2009-02-03,2009,0.0
2009-02-04,2009,0.0
2009-02-05,2009,0.0
2009-02-06,2009,0.0
2009-02-07,2009,0.0
2009-02-08,2009,0.0
2009-02-09,2009,0.0
2009-02-10,2009,0.0
2009-02-11,2009,0.0
2009-02-12,2009,0.0
2009-02-13,2009,0.0
2009-02-15,2009,0.1
2009-02-16,2009,0.4
2009-02-19,2009,0.3
2009-02-23,2009,0.0
2009-02-26,2009,0.3
2009-03-01,2009,0.8
2009-03-04,2009,0.4
2009-03-05,2009,38.5
2009-03-06,2009,11.6
2009-03-07,2009,0.2
2009-03-08,2009,0.1
2009-03-09,2009,0.4
2009-03-10,2009,0.0
2009-03-15,2009,0.0
2009-03-16,2009,0.0
2009-03-17,2009,0.0
2009-03-18,2009,0.0
2009-03-19,2009,0.0
2009-03-20,2009,0.0
2009-03-21,2009,0.1
2009-03-24,2009,27.1
2009-03-25,2009,27.9
2009-03-27,2009,10.4
2009-03-28,2009,0.6
2009-03-29,2009,2.6
2009-04-01,2009,0.0
2009-04-05,2009,0.0
2009-04-06,2009,8.1
2009-04-07,2009,0.6
2009-04-08,2009,0.0
2009-04-09,2009,0.0
2009-04-10,2009,0.0
2009-04-11,2009,0.0
2009-04-13,2009,5.0
2009-04-14,2009,0.0
2009-04-15,2009,4.3
2009-04-16,2009,2.9
2009-04-17,2009,0.0
2009-04-18,2009,34.1
2009-04-19,2009,4.5
2009-04-20,2009,0.0
2009-04-21,2009,1.5
2009-04-23,2009,0.2
2009-04-25,2009,43.0
2009-04-26,2009,4.5
2009-04-27,2009,0.0
2009-04-28,2009,0.0
2009-04-29,2009,0.0
2009-05-01,2009,0.0
2009-05-02,2009,0.0
2009-05-04,2009,0.3
2009-05-05,2009,0.0
2009-05-06,2009,0.0
2009-05-07,2009,0.0
2009-05-08,2009,0.0
2009-05-11,2009,0.0
2009-05-12,2009,0.0
2009-05-15,2009,0.0
2009-05-16,2009,0.1
2009-05-17,2009,0.2
2009-05-18,2009,0.0
2009-05-19,2009,0.3
2009-05-20,2009,10.9
2009-05-21,2009,1.4
2009-05-22,2009,2.3
2009-05-23,2009,62.3
2009-05-24,2009,61.2
2009-05-25,2009,29.8
2009-05-26,2009,20.2
2009-05-27,2009,39.2
2009-05-28,2009,11.5
2009-05-29,2009,5.5
2009-05-30,2009,0.0
2009-05-31,2009,0.0
2009-06-01,2009,0.0
2009-06-03,2009,10.4
2009-06-04,2009,36.8
2009-06-05,2009,0.0
2009-06-06,2009,0.0
2009-06-08,2009,11.2
2009-06-09,2009,16.5
2009-06-11,2009,49.2
2009-06-12,2009,7.9
2009-06-14,2009,24.0
2009-06-15,2009,17.3
2009-06-16,2009,6.1
2009-06-18,2009,0.0
2009-06-19,2009,5.7
2009-06-20,2009,0.0
2009-06-21,2009,0.0
2009-06-22,2009,15.7
2009-06-23,2009,12.5
2009-06-24,2009,8.5
2009-06-25,2009,6.6
2009-06-26,2009,17.7
2009-06-27,2009,46.9
2009-06-28,2009,48.7
2009-06-30,2009,0.1
2009-07-01,2009,0.0
2009-07-03,2009,0.5
2009-07-04,2009,17.4
2009-07-05,2009,49.6
2009-07-06,2009,31.2
2009-07-07,2009,20.1
2009-07-08,2009,0.0
2009-07-09,2009,0.0
2009-07-11,2009,8.1
2009-07-13,2009,0.0
2009-07-14,2009,0.0
2009-07-15,2009,4.8
2009-07-16,2009,0.8
2009-07-17,2009,0.4
2009-07-18,2009,11.7
2009-07-19,2009,124.6
2009-07-20,2009,8.1
2009-07-21,2009,0.6
2009-07-22,2009,0.0
2009-07-23,2009,7.6
2009-07-24,2009,2.6
2009-07-25,2009,8.3
2009-07-26,2009,24.1
2009-07-27,2009,33.6
2009-07-28,2009,10.2
2009-07-29,2009,2.4
2009-07-30,2009,14.0
2009-07-31,2009,8.7
2009-08-01,2009,0.0
2009-08-02,2009,0.0
2009-08-03,2009,21.4
2009-08-04,2009,21.3
2009-08-05,2009,92.5
2009-08-06,2009,8.3
2009-08-07,2009,0.0
2009-08-08,2009,0.0
2009-08-09,2009,0.0
2009-08-10,2009,21.8
2009-08-11,2009,32.2
2009-08-12,2009,3.1
2009-08-13,2009,70.7
2009-08-14,2009,44.9
2009-08-15,2009,0.0
2009-08-16,2009,0.0
2009-08-17,2009,2.0
2009-08-18,2009,12.7
2009-08-19,2009,0.3
2009-08-20,2009,0.0
2009-08-21,2009,0.0
2009-08-22,2009,0.0
2009-08-24,2009,0.0
2009-08-28,2009,0.0
2009-08-30,2009,2.4
2009-08-31,2009,0.5
2009-09-06,2009,0.0
2009-09-07,2009,0.0
2009-09-08,2009,0.0
2009-09-09,2009,37.1
2009-09-10,2009,0.9
2009-09-11,2009,11.8
2009-09-12,2009,5.7
2009-09-13,2009,23.4
2009-09-14,2009,38.8
2009-09-15,2009,190.3
2009-09-16,2009,20.5
2009-09-18,2009,0.0
2009-09-19,2009,0.0
2009-09-21,2009,9.5
2009-09-22,2009,1.3
2009-09-23,2009,0.0
2009-09-25,2009,0.0
2009-09-26,2009,0.3
2009-09-27,2009,0.0
2009-09-28,2009,52.7
2009-09-29,2009,31.0
2009-09-30,2009,63.0
2009-10-01,2009,0.0
2009-10-03,2009,0.0
2009-10-04,2009,0.0
2009-10-05,2009,0.0
2009-10-06,2009,0.0
2009-10-07,2009,25.4
2009-10-08,2009,0.0
2009-10-09,2009,0.0
2009-10-10,2009,0.0
2009-10-11,2009,5.1
2009-10-12,2009,1.5
2009-10-14,2009,9.5
2009-10-15,2009,0.0
2009-10-17,2009,0.0
2009-10-18,2009,0.0
2009-10-19,2009,2.0
2009-10-20,2009,0.9
2009-10-21,2009,0.0
2009-10-22,2009,0.0
2009-10-23,2009,0.0
2009-10-24,2009,0.0
2009-10-27,2009,0.0
2009-10-29,2009,0.0
2009-10-30,2009,0.0
2009-10-31,2009,0.0
2009-11-01,2009,0.0
2009-11-02,2009,0.0
2009-11-03,2009,0.0
2009-11-04,2009,0.0
2009-11-05,2009,0.0
2009-11-06,2009,0.0
2009-11-07,2009,0.0
2009-11-12,2009,5.2
2009-11-13,2009,0.2
2009-11-15,2009,20.2
2009-11-16,2009,34.8
2009-11-17,2009,0.0
2009-11-18,2009,0.0
2009-11-20,2009,0.0
2009-11-21,2009,0.0
2009-11-22,2009,0.0
2009-11-23,2009,0.0
2009-11-24,2009,0.0
2009-11-25,2009,0.0
2009-11-26,2009,0.0
2009-11-27,2009,0.0
2009-11-28,2009,0.0
2009-12-01,2009,0.0
2009-12-02,2009,0.0
2009-12-03,2009,0.0
2009-12-04,2009,0.0
2009-12-05,2009,0.0
2009-12-07,2009,5.5
2009-12-08,2009,14.1
2009-12-09,2009,0.4
2009-12-13,2009,0.0
2009-12-14,2009,1.0
2009-12-15,2009,9.6
2009-12-16,2009,3.8
2009-12-19,2009,0.0
2009-12-20,2009,0.0
2009-12-21,2009,0.0
2009-12-22,2009,0.0
2009-12-23,2009,0.0
2009-12-24,2009,0.0
2009-12-25,2009,0.0
2009-12-26,2009,0.0
2009-12-27,2009,3.1
2009-12-28,2009,5.7
2009-12-29,2009,3.5
2009-12-30,2009,2.5
2009-12-31,2009,1.0
2010-01-02,2010,5.2
2010-01-03,2010,3.5
2010-01-04,2010,0.0
2010-01-05,2010,0.8
2010-01-06,2010,1.2
2010-01-07,2010,0.5
2010-01-08,2010,0.9
2010-01-09,2010,0.0
2010-01-11,2010,12.5
2010-01-12,2010,0.0
2010-01-13,2010,0.0
2010-01-15,2010,0.0
2010-01-16,2010,0.0
2010-01-17,2010,0.0
2010-01-18,2010,0.0
2010-01-19,2010,0.0
2010-01-21,2010,0.0
2010-01-25,2010,0.0
2010-01-30,2010,0.0
2010-01-31,2010,0.0
2010-02-01,2010,0.0
2010-02-04,2010,0.4
2010-02-07,2010,94.1
2010-02-08,2010,7.1
2010-02-09,2010,0.0
2010-02-13,2010,1.7
2010-02-14,2010,2.3
2010-02-15,2010,0.6
2010-02-16,2010,0.6
2010-02-17,2010,1.0
2010-02-18,2010,0.8
2010-02-19,2010,3.7
2010-02-22,2010,0.1
2010-02-23,2010,0.0
2010-02-25,2010,0.4
2010-02-26,2010,0.3
2010-03-01,2010,0.0
2010-03-02,2010,0.0
2010-03-03,2010,0.0
2010-03-04,2010,0.1
2010-03-07,2010,4.9
2010-03-08,2010,0.5
2010-03-09,2010,2.7
2010-03-10,2010,0.0
2010-03-11,2010,0.0
2010-03-12,2010,0.4
2010-03-17,2010,0.0
2010-03-18,2010,0.0
2010-03-19,2010,0.0
2010-03-21,2010,0.0
2010-03-22,2010,0.0
2010-03-23,2010,0.0
2010-03-25,2010,8.9
2010-03-26,2010,0.0
2010-03-27,2010,0.0
2010-03-28,2010,0.0
2010-03-29,2010,0.0
2010-04-02,2010,2.0
2010-04-07,2010,1.8
2010-04-08,2010,9.6
2010-04-10,2010,1.7
2010-04-12,2010,0.0
2010-04-13,2010,0.9
2010-04-14,2010,0.3
2010-04-15,2010,8.2
2010-04-17,2010,2.0
2010-04-18,2010,3.1
2010-04-20,2010,1.1
2010-04-21,2010,0.0
2010-04-22,2010,6.8
2010-04-23,2010,0.0
2010-04-25,2010,0.0
2010-04-26,2010,0.2
2010-04-29,2010,40.6
2010-04-30,2010,0.6
2010-05-01,2010,0.0
2010-05-02,2010,0.0
2010-05-03,2010,0.0
2010-05-06,2010,0.2
2010-05-07,2010,29.1
2010-05-08,2010,0.0
2010-05-09,2010,3.9
2010-05-10,2010,27.6
2010-05-11,2010,0.3
2010-05-13,2010,0.7
2010-05-15,2010,11.9
2010-05-16,2010,0.8
2010-05-19,2010,55.7
2010-05-20,2010,8.1
2010-05-23,2010,10.1
2010-05-24,2010,0.0
2010-05-25,2010,0.0
2010-05-26,2010,0.0
2010-05-28,2010,0.0
2010-05-29,2010,22.6
2010-05-30,2010,5.3
2010-05-31,2010,0.3
2010-06-01,2010,16.1
2010-06-02,2010,29.3
2010-06-03,2010,1.0
2010-06-05,2010,8.2
2010-06-06,2010,0.0
2010-06-07,2010,0.0
2010-06-09,2010,16.7
2010-06-10,2010,58.4
2010-06-13,2010,29.0
2010-06-14,2010,6.4
2010-06-15,2010,0.1
2010-06-16,2010,3.8
2010-06-18,2010,0.0
2010-06-20,2010,1.9
2010-06-21,2010,1.4
2010-06-22,2010,4.6
2010-06-23,2010,41.0
2010-06-24,2010,39.0
2010-06-25,2010,2.9
2010-06-26,2010,127.6
2010-06-27,2010,44.2
2010-06-28,2010,43.2
2010-06-29,2010,0.1
2010-06-30,2010,0.0
2010-07-01,2010,0.0
2010-07-02,2010,0.0
2010-07-03,2010,0.0
2010-07-05,2010,0.0
2010-07-08,2010,0.4
2010-07-09,2010,1.7
2010-07-10,2010,3.9
2010-07-11,2010,1.8
2010-07-14,2010,0.0
2010-07-15,2010,8.4
2010-07-16,2010,17.8
2010-07-17,2010,40.0
2010-07-18,2010,1.1
2010-07-19,2010,0.0
2010-07-20,2010,0.0
2010-07-21,2010,29.6
2010-07-22,2010,182.4
2010-07-23,2010,14.6
2010-07-24,2010,1.1
2010-07-25,2010,0.0
2010-07-26,2010,0.0
2010-07-27,2010,33.6
2010-07-28,2010,122.5
2010-07-29,2010,4.6
2010-07-30,2010,5.1
2010-07-31,2010,0.8
2010-08-02,2010,1.1
2010-08-04,2010,0.0
2010-08-05,2010,41.6
2010-08-06,2010,1.6
2010-08-07,2010,39.1
2010-08-08,2010,18.0
2010-08-09,2010,0.2
2010-08-11,2010,22.2
2010-08-12,2010,3.0
2010-08-13,2010,3.8
2010-08-14,2010,8.7
2010-08-15,2010,13.5
2010-08-16,2010,5.1
2010-08-17,2010,3.2
2010-08-18,2010,0.0
2010-08-19,2010,56.4
2010-08-20,2010,22.1
2010-08-22,2010,9.1
2010-08-23,2010,23.7
2010-08-24,2010,42.6
2010-08-25,2010,5.2
2010-08-27,2010,0.0
2010-08-28,2010,30.1
2010-08-29,2010,0.0
2010-08-30,2010,0.0
2010-08-31,2010,0.0
2010-09-01,2010,0.0
2010-09-02,2010,16.2
2010-09-03,2010,47.4
2010-09-04,2010,3.5
2010-09-05,2010,4.9
2010-09-06,2010,0.0
2010-09-08,2010,27.6
2010-09-09,2010,22.5
2010-09-10,2010,58.8
2010-09-11,2010,51.8
2010-09-12,2010,95.9
2010-09-13,2010,0.1
2010-09-14,2010,1.7
2010-09-15,2010,1.7
2010-09-16,2010,0.0
2010-09-17,2010,0.0
2010-09-18,2010,0.0
2010-09-19,2010,0.0
2010-09-20,2010,67.0
2010-09-21,2010,178.8
2010-09-22,2010,0.8
2010-09-24,2010,0.0
2010-09-26,2010,0.0
2010-09-27,2010,0.0
2010-09-28,2010,0.0
2010-09-30,2010,4.4
2010-10-02,2010,0.0
2010-10-05,2010,2.2
2010-10-06,2010,0.9
2010-10-09,2010,1.4
2010-10-10,2010,10.2
2010-10-11,2010,3.7
2010-10-13,2010,0.0
2010-10-14,2010,0.0
2010-10-15,2010,3.9
2010-10-16,2010,0.2
2010-10-19,2010,0.0
2010-10-20,2010,0.0
2010-10-22,2010,0.2
2010-10-23,2010,0.0
2010-10-24,2010,0.0
2010-10-25,2010,0.0
2010-10-27,2010,0.0
2010-10-28,2010,0.0
2010-10-29,2010,0.0
2010-10-30,2010,0.0
2010-10-31,2010,0.0
2010-11-01,2010,0.0
2010-11-02,2010,0.0
2010-11-03,2010,0.0
2010-11-04,2010,3.2
2010-11-05,2010,24.3
2010-11-06,2010,14.7
2010-11-07,2010,0.0
2010-11-08,2010,0.0
2010-11-09,2010,0.0
2010-11-10,2010,0.0
2010-11-11,2010,0.0
2010-11-12,2010,0.0
2010-11-13,2010,0.0
2010-11-17,2010,0.0
2010-11-18,2010,0.0
2010-11-19,2010,0.0
2010-11-20,2010,0.0
2010-11-21,2010,0.0
2010-11-22,2010,0.0
2010-11-24,2010,0.0
2010-11-25,2010,0.0
2010-11-26,2010,0.0
2010-11-27,2010,0.0
2010-11-28,2010,0.0
2010-11-29,2010,0.0
2010-11-30,2010,0.0
2010-12-01,2010,0.0
2010-12-02,2010,0.0
2010-12-03,2010,0.0
2010-12-04,2010,0.0
2010-12-05,2010,0.0
2010-12-06,2010,0.0
2010-12-07,2010,0.0
2010-12-08,2010,0.0
2010-12-09,2010,0.0
2010-12-10,2010,0.0
2010-12-11,2010,0.0
2010-12-15,2010,12.9
2010-12-16,2010,5.3
2010-12-17,2010,0.0
2010-12-18,2010,0.0
2010-12-19,2010,0.0
2010-12-20,2010,0.0
2010-12-21,2010,0.0
2010-12-22,2010,0.0
2010-12-23,2010,0.0
2010-12-24,2010,0.0
2010-12-26,2010,0.2
2010-12-27,2010,0.0
2010-12-28,2010,0.0
2010-12-29,2010,0.0
2010-12-30,2010,0.0
2010-12-31,2010,0.0
2011-01-01,2011,0.0
2011-01-02,2011,0.0
2011-01-04,2011,1.2
2011-01-05,2011,0.0
2011-01-07,2011,0.0
2011-01-08,2011,0.0
2011-01-09,2011,0.0
2011-01-10,2011,0.0
2011-01-12,2011,4.2
2011-01-14,2011,0.0
2011-01-15,2011,0.0
2011-01-16,2011,0.0
2011-01-17,2011,0.0
2011-01-18,2011,0.0
2011-01-19,2011,0.0
2011-01-20,2011,0.0
2011-01-21,2011,0.0
2011-01-22,2011,0.0
2011-01-23,2011,0.0
2011-01-24,2011,0.0
2011-01-25,2011,0.0
2011-01-26,2011,0.0
2011-01-27,2011,0.0
2011-01-28,2011,0.0
2011-01-29,2011,0.0
2011-01-30,2011,0.0
2011-02-01,2011,0.0
2011-02-02,2011,0.0
2011-02-03,2011,0.0
2011-02-04,2011,0.0
2011-02-05,2011,0.0
2011-02-06,2011,0.0
2011-02-07,2011,0.0
2011-02-08,2011,0.0
2011-02-09,2011,0.0
2011-02-10,2011,0.0
2011-02-12,2011,0.0
2011-02-13,2011,17.0
2011-02-14,2011,0.6
2011-02-15,2011,3.2
2011-02-19,2011,2.0
2011-02-20,2011,0.9
2011-02-22,2011,0.0
2011-02-23,2011,0.0
2011-02-24,2011,0.0
2011-02-25,2011,0.0
2011-02-26,2011,0.0
2011-02-28,2011,0.0
2011-03-03,2011,0.1
2011-03-04,2011,0.0
2011-03-05,2011,0.0
2011-03-06,2011,0.1
2011-03-07,2011,0.5
2011-03-08,2011,2.3
2011-03-09,2011,2.4
2011-03-10,2011,0.1
2011-03-11,2011,0.0
2011-03-12,2011,0.0
2011-03-13,2011,0.0
2011-03-14,2011,0.0
2011-03-17,2011,0.7
2011-03-18,2011,2.2
2011-03-19,2011,11.1
2011-03-21,2011,0.0
2011-03-23,2011,0.0
2011-03-25,2011,0.0
2011-03-26,2011,0.0
2011-03-27,2011,0.8
2011-03-29,2011,0.0
2011-03-30,2011,0.2
2011-04-01,2011,0.0
2011-04-02,2011,0.0
2011-04-06,2011,0.0
2011-04-07,2011,0.0
2011-04-08,2011,0.0
2011-04-12,2011,0.0
2011-04-14,2011,0.0
2011-04-15,2011,0.0
2011-04-16,2011,0.0
2011-04-17,2011,26.7
2011-04-19,2011,0.0
2011-04-20,2011,0.0
2011-04-22,2011,0.2
2011-04-23,2011,2.3
2011-04-24,2011,0.0
2011-04-25,2011,0.0
2011-04-26,2011,0.0
2011-04-27,2011,0.0
2011-04-28,2011,0.4
2011-04-29,2011,6.3
2011-04-30,2011,0.1
2011-05-04,2011,0.7
2011-05-08,2011,0.0
2011-05-09,2011,0.0
2011-05-11,2011,0.0
2011-05-12,2011,0.2
2011-05-13,2011,33.5
2011-05-14,2011,14.5
2011-05-15,2011,2.9
2011-05-16,2011,7.5
2011-05-17,2011,0.3
2011-05-19,2011,0.0
2011-05-20,2011,0.0
2011-05-21,2011,42.8
2011-05-22,2011,69.8
2011-05-23,2011,9.3
2011-05-24,2011,4.9
2011-05-25,2011,0.3
2011-05-26,2011,0.0
2011-05-27,2011,0.0
2011-05-28,2011,0.0
2011-05-29,2011,0.0
2011-05-30,2011,0.0
2011-05-31,2011,0.0
2011-06-01,2011,0.0
2011-06-02,2011,0.0
2011-06-03,2011,0.0
2011-06-04,2011,0.0
2011-06-09,2011,2.8
2011-06-10,2011,0.0
2011-06-11,2011,11.6
2011-06-12,2011,28.4
2011-06-13,2011,5.9
2011-06-14,2011,2.4
2011-06-15,2011,2.4
2011-06-16,2011,75.2
2011-06-17,2011,77.5
2011-06-18,2011,1.2
2011-06-20,2011,0.0
2011-06-21,2011,8.3
2011-06-22,2011,41.4
2011-06-24,2011,0.6
2011-06-25,2011,0.0
2011-06-28,2011,106.6
2011-06-29,2011,76.5
2011-06-30,2011,5.3
2011-07-01,2011,11.2
2011-07-04,2011,0.0
2011-07-05,2011,0.0
2011-07-06,2011,0.0
2011-07-07,2011,0.0
2011-07-08,2011,0.0
2011-07-09,2011,0.0
2011-07-11,2011,33.2
2011-07-12,2011,10.9
2011-07-13,2011,21.8
2011-07-14,2011,12.4
2011-07-15,2011,34.9
2011-07-16,2011,60.5
2011-07-17,2011,0.2
2011-07-18,2011,4.3
2011-07-19,2011,5.6
2011-07-20,2011,15.2
2011-07-21,2011,0.0
2011-07-22,2011,4.2
2011-07-23,2011,0.0
2011-07-24,2011,0.0
2011-07-25,2011,0.0
2011-07-26,2011,0.0
2011-07-29,2011,12.4
2011-07-31,2011,0.0
2011-08-01,2011,0.0
2011-08-02,2011,0.0
2011-08-03,2011,0.0
2011-08-04,2011,0.0
2011-08-05,2011,0.0
2011-08-06,2011,0.0
2011-08-07,2011,0.0
2011-08-08,2011,22.1
2011-08-09,2011,9.9
2011-08-10,2011,60.5
2011-08-11,2011,17.9
2011-08-12,2011,0.0
2011-08-13,2011,0.0
2011-08-15,2011,0.0
2011-08-16,2011,8.5
2011-08-17,2011,10.1
2011-08-18,2011,0.0
2011-08-19,2011,0.0
2011-08-20,2011,3.7
2011-08-22,2011,1.4
2011-08-23,2011,0.0
2011-08-24,2011,3.9
2011-08-25,2011,13.7
2011-08-27,2011,5.2
2011-08-28,2011,0.0
2011-08-29,2011,0.2
2011-08-30,2011,0.0
2011-08-31,2011,0.5
2011-09-01,2011,0.1
2011-09-02,2011,0.0
2011-09-03,2011,22.6
2011-09-04,2011,1.8
2011-09-05,2011,0.0
2011-09-06,2011,0.0
2011-09-07,2011,0.2
2011-09-10,2011,2.6
2011-09-11,2011,20.4
2011-09-12,2011,0.6
2011-09-13,2011,2.7
2011-09-14,2011,2.7
2011-09-15,2011,10.9
2011-09-16,2011,1.0
2011-09-17,2011,0.2
2011-09-18,2011,0.5
2011-09-19,2011,16.1
2011-09-21,2011,0.0
2011-09-23,2011,0.3
2011-09-25,2011,4.2
2011-09-26,2011,0.2
2011-09-28,2011,2.5
2011-09-29,2011,30.8
2011-09-30,2011,2.7
2011-10-01,2011,12.7
2011-10-02,2011,3.3
2011-10-03,2011,1.6
2011-10-05,2011,0.1
2011-10-06,2011,0.1
2011-10-09,2011,0.0
2011-10-10,2011,5.3
2011-10-11,2011,6.9
2011-10-12,2011,105.8
2011-10-13,2011,30.7
2011-10-14,2011,3.8
2011-10-15,2011,0.0
2011-10-16,2011,0.0
2011-10-17,2011,0.0
2011-10-18,2011,0.0
2011-10-20,2011,0.0
2011-10-21,2011,0.0
2011-10-22,2011,0.0
2011-10-23,2011,0.0
2011-10-24,2011,0.0
2011-10-25,2011,0.5
2011-10-26,2011,0.1
2011-10-27,2011,1.5
2011-10-29,2011,0.0
2011-11-01,2011,0.0
2011-11-02,2011,0.0
2011-11-03,2011,0.0
2011-11-08,2011,13.9
2011-11-09,2011,44.2
2011-11-10,2011,0.2
2011-11-12,2011,0.0
2011-11-13,2011,0.0
2011-11-15,2011,0.0
2011-11-16,2011,0.0
2011-11-17,2011,18.1
2011-11-18,2011,8.6
2011-11-19,2011,1.1
2011-11-24,2011,0.0
2011-11-25,2011,0.0
2011-11-27,2011,0.0
2011-11-28,2011,0.0
2011-11-29,2011,0.0
2011-12-01,2011,0.0
2011-12-02,2011,0.0
2011-12-03,2011,0.0
2011-12-04,2011,0.0
2011-12-05,2011,1.2
2011-12-06,2011,1.2
2011-12-07,2011,0.0
2011-12-08,2011,0.0
2011-12-10,2011,0.0
2011-12-11,2011,0.0
2011-12-12,2011,0.0
2011-12-14,2011,0.0
2011-12-15,2011,0.0
2011-12-16,2011,0.0
2011-12-19,2011,0.0
2011-12-21,2011,0.0
2011-12-22,2011,0.0
2011-12-23,2011,0.0
2011-12-24,2011,0.0
2011-12-25,2011,0.0
2011-12-26,2011,0.0
2011-12-27,2011,0.0
2011-12-28,2011,0.0
2011-12-29,2011,0.0
2011-12-31,2011,0.4
2012-01-01,2012,0.0
2012-01-02,2012,0.0
2012-01-03,2012,0.0
2012-01-05,2012,0.8
2012-01-06,2012,0.5
2012-01-07,2012,0.0
2012-01-08,2012,0.0
2012-01-09,2012,0.0
2012-01-10,2012,0.0
2012-01-11,2012,0.4
2012-01-12,2012,0.9
2012-01-13,2012,2.3
2012-01-14,2012,0.6
2012-01-15,2012,19.1
2012-01-16,2012,8.7
2012-01-17,2012,0.0
2012-01-18,2012,0.0
2012-01-19,2012,0.0
2012-01-20,2012,0.0
2012-01-23,2012,1.3
2012-01-24,2012,4.5
2012-01-25,2012,2.2
2012-01-26,2012,0.8
2012-01-27,2012,0.0
2012-01-28,2012,0.0
2012-01-29,2012,0.0
2012-01-30,2012,0.0
2012-01-31,2012,0.0
2012-02-01,2012,0.0
2012-02-05,2012,0.1
2012-02-06,2012,0.4
2012-02-07,2012,3.1
2012-02-08,2012,0.7
2012-02-11,2012,0.0
2012-02-14,2012,0.3
2012-02-18,2012,0.0
2012-02-19,2012,0.0
2012-02-20,2012,0.0
2012-02-21,2012,1.7
2012-02-22,2012,1.3
2012-02-23,2012,2.9
2012-02-24,2012,0.5
2012-02-28,2012,18.0
2012-02-29,2012,0.5
2012-03-02,2012,0.0
2012-03-03,2012,0.2
2012-03-04,2012,0.5
2012-03-06,2012,0.3
2012-03-08,2012,3.3
2012-03-09,2012,0.2
2012-03-11,2012,8.4
2012-03-12,2012,6.6
2012-03-13,2012,1.7
2012-03-15,2012,0.6
2012-03-16,2012,0.2
2012-03-18,2012,0.0
2012-03-23,2012,0.0
2012-03-24,2012,0.1
2012-03-25,2012,0.0
2012-03-26,2012,0.0
2012-03-27,2012,0.0
2012-03-28,2012,0.0
2012-03-29,2012,0.0
2012-03-30,2012,0.0
2012-04-01,2012,0.0
2012-04-02,2012,0.0
2012-04-03,2012,0.0
2012-04-04,2012,0.0
2012-04-05,2012,48.5
2012-04-06,2012,10.9
2012-04-07,2012,0.0
2012-04-08,2012,0.3
2012-04-09,2012,28.9
2012-04-10,2012,0.0
2012-04-11,2012,0.0
2012-04-12,2012,0.0
2012-04-16,2012,11.8
2012-04-17,2012,16.6
2012-04-19,2012,28.2
2012-04-20,2012,66.2
2012-04-21,2012,0.0
2012-04-22,2012,0.0
2012-04-23,2012,0.3
2012-04-25,2012,4.8
2012-04-27,2012,34.5
2012-04-28,2012,22.2
2012-04-29,2012,21.2
2012-04-30,2012,0.5
2012-05-02,2012,0.4
2012-05-04,2012,35.7
2012-05-05,2012,3.4
2012-05-06,2012,0.0
2012-05-07,2012,0.0
2012-05-08,2012,0.0
2012-05-09,2012,0.0
2012-05-10,2012,6.1
2012-05-11,2012,1.4
2012-05-12,2012,0.1
2012-05-13,2012,4.6
2012-05-14,2012,1.9
2012-05-15,2012,22.1
2012-05-16,2012,14.4
2012-05-17,2012,2.0
2012-05-18,2012,83.8
2012-05-19,2012,7.4
2012-05-20,2012,49.6
2012-05-23,2012,0.0
2012-05-26,2012,28.4
2012-05-27,2012,5.8
2012-05-28,2012,10.5
2012-05-29,2012,0.1
2012-06-01,2012,0.0
2012-06-02,2012,8.6
2012-06-05,2012,0.0
2012-06-06,2012,0.0
2012-06-08,2012,0.0
2012-06-09,2012,1.5
2012-06-10,2012,26.8
2012-06-11,2012,0.2
2012-06-12,2012,2.8
2012-06-13,2012,22.5
2012-06-16,2012,60.3
2012-06-17,2012,24.6
2012-06-18,2012,17.7
2012-06-19,2012,1.4
2012-06-20,2012,0.0
2012-06-21,2012,31.2
2012-06-22,2012,16.0
2012-06-24,2012,4.9
2012-06-25,2012,0.2
2012-06-26,2012,0.8
2012-06-28,2012,0.0
2012-06-29,2012,3.9
2012-06-30,2012,38.1
2012-07-01,2012,4.3
2012-07-03,2012,0.0
2012-07-04,2012,0.0
2012-07-05,2012,22.0
2012-07-06,2012,0.8
2012-07-07,2012,2.7
2012-07-08,2012,0.4
2012-07-12,2012,1.3
2012-07-13,2012,9.0
2012-07-14,2012,7.0
2012-07-15,2012,2.1
2012-07-16,2012,18.4
2012-07-17,2012,1.0
2012-07-18,2012,34.3
2012-07-20,2012,4.2
2012-07-21,2012,2.2
2012-07-22,2012,1.0
2012-07-23,2012,112.0
2012-07-24,2012,99.5
2012-07-25,2012,82.3
2012-07-26,2012,28.1
2012-07-27,2012,25.7
2012-07-29,2012,0.0
2012-07-30,2012,0.0
2012-07-31,2012,9.5
2012-08-01,2012,0.2
2012-08-02,2012,0.0
2012-08-04,2012,0.4
2012-08-05,2012,6.8
2012-08-06,2012,2.8
2012-08-08,2012,0.0
2012-08-09,2012,0.0
2012-08-10,2012,7.7
2012-08-11,2012,64.7
2012-08-12,2012,12.4
2012-08-13,2012,9.5
2012-08-14,2012,1.9
2012-08-15,2012,0.0
2012-08-16,2012,15.4
2012-08-18,2012,0.1
2012-08-19,2012,0.0
2012-08-20,2012,0.0
2012-08-22,2012,5.1
2012-08-23,2012,0.0
2012-08-24,2012,0.0
2012-08-26,2012,0.0
2012-08-27,2012,0.0
2012-08-28,2012,0.0
2012-08-29,2012,2.4
2012-08-31,2012,20.4
2012-09-01,2012,11.1
2012-09-02,2012,6.7
2012-09-04,2012,7.6
2012-09-05,2012,0.5
2012-09-06,2012,2.3
2012-09-07,2012,4.7
2012-09-08,2012,8.0
2012-09-10,2012,0.0
2012-09-13,2012,0.7
2012-09-14,2012,0.0
2012-09-16,2012,0.0
2012-09-17,2012,0.0
2012-09-18,2012,0.0
2012-09-19,2012,0.0
2012-09-20,2012,1.8
2012-09-21,2012,1.2
2012-09-22,2012,23.0
2012-09-23,2012,0.9
2012-09-24,2012,121.5
2012-09-25,2012,22.6
2012-09-26,2012,0.4
2012-09-28,2012,0.0
2012-09-29,2012,0.0
2012-10-02,2012,0.0
2012-10-03,2012,0.0
2012-10-04,2012,0.0
2012-10-05,2012,0.1
2012-10-08,2012,0.0
2012-10-09,2012,0.0
2012-10-10,2012,0.0
2012-10-11,2012,0.0
2012-10-12,2012,0.0
2012-10-13,2012,0.0
2012-10-14,2012,0.0
2012-10-15,2012,0.0
2012-10-17,2012,0.0
2012-10-18,2012,0.0
2012-10-21,2012,0.0
2012-10-22,2012,0.0
2012-10-24,2012,0.0
2012-10-25,2012,0.0
2012-10-26,2012,0.7
2012-10-27,2012,0.8
2012-10-28,2012,0.0
2012-10-29,2012,0.4
2012-10-30,2012,33.3
2012-10-31,2012,11.1
2012-11-01,2012,0.0
2012-11-02,2012,0.0
2012-11-04,2012,0.0
2012-11-05,2012,0.0
2012-11-06,2012,0.0
2012-11-07,2012,0.0
2012-11-08,2012,1.9
2012-11-10,2012,0.0
2012-11-11,2012,0.3
2012-11-12,2012,0.0
2012-11-13,2012,0.0
2012-11-14,2012,0.0
2012-11-17,2012,3.0
2012-11-18,2012,0.1
2012-11-19,2012,0.0
2012-11-20,2012,0.3
2012-11-21,2012,3.0
2012-11-22,2012,0.4
2012-11-23,2012,17.7
2012-11-25,2012,11.5
2012-11-26,2012,0.6
2012-11-27,2012,19.5
2012-11-28,2012,1.1
2012-11-29,2012,2.6
2012-11-30,2012,1.9
2012-12-01,2012,0.3
2012-12-02,2012,3.2
2012-12-03,2012,10.9
2012-12-04,2012,8.7
2012-12-05,2012,6.5
2012-12-06,2012,0.0
2012-12-08,2012,0.9
2012-12-09,2012,0.0
2012-12-10,2012,0.0
2012-12-11,2012,0.0
2012-12-12,2012,0.0
2012-12-13,2012,0.0
2012-12-14,2012,0.0
2012-12-15,2012,0.0
2012-12-16,2012,0.0
2012-12-17,2012,0.0
2012-12-18,2012,2.3
2012-12-19,2012,1.1
2012-12-20,2012,0.0
2012-12-22,2012,0.0
2012-12-23,2012,0.0
2012-12-24,2012,0.0
2012-12-25,2012,0.0
2012-12-29,2012,22.1
2012-12-31,2012,0.0
2013-01-01,2013,0.0
2013-01-02,2013,0.0
2013-01-03,2013,0.0
2013-01-04,2013,0.0
2013-01-05,2013,0.0
2013-01-06,2013,0.0
2013-01-07,2013,0.0
2013-01-08,2013,0.0
2013-01-09,2013,0.0
2013-01-10,2013,0.0
2013-01-11,2013,0.0
2013-01-13,2013,0.0
2013-01-14,2013,0.0
2013-01-15,2013,0.0
2013-01-16,2013,0.0
2013-01-17,2013,0.0
2013-01-18,2013,0.0
2013-01-19,2013,0.0
2013-01-20,2013,0.0
2013-01-21,2013,0.0
2013-01-23,2013,0.0
2013-01-24,2013,0.0
2013-01-25,2013,0.0
2013-01-26,2013,2.8
2013-01-27,2013,0.6
2013-01-28,2013,0.0
2013-01-30,2013,0.0
2013-01-31,2013,0.0
2013-02-01,2013,0.0
2013-02-02,2013,0.0
2013-02-08,2013,0.2
2013-02-15,2013,0.5
2013-02-16,2013,0.1
2013-02-17,2013,0.0
2013-02-18,2013,0.0
2013-02-22,2013,0.0
2013-02-23,2013,0.0
2013-02-25,2013,0.0
2013-02-26,2013,0.2
2013-02-28,2013,0.5
2013-03-01,2013,0.1
2013-03-02,2013,0.8
2013-03-03,2013,0.0
2013-03-04,2013,0.0
2013-03-05,2013,0.0
2013-03-06,2013,0.0
2013-03-07,2013,0.0
2013-03-08,2013,0.0
2013-03-09,2013,0.0
2013-03-10,2013,0.0
2013-03-12,2013,0.2
2013-03-15,2013,0.0
2013-03-16,2013,0.0
2013-03-17,2013,0.0
2013-03-18,2013,0.0
2013-03-19,2013,18.2
2013-03-21,2013,0.8
2013-03-22,2013,0.0
2013-03-23,2013,0.0
2013-03-24,2013,1.1
2013-03-25,2013,0.9
2013-03-26,2013,13.6
2013-03-27,2013,1.5
2013-03-28,2013,31.4
2013-03-29,2013,2.7
2013-03-30,2013,58.2
2013-03-31,2013,1.0
2013-04-01,2013,0.1
2013-04-02,2013,13.3
2013-04-03,2013,9.2
2013-04-04,2013,0.5
2013-04-05,2013,34.7
2013-04-06,2013,36.8
2013-04-07,2013,0.0
2013-04-09,2013,25.1
2013-04-10,2013,14.1
2013-04-11,2013,13.8
2013-04-12,2013,2.1
2013-04-13,2013,0.0
2013-04-14,2013,0.0
2013-04-15,2013,0.0
2013-04-16,2013,0.4
2013-04-17,2013,15.6
2013-04-18,2013,8.2
2013-04-19,2013,8.9
2013-04-20,2013,12.2
2013-04-21,2013,0.3
2013-04-22,2013,1.0
2013-04-23,2013,0.5
2013-04-24,2013,0.0
2013-04-25,2013,30.3
2013-04-26,2013,2.9
2013-04-30,2013,23.8
2013-05-01,2013,1.2
2013-05-02,2013,0.9
2013-05-03,2013,33.8
2013-05-08,2013,29.7
2013-05-09,2013,31.3
2013-05-10,2013,23.4
2013-05-11,2013,0.1
2013-05-12,2013,1.4
2013-05-13,2013,0.2
2013-05-16,2013,5.4
2013-05-17,2013,13.9
2013-05-18,2013,21.0
2013-05-19,2013,0.1
2013-05-20,2013,26.0
2013-05-21,2013,26.3
2013-05-22,2013,230.8
2013-05-25,2013,52.0
2013-05-26,2013,11.3
2013-05-27,2013,0.1
2013-05-29,2013,0.4
2013-05-30,2013,0.0
2013-05-31,2013,0.0
2013-06-01,2013,0.0
2013-06-03,2013,0.0
2013-06-04,2013,20.2
2013-06-05,2013,2.4
2013-06-06,2013,13.6
2013-06-07,2013,0.2
2013-06-08,2013,10.6
2013-06-09,2013,15.7
2013-06-10,2013,12.6
2013-06-11,2013,168.9
2013-06-12,2013,1.1
2013-06-13,2013,1.4
2013-06-14,2013,30.8
2013-06-15,2013,62.0
2013-06-16,2013,5.4
2013-06-17,2013,6.5
2013-06-19,2013,0.0
2013-06-20,2013,0.0
2013-06-21,2013,0.8
2013-06-22,2013,15.2
2013-06-23,2013,12.1
2013-06-24,2013,57.0
2013-06-25,2013,0.7
2013-06-27,2013,1.2
2013-06-28,2013,0.2
2013-06-30,2013,0.0
2013-07-01,2013,29.5
2013-07-02,2013,0.0
2013-07-05,2013,0.0
2013-07-06,2013,4.6
2013-07-07,2013,40.7
2013-07-08,2013,0.3
2013-07-10,2013,14.2
2013-07-11,2013,0.3
2013-07-12,2013,0.0
2013-07-13,2013,0.0
2013-07-14,2013,41.4
2013-07-15,2013,44.9
2013-07-16,2013,7.0
2013-07-17,2013,29.5
2013-07-18,2013,0.5
2013-07-19,2013,23.0
2013-07-20,2013,3.5
2013-07-21,2013,0.4
2013-07-22,2013,8.2
2013-07-23,2013,12.3
2013-07-24,2013,26.8
2013-07-25,2013,57.7
2013-07-26,2013,65.4
2013-07-27,2013,14.8
2013-07-28,2013,10.8
2013-07-29,2013,0.0
2013-07-30,2013,0.0
2013-07-31,2013,0.5
2013-08-01,2013,4.5
2013-08-02,2013,72.4
2013-08-03,2013,13.3
2013-08-05,2013,0.0
2013-08-06,2013,0.0
2013-08-07,2013,0.5
2013-08-08,2013,1.3
2013-08-09,2013,0.0
2013-08-10,2013,0.0
2013-08-11,2013,0.0
2013-08-13,2013,48.4
2013-08-14,2013,59.4
2013-08-15,2013,0.7
2013-08-16,2013,5.3
2013-08-17,2013,35.6
2013-08-18,2013,3.7
2013-08-19,2013,30.6
2013-08-21,2013,0.2
2013-08-22,2013,20.1
2013-08-23,2013,26.0
2013-08-24,2013,51.6
2013-08-25,2013,7.3
2013-08-26,2013,0.0
2013-08-27,2013,0.0
2013-08-28,2013,0.0
2013-08-29,2013,0.0
2013-08-30,2013,29.5
2013-08-31,2013,35.0
2013-09-01,2013,1.0
2013-09-02,2013,40.6
2013-09-03,2013,5.0
2013-09-04,2013,88.9
2013-09-05,2013,197.7
2013-09-06,2013,0.3
2013-09-07,2013,0.0
2013-09-08,2013,0.0
2013-09-09,2013,0.0
2013-09-10,2013,0.0
2013-09-11,2013,0.0
2013-09-12,2013,0.0
2013-09-13,2013,0.2
2013-09-14,2013,0.0
2013-09-15,2013,15.2
2013-09-16,2013,0.8
2013-09-17,2013,0.0
2013-09-19,2013,0.0
2013-09-20,2013,0.0
2013-09-21,2013,0.0
2013-09-22,2013,30.6
2013-09-23,2013,56.9
2013-09-24,2013,1.3
2013-09-26,2013,0.1
2013-09-27,2013,0.1
2013-09-28,2013,2.6
2013-09-29,2013,2.9
2013-09-30,2013,10.0
2013-10-01,2013,0.0
2013-10-02,2013,0.0
2013-10-03,2013,0.0
2013-10-04,2013,0.0
2013-10-05,2013,0.0
2013-10-06,2013,0.0
2013-10-07,2013,0.0
2013-10-08,2013,0.0
2013-10-10,2013,2.8
2013-10-11,2013,0.0
2013-10-13,2013,0.0
2013-10-15,2013,0.0
2013-10-19,2013,0.0
2013-10-20,2013,0.0
2013-10-21,2013,0.1
2013-10-22,2013,0.0
2013-10-23,2013,0.0
2013-10-24,2013,0.0
2013-10-25,2013,0.0
2013-10-26,2013,0.0
2013-10-27,2013,0.0
2013-10-28,2013,0.0
2013-10-29,2013,0.0
2013-10-30,2013,0.0
2013-11-01,2013,0.0
2013-11-03,2013,0.4
2013-11-04,2013,12.2
2013-11-05,2013,3.6
2013-11-07,2013,0.0
2013-11-10,2013,7.6
2013-11-12,2013,33.4
2013-11-13,2013,3.9
2013-11-15,2013,0.0
2013-11-16,2013,0.0
2013-11-17,2013,0.0
2013-11-18,2013,0.0
2013-11-19,2013,0.0
2013-11-21,2013,0.5
2013-11-22,2013,0.7
2013-11-24,2013,15.2
2013-11-25,2013,0.0
2013-11-26,2013,0.0
2013-11-27,2013,0.5
2013-11-28,2013,5.1
2013-11-29,2013,0.0
2013-11-30,2013,0.0
2013-12-01,2013,0.0
2013-12-02,2013,0.0
2013-12-03,2013,0.0
2013-12-04,2013,0.0
2013-12-05,2013,0.0
2013-12-06,2013,0.0
2013-12-07,2013,0.0
2013-12-09,2013,0.0
2013-12-10,2013,0.0
2013-12-11,2013,0.0
2013-12-14,2013,13.0
2013-12-15,2013,22.7
2013-12-16,2013,24.8
2013-12-17,2013,27.8
2013-12-18,2013,0.0
2013-12-19,2013,0.0
2013-12-20,2013,0.0
2013-12-21,2013,0.0
2013-12-22,2013,0.0
2013-12-23,2013,0.0
2013-12-24,2013,0.0
2013-12-25,2013,0.0
2013-12-26,2013,0.0
2013-12-27,2013,0.0
2013-12-28,2013,0.0
2013-12-29,2013,0.0
2013-12-30,2013,0.0
2013-12-31,2013,0.0
2014-01-01,2014,0.0
2014-01-02,2014,0.0
2014-01-03,2014,0.0
2014-01-04,2014,0.0
2014-01-05,2014,0.0
2014-01-06,2014,0.0
2014-01-09,2014,0.0
2014-01-11,2014,0.0
2014-01-12,2014,0.0
2014-01-13,2014,0.0
2014-01-14,2014,0.0
2014-01-15,2014,0.0
2014-01-16,2014,0.0
2014-01-17,2014,0.0
2014-01-18,2014,0.0
2014-01-19,2014,0.0
2014-01-20,2014,0.0
2014-01-21,2014,0.0
2014-01-22,2014,0.0
2014-01-23,2014,0.0
2014-01-24,2014,0.0
2014-01-25,2014,0.0
2014-01-26,2014,0.0
2014-01-27,2014,0.0
2014-01-28,2014,0.0
2014-01-29,2014,0.0
2014-01-30,2014,0.0
2014-01-31,2014,0.0
2014-02-01,2014,0.0
2014-02-02,2014,0.0
2014-02-03,2014,0.0
2014-02-08,2014,0.3
2014-02-09,2014,13.1
2014-02-10,2014,0.3
2014-02-12,2014,0.4
2014-02-13,2014,21.4
2014-02-14,2014,0.0
2014-02-17,2014,0.0
2014-02-19,2014,3.8
2014-02-20,2014,0.0
2014-02-21,2014,0.0
2014-02-22,2014,0.2
2014-02-23,2014,0.0
2014-02-25,2014,0.0
2014-03-01,2014,0.0
2014-03-02,2014,0.6
2014-03-04,2014,0.1
2014-03-05,2014,0.1
2014-03-07,2014,0.1
2014-03-08,2014,0.9
2014-03-11,2014,0.3
2014-03-12,2014,0.1
2014-03-13,2014,0.3
2014-03-14,2014,0.4
2014-03-16,2014,0.0
2014-03-18,2014,0.0
2014-03-19,2014,0.0
2014-03-20,2014,0.0
2014-03-22,2014,0.0
2014-03-23,2014,0.0
2014-03-24,2014,0.0
2014-03-25,2014,0.0
2014-03-27,2014,0.0
2014-03-29,2014,19.0
2014-03-30,2014,103.1
2014-03-31,2014,82.6
2014-04-01,2014,8.0
2014-04-02,2014,24.4
2014-04-03,2014,42.3
2014-04-04,2014,0.0
2014-04-05,2014,0.0
2014-04-06,2014,9.3
2014-04-08,2014,27.5
2014-04-12,2014,0.0
2014-04-13,2014,0.0
2014-04-14,2014,0.4
2014-04-15,2014,0.0
2014-04-16,2014,0.0
2014-04-17,2014,0.0
2014-04-18,2014,0.0
2014-04-19,2014,0.0
2014-04-20,2014,0.0
2014-04-21,2014,0.6
2014-04-23,2014,13.3
2014-04-24,2014,1.5
2014-04-25,2014,1.7
2014-04-26,2014,2.7
2014-04-27,2014,0.0
2014-04-28,2014,0.0
2014-04-29,2014,0.0
2014-04-30,2014,0.7
2014-05-01,2014,2.8
2014-05-03,2014,0.2
2014-05-04,2014,7.3
2014-05-05,2014,26.6
2014-05-06,2014,1.0
2014-05-07,2014,3.2
2014-05-08,2014,106.3
2014-05-09,2014,89.1
2014-05-10,2014,12.5
2014-05-11,2014,164.5
2014-05-12,2014,40.9
2014-05-13,2014,57.5
2014-05-14,2014,2.0
2014-05-15,2014,2.8
2014-05-16,2014,18.8
2014-05-17,2014,10.7
2014-05-18,2014,1.2
2014-05-19,2014,0.7
2014-05-20,2014,53.2
2014-05-21,2014,47.1
2014-05-23,2014,33.1
2014-05-24,2014,0.0
2014-05-25,2014,3.6
2014-05-27,2014,0.0
2014-05-28,2014,0.0
2014-05-30,2014,2.2
2014-06-01,2014,3.7
2014-06-02,2014,0.0
2014-06-04,2014,0.0
2014-06-05,2014,0.2
2014-06-06,2014,17.2
2014-06-07,2014,7.6
2014-06-08,2014,57.6
2014-06-12,2014,0.0
2014-06-13,2014,0.0
2014-06-15,2014,9.9
2014-06-16,2014,3.8
2014-06-17,2014,1.1
2014-06-18,2014,6.0
2014-06-19,2014,10.5
2014-06-20,2014,29.2
2014-06-21,2014,47.6
2014-06-22,2014,114.9
2014-06-23,2014,41.5
2014-06-24,2014,45.9
2014-06-25,2014,18.5
2014-06-26,2014,0.1
2014-06-27,2014,0.0
2014-06-28,2014,0.0
2014-06-29,2014,20.4
2014-06-30,2014,0.9
2014-07-01,2014,13.9
2014-07-03,2014,0.1
2014-07-04,2014,0.0
2014-07-05,2014,1.5
2014-07-06,2014,14.8
2014-07-07,2014,5.5
2014-07-08,2014,0.0
2014-07-10,2014,16.9
2014-07-11,2014,23.3
2014-07-12,2014,5.8
2014-07-13,2014,2.9
2014-07-14,2014,22.6
2014-07-15,2014,0.2
2014-07-17,2014,34.5
2014-07-18,2014,19.5
2014-07-19,2014,6.5
2014-07-20,2014,11.1
2014-07-21,2014,0.0
2014-07-22,2014,35.7
2014-07-23,2014,0.0
2014-07-24,2014,7.3
2014-07-25,2014,6.2
2014-07-26,2014,6.7
2014-07-27,2014,25.5
2014-07-28,2014,0.0
2014-07-29,2014,0.0
2014-07-30,2014,0.0
2014-07-31,2014,0.0
2014-08-01,2014,5.9
2014-08-02,2014,10.7
2014-08-03,2014,39.3
2014-08-04,2014,12.0
2014-08-05,2014,21.1
2014-08-06,2014,36.5
2014-08-07,2014,14.5
2014-08-08,2014,0.0
2014-08-09,2014,0.0
2014-08-10,2014,5.1
2014-08-12,2014,102.9
2014-08-13,2014,166.1
2014-08-14,2014,0.5
2014-08-15,2014,0.0
2014-08-16,2014,0.0
2014-08-17,2014,0.0
2014-08-18,2014,0.0
2014-08-19,2014,42.1
2014-08-20,2014,88.8
2014-08-21,2014,0.1
2014-08-22,2014,0.0
2014-08-24,2014,0.0
2014-08-25,2014,0.0
2014-08-26,2014,0.0
2014-08-27,2014,0.7
2014-08-28,2014,0.3
2014-08-29,2014,0.0
2014-08-30,2014,0.0
2014-08-31,2014,1.6
2014-09-01,2014,2.2
2014-09-02,2014,0.0
2014-09-03,2014,0.0
2014-09-04,2014,6.7
2014-09-07,2014,0.6
2014-09-08,2014,3.0
2014-09-09,2014,0.0
2014-09-12,2014,32.1
2014-09-13,2014,6.2
2014-09-14,2014,0.5
2014-09-15,2014,17.6
2014-09-16,2014,51.6
2014-09-17,2014,7.7
2014-09-19,2014,0.3
2014-09-20,2014,0.0
2014-09-21,2014,0.0
2014-09-23,2014,0.0
2014-09-25,2014,0.0
2014-09-26,2014,0.7
2014-09-27,2014,0.0
2014-09-28,2014,0.0
2014-09-29,2014,0.0
2014-09-30,2014,11.4
2014-10-01,2014,26.7
2014-10-03,2014,23.7
2014-10-04,2014,2.6
2014-10-05,2014,0.1
2014-10-06,2014,0.0
2014-10-08,2014,0.0
2014-10-09,2014,0.0
2014-10-10,2014,0.0
2014-10-11,2014,0.0
2014-10-12,2014,0.0
2014-10-13,2014,0.0
2014-10-15,2014,0.0
2014-10-17,2014,0.0
2014-10-18,2014,0.0
2014-10-20,2014,0.0
2014-10-22,2014,56.4
2014-10-23,2014,0.2
2014-10-24,2014,0.0
2014-10-25,2014,0.0
2014-10-26,2014,0.1
2014-10-27,2014,0.0
2014-10-30,2014,0.0
2014-10-31,2014,0.0
2014-11-01,2014,0.0
2014-11-05,2014,0.0
2014-11-06,2014,0.1
2014-11-07,2014,11.8
2014-11-08,2014,18.0
2014-11-11,2014,0.0
2014-11-15,2014,0.4
2014-11-16,2014,0.0
2014-11-17,2014,0.0
2014-11-20,2014,0.0
2014-11-21,2014,0.0
2014-11-22,2014,0.0
2014-11-23,2014,0.0
2014-11-24,2014,0.0
2014-11-25,2014,0.0
2014-11-26,2014,0.0
2014-11-27,2014,0.4
2014-11-29,2014,0.2
2014-11-30,2014,0.2
2014-12-01,2014,3.1
2014-12-02,2014,4.5
2014-12-03,2014,1.7
2014-12-04,2014,5.4
2014-12-05,2014,0.5
2014-12-07,2014,0.1
2014-12-08,2014,0.1
2014-12-09,2014,0.0
2014-12-10,2014,2.1
2014-12-12,2014,0.0
2014-12-13,2014,0.0
2014-12-14,2014,0.0
2014-12-15,2014,0.0
2014-12-16,2014,0.0
2014-12-17,2014,0.0
2014-12-18,2014,0.1
2014-12-19,2014,14.3
2014-12-20,2014,0.2
2014-12-21,2014,0.0
2014-12-22,2014,0.0
2014-12-24,2014,0.0
2014-12-25,2014,6.7
2014-12-26,2014,2.2
2014-12-27,2014,0.5
2014-12-28,2014,3.2
2014-12-29,2014,0.0
2014-12-30,2014,0.0
2014-12-31,2014,0.0
2015-01-01,2015,0.0
2015-01-02,2015,0.0
2015-01-03,2015,0.0
2015-01-04,2015,0.0
2015-01-05,2015,0.0
2015-01-06,2015,0.0
2015-01-07,2015,0.1
2015-01-08,2015,0.0
2015-01-09,2015,0.0
2015-01-10,2015,0.0
2015-01-12,2015,14.9
2015-01-13,2015,25.8
2015-01-14,2015,0.0
2015-01-15,2015,0.0
2015-01-16,2015,0.0
2015-01-17,2015,0.0
2015-01-18,2015,0.0
2015-01-19,2015,0.0
2015-01-20,2015,0.0
2015-01-22,2015,0.0
2015-01-23,2015,0.0
2015-01-24,2015,0.9
2015-01-26,2015,0.0
2015-01-27,2015,0.0
2015-01-30,2015,0.0
2015-02-02,2015,0.0
2015-02-03,2015,0.0
2015-02-04,2015,0.0
2015-02-06,2015,0.3
2015-02-07,2015,0.0
2015-02-08,2015,0.0
2015-02-09,2015,0.0
2015-02-10,2015,0.0
2015-02-11,2015,0.0
2015-02-12,2015,0.0
2015-02-13,2015,0.0
2015-02-14,2015,0.0
2015-02-15,2015,3.3
2015-02-16,2015,0.0
2015-02-21,2015,0.2
2015-02-22,2015,15.6
2015-02-23,2015,10.2
2015-02-25,2015,0.8
2015-02-26,2015,0.0
2015-02-27,2015,1.2
2015-02-28,2015,0.4
2015-03-03,2015,0.2
2015-03-04,2015,0.2
2015-03-05,2015,4.8
2015-03-06,2015,0.1
2015-03-07,2015,0.2
2015-03-11,2015,0.3
2015-03-12,2015,3.7
2015-03-13,2015,0.0
2015-03-15,2015,0.0
2015-03-17,2015,0.0
2015-03-18,2015,0.0
2015-03-19,2015,0.0
2015-03-20,2015,0.0
2015-03-21,2015,0.0
2015-03-22,2015,0.1
2015-03-24,2015,0.0
2015-03-26,2015,4.2
2015-03-27,2015,14.6
2015-03-28,2015,0.0
2015-03-29,2015,0.0
2015-03-30,2015,0.0
2015-04-01,2015,0.0
2015-04-02,2015,0.0
2015-04-04,2015,0.0
2015-04-05,2015,0.0
2015-04-07,2015,0.1
2015-04-08,2015,10.0
2015-04-09,2015,1.3
2015-04-10,2015,0.7
2015-04-11,2015,52.0
2015-04-12,2015,0.2
2015-04-13,2015,0.0
2015-04-14,2015,0.0
2015-04-15,2015,0.0
2015-04-16,2015,0.0
2015-04-17,2015,0.0
2015-04-20,2015,0.2
2015-04-24,2015,0.0
2015-04-25,2015,0.0
2015-04-26,2015,0.0
2015-04-27,2015,0.0
2015-04-28,2015,0.0
2015-04-29,2015,0.0
2015-04-30,2015,0.0
2015-05-01,2015,0.5
2015-05-05,2015,3.9
2015-05-06,2015,0.6
2015-05-07,2015,0.3
2015-05-08,2015,0.0
2015-05-09,2015,7.3
2015-05-10,2015,20.1
2015-05-11,2015,51.0
2015-05-12,2015,0.0
2015-05-13,2015,0.0
2015-05-15,2015,0.0
2015-05-16,2015,18.4
2015-05-17,2015,5.7
2015-05-18,2015,0.9
2015-05-19,2015,1.2
2015-05-20,2015,107.7
2015-05-21,2015,12.6
2015-05-22,2015,0.7
2015-05-23,2015,169.4
2015-05-24,2015,8.2
2015-05-25,2015,29.4
2015-05-26,2015,64.6
2015-05-27,2015,0.2
2015-05-28,2015,1.4
2015-05-29,2015,0.0
2015-05-30,2015,7.0
2015-05-31,2015,1.9
2015-06-01,2015,10.6
2015-06-02,2015,5.4
2015-06-04,2015,0.0
2015-06-05,2015,0.0
2015-06-06,2015,0.8
2015-06-08,2015,1.6
2015-06-10,2015,8.1
2015-06-11,2015,0.8
2015-06-12,2015,96.8
2015-06-13,2015,0.4
2015-06-14,2015,1.5
2015-06-15,2015,5.2
2015-06-16,2015,0.0
2015-06-17,2015,0.0
2015-06-18,2015,0.0
2015-06-20,2015,0.0
2015-06-21,2015,51.0
2015-06-22,2015,18.1
2015-06-23,2015,51.3
2015-06-24,2015,9.7
2015-06-25,2015,28.5
2015-06-26,2015,10.4
2015-06-27,2015,0.0
2015-06-28,2015,1.9
2015-07-01,2015,0.0
2015-07-03,2015,0.0
2015-07-04,2015,0.0
2015-07-05,2015,0.0
2015-07-07,2015,0.0
2015-07-08,2015,0.0
2015-07-09,2015,2.0
2015-07-10,2015,24.3
2015-07-11,2015,0.0
2015-07-12,2015,0.0
2015-07-13,2015,0.0
2015-07-14,2015,0.0
2015-07-17,2015,1.2
2015-07-18,2015,0.2
2015-07-20,2015,46.2
2015-07-21,2015,51.2
2015-07-22,2015,191.3
2015-07-23,2015,45.0
2015-07-24,2015,5.7
2015-07-25,2015,9.6
2015-07-26,2015,24.9
2015-07-27,2015,0.3
2015-07-29,2015,3.7
2015-07-30,2015,0.6
2015-07-31,2015,0.0
2015-08-01,2015,0.0
2015-08-02,2015,0.0
2015-08-03,2015,0.0
2015-08-04,2015,0.0
2015-08-05,2015,0.0
2015-08-06,2015,0.0
2015-08-07,2015,0.0
2015-08-08,2015,0.0
2015-08-09,2015,11.6
2015-08-10,2015,23.5
2015-08-11,2015,16.8
2015-08-13,2015,27.5
2015-08-14,2015,18.9
2015-08-15,2015,24.6
2015-08-16,2015,0.1
2015-08-19,2015,0.0
2015-08-20,2015,6.1
2015-08-21,2015,0.0
2015-08-23,2015,3.4
2015-08-24,2015,0.0
2015-08-25,2015,0.0
2015-08-26,2015,0.2
2015-08-27,2015,0.0
2015-08-29,2015,0.9
2015-08-30,2015,9.7
2015-09-01,2015,5.3
2015-09-02,2015,39.0
2015-09-03,2015,0.2
2015-09-04,2015,0.0
2015-09-05,2015,0.0
2015-09-06,2015,0.0
2015-09-07,2015,7.3
2015-09-08,2015,0.0
2015-09-10,2015,0.0
2015-09-13,2015,0.0
2015-09-14,2015,0.0
2015-09-15,2015,0.0
2015-09-16,2015,1.5
2015-09-19,2015,0.0
2015-09-21,2015,16.9
2015-09-22,2015,2.9
2015-09-24,2015,0.0
2015-09-25,2015,0.0
2015-09-26,2015,10.2
2015-09-27,2015,4.6
2015-09-28,2015,0.0
2015-09-29,2015,0.0
2015-10-01,2015,0.3
2015-10-02,2015,7.0
2015-10-03,2015,46.4
2015-10-04,2015,38.1
2015-10-05,2015,15.6
2015-10-06,2015,50.7
2015-10-07,2015,5.8
2015-10-08,2015,0.0
2015-10-10,2015,1.0
2015-10-11,2015,2.0
2015-10-14,2015,0.0
2015-10-15,2015,0.0
2015-10-16,2015,0.0
2015-10-17,2015,0.0
2015-10-18,2015,0.0
2015-10-19,2015,0.0
2015-10-20,2015,0.0
2015-10-22,2015,0.0
2015-10-23,2015,0.0
2015-10-25,2015,0.2
2015-10-26,2015,0.7
2015-10-27,2015,0.0
2015-10-30,2015,0.0
2015-10-31,2015,0.5
2015-11-01,2015,0.0
2015-11-07,2015,0.3
2015-11-10,2015,0.3
2015-11-11,2015,1.1
2015-11-12,2015,0.3
2015-11-13,2015,10.4
2015-11-15,2015,6.5
2015-11-16,2015,3.9
2015-11-17,2015,0.0
2015-11-18,2015,0.0
2015-11-21,2015,0.0
2015-11-23,2015,0.0
2015-11-25,2015,0.0
2015-11-26,2015,0.0
2015-11-27,2015,0.0
2015-11-28,2015,0.0
2015-11-29,2015,0.0
2015-12-01,2015,0.0
2015-12-05,2015,15.7
2015-12-06,2015,1.0
2015-12-07,2015,0.0
2015-12-08,2015,0.7
2015-12-09,2015,44.6
2015-12-11,2015,0.0
2015-12-12,2015,0.0
2015-12-16,2015,0.0
2015-12-17,2015,0.0
2015-12-18,2015,0.0
2015-12-19,2015,0.0
2015-12-20,2015,0.7
2015-12-22,2015,0.6
2015-12-25,2015,0.2
2015-12-26,2015,0.0
2015-12-27,2015,0.4
2015-12-30,2015,0.4
2016-01-02,2016,0.3
2016-01-03,2016,5.6
2016-01-05,2016,46.7
2016-01-07,2016,0.0
2016-01-08,2016,0.0
2016-01-09,2016,0.0
2016-01-10,2016,6.9
2016-01-11,2016,30.7
2016-01-12,2016,0.0
2016-01-13,2016,0.0
2016-01-14,2016,1.1
2016-01-15,2016,38.8
2016-01-16,2016,12.3
2016-01-17,2016,24.6
2016-01-18,2016,0.0
2016-01-19,2016,0.0
2016-01-20,2016,3.3
2016-01-21,2016,0.1
2016-01-22,2016,12.9
2016-01-23,2016,0.5
2016-01-24,2016,4.0
2016-01-25,2016,0.0
2016-01-27,2016,3.5
2016-01-28,2016,42.5
2016-01-29,2016,32.8
2016-01-30,2016,0.0
2016-01-31,2016,0.3
2016-02-01,2016,11.3
2016-02-04,2016,0.0
2016-02-05,2016,0.0
2016-02-06,2016,0.0
2016-02-07,2016,0.0
2016-02-08,2016,0.0
2016-02-09,2016,0.0
2016-02-10,2016,0.2
2016-02-12,2016,0.1
2016-02-13,2016,0.0
2016-02-15,2016,0.3
2016-02-16,2016,0.0
2016-02-17,2016,1.7
2016-02-18,2016,3.4
2016-02-19,2016,4.4
2016-02-20,2016,2.4
2016-02-22,2016,0.5
2016-02-23,2016,0.5
2016-02-25,2016,0.0
2016-02-28,2016,0.0
2016-02-29,2016,0.0
2016-03-01,2016,0.0
2016-03-02,2016,0.0
2016-03-03,2016,0.0
2016-03-04,2016,0.0
2016-03-06,2016,0.0
2016-03-07,2016,0.2
2016-03-08,2016,0.0
2016-03-09,2016,15.5
2016-03-10,2016,16.8
2016-03-11,2016,0.1
2016-03-12,2016,0.1
2016-03-13,2016,6.8
2016-03-14,2016,0.8
2016-03-16,2016,1.1
2016-03-17,2016,2.2
2016-03-20,2016,0.3
2016-03-21,2016,59.6
2016-03-22,2016,1.7
2016-03-23,2016,8.7
2016-03-24,2016,33.4
2016-03-25,2016,1.4
2016-03-26,2016,0.0
2016-03-27,2016,0.0
2016-03-28,2016,0.0
2016-03-31,2016,0.0
2016-04-01,2016,0.0
2016-04-03,2016,0.0
2016-04-04,2016,4.3
2016-04-06,2016,0.0
2016-04-07,2016,0.0
2016-04-10,2016,22.1
2016-04-11,2016,0.4
2016-04-12,2016,11.4
2016-04-13,2016,76.4
2016-04-14,2016,0.7
2016-04-15,2016,3.4
2016-04-18,2016,23.7
2016-04-22,2016,8.3
2016-04-23,2016,2.8
2016-04-24,2016,41.4
2016-04-25,2016,12.4
2016-04-27,2016,0.9
2016-04-28,2016,1.7
2016-04-30,2016,1.5
2016-05-01,2016,3.1
2016-05-02,2016,0.3
2016-05-03,2016,30.7
2016-05-05,2016,0.0
2016-05-06,2016,0.0
2016-05-07,2016,0.0
2016-05-08,2016,0.0
2016-05-09,2016,0.0
2016-05-10,2016,60.3
2016-05-11,2016,0.0
2016-05-14,2016,4.7
2016-05-15,2016,1.0
2016-05-16,2016,0.3
2016-05-17,2016,1.2
2016-05-18,2016,0.0
2016-05-20,2016,16.1
2016-05-21,2016,37.6
2016-05-22,2016,0.0
2016-05-26,2016,0.1
2016-05-27,2016,14.4
2016-05-28,2016,62.9
2016-05-29,2016,0.8
2016-05-30,2016,0.1
2016-05-31,2016,0.0
2016-06-01,2016,0.0
2016-06-02,2016,0.0
2016-06-04,2016,12.4
2016-06-05,2016,7.6
2016-06-06,2016,77.6
2016-06-07,2016,0.4
2016-06-08,2016,46.5
2016-06-10,2016,9.1
2016-06-11,2016,85.5
2016-06-12,2016,28.2
2016-06-13,2016,0.1
2016-06-15,2016,0.6
2016-06-16,2016,2.8
2016-06-17,2016,2.5
2016-06-18,2016,13.1
2016-06-19,2016,0.0
2016-06-21,2016,0.0
2016-06-22,2016,0.0
2016-06-23,2016,0.0
2016-06-24,2016,0.0
2016-06-25,2016,0.0
2016-06-27,2016,1.7
2016-06-28,2016,37.1
2016-06-29,2016,20.4
2016-06-30,2016,1.8
2016-07-01,2016,3.4
2016-07-02,2016,20.8
2016-07-03,2016,2.7
2016-07-04,2016,3.8
2016-07-05,2016,9.8
2016-07-06,2016,33.6
2016-07-08,2016,0.0
2016-07-09,2016,10.3
2016-07-10,2016,1.7
2016-07-11,2016,11.7
2016-07-12,2016,0.1
2016-07-13,2016,35.2
2016-07-14,2016,10.2
2016-07-15,2016,1.0
2016-07-16,2016,0.3
2016-07-17,2016,0.0
2016-07-18,2016,0.6
2016-07-19,2016,4.4
2016-07-20,2016,16.8
2016-07-21,2016,0.3
2016-07-22,2016,0.0
2016-07-23,2016,0.0
2016-07-24,2016,0.0
2016-07-25,2016,0.0
2016-07-26,2016,8.0
2016-07-28,2016,0.0
2016-07-29,2016,0.0
2016-07-31,2016,1.2
2016-08-01,2016,4.6
2016-08-02,2016,121.0
2016-08-03,2016,17.3
2016-08-04,2016,20.9
2016-08-06,2016,0.0
2016-08-07,2016,0.0
2016-08-08,2016,0.0
2016-08-09,2016,33.5
2016-08-10,2016,39.8
2016-08-11,2016,42.1
2016-08-12,2016,0.4
2016-08-14,2016,25.7
2016-08-15,2016,19.1
2016-08-16,2016,49.9
2016-08-17,2016,40.9
2016-08-18,2016,50.9
2016-08-19,2016,10.5
2016-08-20,2016,3.8
2016-08-21,2016,39.9
2016-08-22,2016,0.0
2016-08-23,2016,0.0
2016-08-24,2016,0.0
2016-08-25,2016,0.0
2016-08-26,2016,0.0
2016-08-27,2016,3.5
2016-08-28,2016,8.7
2016-08-30,2016,0.0
2016-08-31,2016,0.2
2016-09-01,2016,68.9
2016-09-02,2016,6.1
2016-09-03,2016,7.0
2016-09-05,2016,75.3
2016-09-06,2016,10.8
2016-09-07,2016,20.4
2016-09-08,2016,2.8
2016-09-09,2016,16.3
2016-09-10,2016,53.2
2016-09-11,2016,6.6
2016-09-12,2016,0.0
2016-09-13,2016,8.5
2016-09-14,2016,0.0
2016-09-15,2016,0.7
2016-09-16,2016,0.0
2016-09-17,2016,0.0
2016-09-19,2016,3.8
2016-09-20,2016,39.6
2016-09-21,2016,2.4
2016-09-22,2016,0.0
2016-09-25,2016,0.0
2016-09-27,2016,0.0
2016-09-28,2016,0.0
2016-09-29,2016,0.7
2016-09-30,2016,0.0
2016-10-01,2016,95.5
2016-10-03,2016,0.2
2016-10-04,2016,0.0
2016-10-06,2016,16.7
2016-10-07,2016,17.3
2016-10-09,2016,0.0
2016-10-10,2016,0.0
2016-10-11,2016,0.1
2016-10-12,2016,0.9
2016-10-15,2016,0.0
2016-10-16,2016,0.0
2016-10-17,2016,16.7
2016-10-18,2016,178.7
2016-10-19,2016,223.4
2016-10-20,2016,0.0
2016-10-21,2016,72.5
2016-10-22,2016,1.9
2016-10-23,2016,0.0
2016-10-26,2016,0.0
2016-10-27,2016,0.0
2016-10-28,2016,0.0
2016-10-29,2016,0.5
2016-10-30,2016,0.0
2016-10-31,2016,0.0
2016-11-01,2016,0.0
2016-11-02,2016,0.0
2016-11-03,2016,0.0
2016-11-04,2016,0.0
2016-11-05,2016,0.0
2016-11-06,2016,0.0
2016-11-07,2016,0.0
2016-11-08,2016,4.8
2016-11-09,2016,1.3
2016-11-10,2016,1.9
2016-11-12,2016,0.2
2016-11-13,2016,0.0
2016-11-14,2016,0.0
2016-11-19,2016,1.4
2016-11-21,2016,0.3
2016-11-22,2016,36.5
2016-11-23,2016,25.9
2016-11-25,2016,0.1
2016-11-26,2016,50.3
2016-11-27,2016,8.6
2016-11-28,2016,0.0
2016-11-29,2016,0.0
2016-11-30,2016,0.0
2016-12-01,2016,0.0
2016-12-02,2016,0.0
2016-12-03,2016,0.0
2016-12-05,2016,0.0
2016-12-08,2016,0.0
2016-12-09,2016,0.0
2016-12-10,2016,0.0
2016-12-15,2016,0.0
2016-12-16,2016,0.0
2016-12-17,2016,0.0
2016-12-18,2016,0.0
2016-12-19,2016,0.0
2016-12-20,2016,0.0
2016-12-21,2016,2.8
2016-12-22,2016,0.1
2016-12-24,2016,3.7
2016-12-26,2016,0.0
2016-12-27,2016,0.0
2016-12-28,2016,0.0
2016-12-29,2016,0.0
2016-12-30,2016,0.0
2016-12-31,2016,0.0
2017-01-01,2017,0.0
2017-01-02,2017,0.0
2017-01-03,2017,0.0
2017-01-04,2017,0.0
2017-01-05,2017,0.0
2017-01-06,2017,0.0
2017-01-07,2017,0.0
2017-01-08,2017,0.0
2017-01-09,2017,0.0
2017-01-10,2017,0.0
2017-01-11,2017,0.0
2017-01-13,2017,0.5
2017-01-14,2017,1.0
2017-01-15,2017,1.5
2017-01-16,2017,0.4
2017-01-17,2017,0.0
2017-01-19,2017,0.0
2017-01-21,2017,0.0
2017-01-22,2017,0.0
2017-01-23,2017,0.0
2017-01-24,2017,0.0
2017-01-25,2017,0.0
2017-01-26,2017,0.0
2017-01-27,2017,0.0
2017-01-28,2017,0.3
2017-01-29,2017,2.4
2017-01-30,2017,1.2
2017-01-31,2017,0.5
2017-02-03,2017,0.0
2017-02-04,2017,1.6
2017-02-05,2017,3.3
2017-02-07,2017,0.0
2017-02-10,2017,0.0
2017-02-11,2017,0.0
2017-02-12,2017,0.0
2017-02-13,2017,0.0
2017-02-14,2017,0.0
2017-02-15,2017,0.0
2017-02-16,2017,0.0
2017-02-17,2017,0.0
2017-02-18,2017,0.0
2017-02-19,2017,0.3
2017-02-21,2017,4.6
2017-02-22,2017,8.0
2017-02-25,2017,0.7
2017-02-26,2017,1.4
2017-02-27,2017,0.0
2017-02-28,2017,0.0
2017-03-01,2017,0.0
2017-03-02,2017,0.0
2017-03-03,2017,0.0
2017-03-04,2017,0.0
2017-03-05,2017,0.0
2017-03-08,2017,2.8
2017-03-12,2017,1.0
2017-03-13,2017,0.0
2017-03-14,2017,8.5
2017-03-18,2017,0.3
2017-03-19,2017,10.7
2017-03-21,2017,0.6
2017-03-22,2017,0.9
2017-03-23,2017,0.0
2017-03-26,2017,1.0
2017-03-27,2017,0.0
2017-03-28,2017,0.0
2017-03-29,2017,0.3
2017-03-31,2017,21.9
2017-04-01,2017,0.2
2017-04-02,2017,0.0
2017-04-03,2017,0.0
2017-04-04,2017,0.0
2017-04-05,2017,0.0
2017-04-06,2017,0.3
2017-04-07,2017,0.0
2017-04-08,2017,0.0
2017-04-09,2017,0.0
2017-04-11,2017,0.6
2017-04-12,2017,21.5
2017-04-14,2017,0.0
2017-04-15,2017,0.0
2017-04-18,2017,0.0
2017-04-19,2017,0.0
2017-04-20,2017,3.1
2017-04-21,2017,7.8
2017-04-22,2017,6.6
2017-04-23,2017,1.4
2017-04-25,2017,10.9
2017-04-26,2017,2.9
2017-04-27,2017,3.5
2017-04-28,2017,0.0
2017-04-29,2017,0.0
2017-04-30,2017,0.0
2017-05-01,2017,0.0
2017-05-02,2017,0.0
2017-05-04,2017,42.5
2017-05-05,2017,0.0
2017-05-07,2017,1.8
2017-05-08,2017,9.2
2017-05-09,2017,10.8
2017-05-10,2017,0.0
2017-05-11,2017,0.0
2017-05-13,2017,4.7
2017-05-15,2017,38.5
2017-05-16,2017,3.0
2017-05-17,2017,0.0
2017-05-18,2017,0.1
2017-05-19,2017,0.7
2017-05-20,2017,0.3
2017-05-21,2017,4.4
2017-05-22,2017,5.6
2017-05-23,2017,4.1
2017-05-24,2017,273.6
2017-05-25,2017,0.0
2017-05-26,2017,0.0
2017-05-28,2017,0.0
2017-05-29,2017,0.0
2017-05-31,2017,0.0
2017-06-03,2017,0.0
2017-06-07,2017,4.3
2017-06-08,2017,0.0
2017-06-09,2017,1.1
2017-06-12,2017,37.7
2017-06-13,2017,219.4
2017-06-14,2017,15.6
2017-06-15,2017,14.5
2017-06-16,2017,13.5
2017-06-17,2017,138.0
2017-06-18,2017,24.2
2017-06-19,2017,32.6
2017-06-20,2017,24.8
2017-06-21,2017,95.9
2017-06-23,2017,10.5
2017-06-24,2017,18.3
2017-06-25,2017,4.2
2017-06-26,2017,0.1
2017-06-27,2017,1.3
2017-06-28,2017,0.0
2017-06-29,2017,0.0
2017-06-30,2017,0.0
2017-07-01,2017,7.4
2017-07-02,2017,8.8
2017-07-03,2017,8.4
2017-07-04,2017,32.3
2017-07-05,2017,27.5
2017-07-06,2017,16.3
2017-07-07,2017,35.8
2017-07-08,2017,12.8
2017-07-09,2017,1.2
2017-07-10,2017,0.6
2017-07-11,2017,0.0
2017-07-14,2017,2.3
2017-07-15,2017,8.8
2017-07-16,2017,21.0
2017-07-17,2017,184.6
2017-07-18,2017,134.3
2017-07-19,2017,12.6
2017-07-20,2017,2.0
2017-07-21,2017,0.2
2017-07-22,2017,3.3
2017-07-23,2017,46.5
2017-07-24,2017,3.3
2017-07-26,2017,0.0
2017-07-28,2017,0.0
2017-07-29,2017,0.0
2017-07-30,2017,0.0
2017-07-31,2017,0.0
2017-08-01,2017,5.9
2017-08-02,2017,14.8
2017-08-03,2017,66.7
2017-08-04,2017,19.3
2017-08-05,2017,0.9
2017-08-06,2017,0.0
2017-08-07,2017,6.9
2017-08-08,2017,1.9
2017-08-09,2017,14.3
2017-08-10,2017,11.1
2017-08-11,2017,3.5
2017-08-12,2017,0.0
2017-08-13,2017,0.0
2017-08-15,2017,0.2
2017-08-17,2017,0.0
2017-08-18,2017,0.0
2017-08-19,2017,0.0
2017-08-20,2017,0.0
2017-08-21,2017,0.0
2017-08-22,2017,2.0
2017-08-23,2017,67.1
2017-08-25,2017,0.1
2017-08-26,2017,6.3
2017-08-27,2017,165.3
2017-08-28,2017,98.3
2017-08-29,2017,0.0
2017-08-30,2017,0.4
2017-08-31,2017,4.1
2017-09-01,2017,6.5
2017-09-02,2017,1.0
2017-09-03,2017,23.8
2017-09-04,2017,32.8
2017-09-05,2017,6.4
2017-09-07,2017,1.8
2017-09-08,2017,1.1
2017-09-09,2017,25.8
2017-09-11,2017,0.0
2017-09-12,2017,0.6
2017-09-13,2017,0.0
2017-09-14,2017,0.0
2017-09-16,2017,0.0
2017-09-17,2017,0.0
2017-09-18,2017,0.0
2017-09-19,2017,0.0
2017-09-20,2017,0.2
2017-09-22,2017,17.9
2017-09-23,2017,33.4
2017-09-24,2017,5.6
2017-09-25,2017,0.5
2017-09-26,2017,0.0
2017-09-27,2017,0.0
2017-09-28,2017,0.0
2017-09-30,2017,35.0
2017-10-01,2017,6.6
2017-10-02,2017,3.6
2017-10-03,2017,0.0
2017-10-04,2017,9.5
2017-10-06,2017,0.2
2017-10-07,2017,0.0
2017-10-08,2017,0.0
2017-10-11,2017,0.2
2017-10-12,2017,0.0
2017-10-13,2017,0.0
2017-10-14,2017,0.4
2017-10-15,2017,20.7
2017-10-16,2017,17.1
2017-10-17,2017,41.3
2017-10-19,2017,0.0
2017-10-20,2017,0.0
2017-10-21,2017,0.0
2017-10-22,2017,0.0
2017-10-23,2017,0.0
2017-10-24,2017,0.0
2017-10-26,2017,0.0
2017-10-27,2017,0.0
2017-10-28,2017,0.0
2017-10-29,2017,0.0
2017-11-01,2017,0.0
2017-11-02,2017,0.0
2017-11-03,2017,0.0
2017-11-04,2017,0.3
2017-11-07,2017,0.3
2017-11-10,2017,0.0
2017-11-11,2017,0.0
2017-11-12,2017,14.7
2017-11-13,2017,12.5
2017-11-14,2017,0.2
2017-11-15,2017,0.0
2017-11-16,2017,0.0
2017-11-17,2017,0.0
2017-11-18,2017,1.9
2017-11-19,2017,1.0
2017-11-20,2017,0.0
2017-11-21,2017,0.0
2017-11-22,2017,0.0
2017-11-23,2017,0.0
2017-11-24,2017,0.0
2017-11-25,2017,0.0
2017-11-26,2017,0.0
2017-11-29,2017,0.0
2017-11-30,2017,0.3
2017-12-02,2017,0.0
2017-12-03,2017,0.0
2017-12-04,2017,0.0
2017-12-05,2017,0.0
2017-12-06,2017,0.0
2017-12-07,2017,0.0
2017-12-08,2017,0.0
2017-12-09,2017,0.0
2017-12-10,2017,0.0
2017-12-11,2017,0.0
2017-12-15,2017,0.0
2017-12-16,2017,0.0
2017-12-17,2017,0.0
2017-12-18,2017,0.0
2017-12-19,2017,0.0
2017-12-20,2017,0.0
2017-12-21,2017,0.0
2017-12-22,2017,0.0
2017-12-23,2017,0.0
2017-12-24,2017,0.0
2017-12-25,2017,0.0
2017-12-26,2017,0.0
2017-12-27,2017,0.0
2017-12-29,2017,0.0
2017-12-30,2017,0.0
2018-01-01,2018,0.0
2018-01-02,2018,0.0
2018-01-03,2018,0.0
2018-01-04,2018,0.2
2018-01-05,2018,0.2
2018-01-06,2018,3.7
2018-01-07,2018,16.2
2018-01-08,2018,11.6
2018-01-09,2018,9.9
2018-01-12,2018,0.0
2018-01-13,2018,0.0
2018-01-14,2018,0.0
2018-01-15,2018,0.0
2018-01-16,2018,0.0
2018-01-17,2018,0.0
2018-01-18,2018,0.0
2018-01-19,2018,0.8
2018-01-21,2018,0.0
2018-01-22,2018,0.0
2018-01-23,2018,0.0
2018-01-24,2018,0.0
2018-01-25,2018,0.0
2018-01-28,2018,0.0
2018-01-29,2018,0.1
2018-01-30,2018,0.2
2018-01-31,2018,19.3
2018-02-01,2018,0.0
2018-02-03,2018,0.0
2018-02-04,2018,0.0
2018-02-05,2018,0.0
2018-02-06,2018,0.0
2018-02-07,2018,0.0
2018-02-08,2018,0.0
2018-02-09,2018,0.0
2018-02-10,2018,0.0
2018-02-11,2018,0.0
2018-02-12,2018,0.0
2018-02-13,2018,0.0
2018-02-14,2018,0.0
2018-02-15,2018,0.0
2018-02-16,2018,0.0
2018-02-18,2018,0.0
2018-02-22,2018,2.3
2018-02-23,2018,2.0
2018-02-24,2018,0.2
2018-02-27,2018,0.0
2018-03-01,2018,0.0
2018-03-03,2018,0.0
2018-03-05,2018,0.0
2018-03-08,2018,20.3
2018-03-09,2018,0.0
2018-03-10,2018,0.0
2018-03-11,2018,0.0
2018-03-12,2018,0.0
2018-03-13,2018,0.0
2018-03-14,2018,2.4
2018-03-16,2018,0.0
2018-03-21,2018,0.0
2018-03-22,2018,0.0
2018-03-23,2018,0.0
2018-03-26,2018,0.0
2018-03-27,2018,0.0
2018-03-28,2018,0.0
2018-03-29,2018,0.0
2018-03-30,2018,0.0
2018-03-31,2018,0.0
2018-04-01,2018,0.0
2018-04-02,2018,0.0
2018-04-03,2018,0.0
2018-04-04,2018,0.0
2018-04-05,2018,0.0
2018-04-08,2018,0.0
2018-04-09,2018,0.0
2018-04-10,2018,0.0
2018-04-11,2018,0.0
2018-04-12,2018,0.0
2018-04-15,2018,17.2
2018-04-16,2018,2.0
2018-04-17,2018,0.2
2018-04-18,2018,0.1
2018-04-19,2018,0.0
2018-04-24,2018,8.2
2018-04-26,2018,0.3
2018-04-28,2018,0.1
2018-05-02,2018,0.0
2018-05-03,2018,1.9
2018-05-04,2018,0.8
2018-05-06,2018,1.0
2018-05-07,2018,6.7
2018-05-08,2018,28.4
2018-05-09,2018,5.4
2018-05-10,2018,8.0
2018-05-11,2018,1.0
2018-05-12,2018,0.0
2018-05-13,2018,0.0
2018-05-14,2018,0.0
2018-05-15,2018,0.0
2018-05-16,2018,0.0
2018-05-17,2018,0.0
2018-05-18,2018,0.0
2018-05-19,2018,0.0
2018-05-20,2018,0.0
2018-05-21,2018,0.0
2018-05-22,2018,0.0
2018-05-23,2018,0.0
2018-05-24,2018,0.0
2018-05-26,2018,0.9
2018-05-27,2018,3.4
2018-05-28,2018,0.0
2018-05-29,2018,0.0
2018-05-30,2018,0.0
2018-05-31,2018,0.0
2018-06-01,2018,0.0
2018-06-04,2018,12.4
2018-06-05,2018,28.2
2018-06-06,2018,58.3
2018-06-07,2018,47.4
2018-06-08,2018,70.2
2018-06-09,2018,4.8
2018-06-10,2018,0.0
2018-06-11,2018,0.0
2018-06-12,2018,39.6
2018-06-13,2018,109.3
2018-06-14,2018,1.3
2018-06-15,2018,0.2
2018-06-16,2018,0.0
2018-06-21,2018,2.6
2018-06-22,2018,32.9
2018-06-23,2018,25.6
2018-06-24,2018,18.1
2018-06-25,2018,6.2
2018-06-26,2018,1.7
2018-06-28,2018,0.0
2018-07-01,2018,4.1
2018-07-02,2018,2.1
2018-07-03,2018,15.4
2018-07-04,2018,3.4
2018-07-05,2018,1.5
2018-07-06,2018,5.0
2018-07-07,2018,5.2
2018-07-08,2018,14.4
2018-07-09,2018,11.3
2018-07-10,2018,1.3
2018-07-11,2018,0.0
2018-07-13,2018,50.4
2018-07-14,2018,52.7
2018-07-15,2018,67.4
2018-07-16,2018,5.8
2018-07-17,2018,6.5
2018-07-18,2018,29.6
2018-07-19,2018,17.3
2018-07-20,2018,7.1
2018-07-21,2018,0.0
2018-07-23,2018,30.8
2018-07-24,2018,0.1
2018-07-25,2018,2.7
2018-07-26,2018,3.4
2018-07-27,2018,0.3
2018-07-28,2018,0.0
2018-07-29,2018,0.0
2018-07-30,2018,0.0
2018-07-31,2018,3.3
2018-08-01,2018,2.7
2018-08-02,2018,6.1
2018-08-04,2018,5.0
2018-08-05,2018,0.5
2018-08-06,2018,0.0
2018-08-07,2018,0.0
2018-08-08,2018,0.5
2018-08-10,2018,47.9
2018-08-11,2018,51.9
2018-08-12,2018,18.9
2018-08-13,2018,0.1
2018-08-14,2018,32.9
2018-08-15,2018,2.2
2018-08-16,2018,3.2
2018-08-17,2018,36.1
2018-08-18,2018,21.8
2018-08-19,2018,31.2
2018-08-20,2018,61.1
2018-08-21,2018,25.7
2018-08-22,2018,26.4
2018-08-23,2018,24.9
2018-08-24,2018,0.1
2018-08-25,2018,0.0
2018-08-26,2018,80.2
2018-08-27,2018,27.3
2018-08-28,2018,71.6
2018-08-29,2018,23.3
2018-08-30,2018,6.3
2018-08-31,2018,7.2
2018-09-01,2018,32.0
2018-09-02,2018,9.8
2018-09-03,2018,0.3
2018-09-04,2018,0.0
2018-09-05,2018,0.1
2018-09-06,2018,0.0
2018-09-08,2018,24.6
2018-09-09,2018,16.7
2018-09-10,2018,0.2
2018-09-11,2018,0.0
2018-09-13,2018,2.5
2018-09-14,2018,0.0
2018-09-16,2018,167.5
2018-09-17,2018,12.0
2018-09-18,2018,1.2
2018-09-19,2018,0.0
2018-09-20,2018,0.0
2018-09-21,2018,0.0
2018-09-22,2018,0.0
2018-09-24,2018,72.2
2018-09-25,2018,34.5
2018-09-26,2018,9.7
2018-09-28,2018,0.0
2018-09-29,2018,0.0
2018-09-30,2018,0.0
2018-10-01,2018,2.9
2018-10-02,2018,0.0
2018-10-03,2018,0.0
2018-10-04,2018,0.0
2018-10-05,2018,0.0
2018-10-06,2018,0.0
2018-10-07,2018,0.0
2018-10-08,2018,2.0
2018-10-09,2018,0.6
2018-10-10,2018,42.8
2018-10-11,2018,0.0
2018-10-12,2018,0.3
2018-10-13,2018,0.4
2018-10-14,2018,0.6
2018-10-15,2018,31.4
2018-10-16,2018,8.9
2018-10-17,2018,1.5
2018-10-18,2018,12.6
2018-10-19,2018,0.2
2018-10-23,2018,0.1
2018-10-25,2018,0.0
2018-10-26,2018,0.0
2018-10-27,2018,0.0
2018-10-28,2018,0.0
2018-10-29,2018,0.0
2018-10-30,2018,0.0
2018-10-31,2018,0.0
2018-11-01,2018,0.0
2018-11-02,2018,0.1
2018-11-03,2018,8.3
2018-11-06,2018,0.0
2018-11-07,2018,0.0
2018-11-09,2018,0.0
2018-11-11,2018,0.0
2018-11-16,2018,1.1
2018-11-17,2018,0.5
2018-11-18,2018,0.0
2018-11-19,2018,0.0
2018-11-20,2018,0.1
2018-11-21,2018,2.4
2018-11-22,2018,0.2
2018-11-25,2018,21.0
2018-11-26,2018,15.7
2018-11-27,2018,16.3
2018-11-28,2018,7.7
2018-11-30,2018,0.0
2018-12-01,2018,0.0
2018-12-02,2018,0.0
2018-12-03,2018,0.0
2018-12-04,2018,0.0
2018-12-06,2018,0.1
2018-12-07,2018,1.0
2018-12-08,2018,0.0
2018-12-10,2018,0.2
2018-12-12,2018,0.0
2018-12-13,2018,0.0
2018-12-14,2018,0.0
2018-12-15,2018,0.0
2018-12-17,2018,0.0
2018-12-18,2018,0.0
2018-12-19,2018,0.0
2018-12-20,2018,0.0
2018-12-21,2018,0.0
2018-12-22,2018,0.0
2018-12-23,2018,10.5
2018-12-24,2018,0.1
2018-12-25,2018,0.0
2018-12-26,2018,0.0
2018-12-31,2018,0.0
2019-01-03,2019,0.1
2019-01-04,2019,0.1
2019-01-05,2019,0.0
2019-01-07,2019,0.0
2019-01-08,2019,0.2
2019-01-09,2019,0.0
2019-01-10,2019,0.0
2019-01-11,2019,0.0
2019-01-15,2019,4.0
2019-01-16,2019,0.0
2019-01-17,2019,0.0
2019-01-18,2019,0.0
2019-01-19,2019,0.2
2019-01-20,2019,0.1
2019-01-21,2019,0.0
2019-01-22,2019,0.0
2019-01-23,2019,0.0
2019-01-24,2019,0.0
2019-01-25,2019,0.0
2019-01-26,2019,0.0
2019-01-27,2019,0.0
2019-01-28,2019,0.0
2019-01-29,2019,0.0
2019-01-30,2019,0.0
2019-01-31,2019,0.0
2019-02-01,2019,0.0
2019-02-04,2019,0.0
2019-02-05,2019,0.0
2019-02-06,2019,0.0
2019-02-09,2019,0.8
2019-02-10,2019,0.8
2019-02-12,2019,0.2
2019-02-13,2019,0.0
2019-02-15,2019,0.2
2019-02-16,2019,0.0
2019-02-17,2019,0.1
2019-02-18,2019,18.1
2019-02-19,2019,31.0
2019-02-20,2019,0.2
2019-02-22,2019,1.6
2019-02-23,2019,12.3
2019-02-24,2019,3.4
2019-02-28,2019,0.0
2019-03-01,2019,0.4
2019-03-03,2019,6.3
2019-03-04,2019,10.2
2019-03-05,2019,30.3
2019-03-06,2019,45.5
2019-03-07,2019,29.6
2019-03-08,2019,11.5
2019-03-09,2019,14.5
2019-03-10,2019,4.6
2019-03-11,2019,7.6
2019-03-12,2019,0.0
2019-03-13,2019,0.0
2019-03-14,2019,6.4
2019-03-15,2019,0.4
2019-03-16,2019,0.0
2019-03-17,2019,0.0
2019-03-18,2019,0.0
2019-03-19,2019,0.0
2019-03-20,2019,0.0
2019-03-21,2019,0.0
2019-03-23,2019,3.3
2019-03-24,2019,0.3
2019-03-25,2019,1.0
2019-03-26,2019,0.0
2019-03-28,2019,0.0
2019-03-29,2019,6.9
2019-03-31,2019,7.7
2019-04-05,2019,0.0
2019-04-06,2019,0.0
2019-04-07,2019,0.0
2019-04-08,2019,0.0
2019-04-09,2019,0.0
2019-04-10,2019,0.0
2019-04-11,2019,0.7
2019-04-12,2019,6.1
2019-04-13,2019,3.8
2019-04-14,2019,10.4
2019-04-15,2019,1.1
2019-04-16,2019,9.2
2019-04-17,2019,0.0
2019-04-18,2019,6.7
2019-04-19,2019,75.8
2019-04-20,2019,43.6
2019-04-21,2019,0.3
2019-04-22,2019,0.0
2019-04-23,2019,0.0
2019-04-24,2019,0.0
2019-04-25,2019,0.0
2019-04-26,2019,0.9
2019-04-27,2019,16.6
2019-04-28,2019,3.1
2019-04-29,2019,0.0
2019-04-30,2019,7.5
2019-05-01,2019,0.2
2019-05-02,2019,0.5
2019-05-03,2019,5.3
2019-05-04,2019,8.4
2019-05-05,2019,8.3
2019-05-06,2019,11.3
2019-05-07,2019,17.0
2019-05-08,2019,25.1
2019-05-09,2019,10.0
2019-05-10,2019,0.0
2019-05-11,2019,0.0
2019-05-12,2019,0.0
2019-05-14,2019,0.0
2019-05-16,2019,0.8
2019-05-17,2019,0.1
2019-05-19,2019,0.0
2019-05-20,2019,9.0
2019-05-21,2019,3.3
2019-05-22,2019,0.7
2019-05-23,2019,6.5
2019-05-24,2019,21.5
2019-05-25,2019,2.4
2019-05-26,2019,15.1
2019-05-27,2019,27.8
2019-05-28,2019,43.9
2019-05-29,2019,3.2
2019-05-30,2019,3.2
2019-05-31,2019,11.0
2019-06-01,2019,32.6
2019-06-02,2019,3.0
2019-06-03,2019,34.1
2019-06-04,2019,38.1
2019-06-05,2019,0.0
2019-06-07,2019,0.0
2019-06-08,2019,1.1
2019-06-09,2019,4.1
2019-06-10,2019,3.3
2019-06-11,2019,111.6
2019-06-12,2019,1.5
2019-06-13,2019,55.8
2019-06-14,2019,16.5
2019-06-16,2019,0.0
2019-06-17,2019,4.7
2019-06-18,2019,11.1
2019-06-19,2019,14.0
2019-06-20,2019,0.5
2019-06-21,2019,0.7
2019-06-22,2019,0.7
2019-06-23,2019,3.2
2019-06-24,2019,16.8
2019-06-25,2019,35.4
2019-06-26,2019,0.9
2019-06-27,2019,3.5
2019-06-28,2019,2.2
2019-06-29,2019,0.6
2019-06-30,2019,33.1
2019-07-01,2019,15.3
2019-07-02,2019,19.1
2019-07-03,2019,79.1
2019-07-04,2019,13.0
2019-07-05,2019,1.3
2019-07-06,2019,1.5
2019-07-07,2019,4.3
2019-07-08,2019,0.1
2019-07-09,2019,6.0
2019-07-10,2019,14.3
2019-07-11,2019,6.0
2019-07-12,2019,2.6
2019-07-15,2019,0.0
2019-07-16,2019,0.0
2019-07-17,2019,0.0
2019-07-19,2019,22.6
2019-07-20,2019,6.4
2019-07-21,2019,0.1
2019-07-22,2019,0.4
2019-07-25,2019,1.0
2019-07-27,2019,0.0
2019-07-28,2019,0.5
2019-07-29,2019,1.0
2019-07-30,2019,12.8
2019-07-31,2019,121.1
2019-08-01,2019,98.3
2019-08-02,2019,8.2
2019-08-03,2019,28.4
2019-08-05,2019,0.0
2019-08-07,2019,0.0
2019-08-08,2019,0.0
2019-08-09,2019,0.0
2019-08-10,2019,0.0
2019-08-11,2019,1.1
2019-08-12,2019,0.4
2019-08-13,2019,9.2
2019-08-14,2019,54.4
2019-08-15,2019,5.6
2019-08-16,2019,1.1
2019-08-17,2019,42.2
2019-08-18,2019,19.0
2019-08-19,2019,0.1
2019-08-21,2019,0.0
2019-08-22,2019,0.0
2019-08-23,2019,0.7
2019-08-24,2019,0.0
2019-08-25,2019,88.4
2019-08-26,2019,178.3
2019-08-27,2019,2.9
2019-08-28,2019,0.0
2019-08-29,2019,5.9
2019-08-30,2019,8.5
2019-08-31,2019,43.7
2019-09-01,2019,8.5
2019-09-02,2019,38.4
2019-09-03,2019,12.9
2019-09-04,2019,62.2
2019-09-05,2019,31.8
2019-09-06,2019,0.2
2019-09-07,2019,0.4
2019-09-08,2019,0.4
2019-09-09,2019,0.0
2019-09-10,2019,0.0
2019-09-12,2019,0.0
2019-09-15,2019,11.0
2019-09-16,2019,4.3
2019-09-17,2019,2.1
2019-09-18,2019,18.0
2019-09-19,2019,8.7
2019-09-20,2019,0.0
2019-09-21,2019,0.0
2019-09-22,2019,0.0
2019-09-23,2019,0.0
2019-09-24,2019,0.0
2019-09-26,2019,0.0
2019-09-28,2019,0.0
2019-09-29,2019,0.0
2019-09-30,2019,0.0
2019-10-01,2019,0.0
2019-10-02,2019,0.0
2019-10-03,2019,0.0
2019-10-04,2019,0.0
2019-10-05,2019,0.0
2019-10-06,2019,46.8
2019-10-07,2019,17.9
2019-10-08,2019,4.9
2019-10-10,2019,0.0
2019-10-11,2019,0.0
2019-10-12,2019,0.3
2019-10-13,2019,13.6
2019-10-14,2019,52.1
2019-10-15,2019,10.4
2019-10-16,2019,0.0
2019-10-17,2019,0.0
2019-10-19,2019,0.0
2019-10-20,2019,3.5
2019-10-21,2019,0.0
2019-10-22,2019,0.0
2019-10-23,2019,0.0
2019-10-24,2019,0.0
2019-10-25,2019,0.0
2019-10-29,2019,0.0
2019-10-30,2019,0.0
2019-10-31,2019,0.0
2019-11-01,2019,0.0
2019-11-02,2019,0.0
2019-11-03,2019,0.0
2019-11-04,2019,0.0
2019-11-05,2019,0.0
2019-11-06,2019,0.0
2019-11-07,2019,0.0
2019-11-08,2019,0.0
2019-11-09,2019,0.0
2019-11-10,2019,0.0
2019-11-11,2019,0.0
2019-11-12,2019,0.0
2019-11-13,2019,0.0
2019-11-14,2019,0.0
2019-11-15,2019,0.0
2019-11-16,2019,0.0
2019-11-17,2019,0.0
2019-11-18,2019,0.0
2019-11-19,2019,0.0
2019-11-20,2019,0.0
2019-11-22,2019,0.0
2019-11-23,2019,0.0
2019-11-24,2019,0.0
2019-11-25,2019,0.0
2019-11-27,2019,0.0
2019-11-28,2019,0.0
2019-11-29,2019,0.0
2019-11-30,2019,0.0
2019-12-01,2019,0.0
2019-12-02,2019,0.0
2019-12-03,2019,0.0
2019-12-04,2019,0.0
2019-12-05,2019,1.4
2019-12-06,2019,0.3
2019-12-07,2019,0.0
2019-12-08,2019,0.0
2019-12-09,2019,0.0
2019-12-10,2019,0.0
2019-12-11,2019,0.0
2019-12-12,2019,0.0
2019-12-13,2019,0.0
2019-12-14,2019,0.0
2019-12-15,2019,0.0
2019-12-16,2019,0.0
2019-12-17,2019,0.0
2019-12-18,2019,0.0
2019-12-19,2019,0.1
2019-12-20,2019,0.7
2019-12-21,2019,1.4
2019-12-22,2019,0.0
2019-12-23,2019,0.0
2019-12-24,2019,0.0
2019-12-25,2019,0.0
2019-12-26,2019,0.0
2019-12-27,2019,0.0
2019-12-29,2019,9.3
2019-12-30,2019,0.3
2020-01-02,2020,0.0
2020-01-03,2020,0.0
2020-01-04,2020,0.0
2020-01-05,2020,0.0
2020-01-06,2020,0.0
2020-01-08,2020,0.0
2020-01-09,2020,0.0
2020-01-10,2020,0.0
2020-01-11,2020,0.0
2020-01-12,2020,0.0
2020-01-13,2020,0.0
2020-01-14,2020,0.0
2020-01-15,2020,0.1
2020-01-17,2020,0.0
2020-01-18,2020,0.0
2020-01-19,2020,0.0
2020-01-20,2020,0.0
2020-01-21,2020,0.0
2020-01-23,2020,0.0
2020-01-25,2020,2.1
2020-01-26,2020,12.3
2020-01-27,2020,0.2
2020-01-28,2020,0.1
2020-01-29,2020,0.0
2020-01-30,2020,0.0
2020-01-31,2020,0.0
2020-02-01,2020,0.0
2020-02-02,2020,0.0
2020-02-04,2020,0.8
2020-02-05,2020,1.0
2020-02-07,2020,0.0
2020-02-08,2020,0.0
2020-02-10,2020,0.0
2020-02-11,2020,0.8
2020-02-12,2020,0.0
2020-02-13,2020,41.6
2020-02-14,2020,9.7
2020-02-16,2020,25.5
2020-02-17,2020,0.0
2020-02-18,2020,0.0
2020-02-19,2020,0.0
2020-02-20,2020,0.0
2020-02-21,2020,0.0
2020-02-22,2020,0.0
2020-02-23,2020,0.0
2020-02-24,2020,0.0
2020-02-26,2020,0.0
2020-02-27,2020,0.4
2020-02-28,2020,0.0
2020-02-29,2020,0.0
2020-03-01,2020,0.0
2020-03-04,2020,3.1
2020-03-05,2020,0.4
2020-03-13,2020,0.0
2020-03-14,2020,0.4
2020-03-15,2020,0.0
2020-03-16,2020,0.0
2020-03-17,2020,0.0
2020-03-18,2020,10.7
2020-03-19,2020,0.8
2020-03-20,2020,0.4
2020-03-21,2020,0.2
2020-03-22,2020,0.0
2020-03-23,2020,0.0
2020-03-26,2020,1.0
2020-03-28,2020,9.8
2020-03-29,2020,2.2
2020-03-30,2020,6.5
2020-03-31,2020,5.8
2020-04-01,2020,0.2
2020-04-02,2020,0.4
2020-04-03,2020,0.6
2020-04-04,2020,1.1
2020-04-05,2020,4.6
2020-04-06,2020,21.5
2020-04-08,2020,0.0
2020-04-09,2020,0.0
2020-04-10,2020,0.0
2020-04-11,2020,20.5
2020-04-12,2020,0.4
2020-04-13,2020,0.0
2020-04-14,2020,0.0
2020-04-15,2020,0.0
2020-04-16,2020,0.0
2020-04-17,2020,0.0
2020-04-19,2020,0.0
2020-04-20,2020,0.0
2020-04-21,2020,0.0
2020-04-22,2020,25.8
2020-04-23,2020,1.3
2020-04-24,2020,0.6
2020-04-25,2020,0.1
2020-04-26,2020,0.7
2020-04-27,2020,0.0
2020-04-28,2020,0.0
2020-04-29,2020,0.0
2020-04-30,2020,0.0
2020-05-01,2020,0.0
2020-05-02,2020,0.0
2020-05-03,2020,0.0
2020-05-04,2020,0.0
2020-05-05,2020,0.0
2020-05-06,2020,0.0
2020-05-07,2020,0.0
2020-05-08,2020,0.1
2020-05-09,2020,0.1
2020-05-10,2020,0.8
2020-05-11,2020,14.8
2020-05-12,2020,3.6
2020-05-13,2020,0.3
2020-05-14,2020,0.1
2020-05-15,2020,0.0
2020-05-16,2020,0.0
2020-05-18,2020,46.7
2020-05-19,2020,0.0
2020-05-20,2020,4.3
2020-05-21,2020,84.6
2020-05-22,2020,17.0
2020-05-23,2020,1.5
2020-05-25,2020,32.4
2020-05-26,2020,14.4
2020-05-27,2020,0.1
2020-05-28,2020,0.2
2020-05-29,2020,0.2
2020-05-30,2020,131.3
2020-06-02,2020,6.4
2020-06-05,2020,2.6
2020-06-06,2020,183.8
2020-06-07,2020,107.4
2020-06-08,2020,40.9
2020-06-09,2020,1.3
2020-06-10,2020,0.2
2020-06-12,2020,0.0
2020-06-13,2020,11.7
2020-06-14,2020,29.3
2020-06-15,2020,0.2
2020-06-16,2020,9.4
2020-06-17,2020,0.9
2020-06-18,2020,0.1
2020-06-20,2020,0.0
2020-06-23,2020,0.0
2020-06-24,2020,0.0
2020-06-25,2020,0.1
2020-06-26,2020,1.3
2020-06-27,2020,1.2
2020-06-29,2020,0.4
2020-07-01,2020,1.1
2020-07-02,2020,9.3
2020-07-03,2020,29.5
2020-07-04,2020,8.3
2020-07-05,2020,1.3
2020-07-06,2020,4.1
2020-07-07,2020,0.7
2020-07-08,2020,0.6
2020-07-10,2020,0.0
2020-07-11,2020,0.0
2020-07-12,2020,0.0
2020-07-13,2020,0.0
2020-07-14,2020,0.0
2020-07-15,2020,0.0
2020-07-16,2020,2.4
2020-07-17,2020,2.5
2020-07-18,2020,2.2
2020-07-19,2020,0.0
2020-07-20,2020,3.1
2020-07-21,2020,0.0
2020-07-22,2020,2.5
2020-07-24,2020,0.0
2020-07-25,2020,0.0
2020-07-27,2020,2.3
2020-07-28,2020,3.0
2020-07-29,2020,2.6
2020-07-30,2020,13.3
2020-07-31,2020,36.6
2020-08-01,2020,28.3
2020-08-02,2020,25.6
2020-08-03,2020,46.9
2020-08-04,2020,4.7
2020-08-05,2020,53.3
2020-08-06,2020,1.7
2020-08-07,2020,0.2
2020-08-08,2020,0.0
2020-08-09,2020,0.0
2020-08-10,2020,0.0
2020-08-11,2020,0.6
2020-08-12,2020,29.4
2020-08-13,2020,16.5
2020-08-14,2020,9.3
2020-08-15,2020,0.0
2020-08-17,2020,16.6
2020-08-18,2020,52.7
2020-08-19,2020,119.5
2020-08-21,2020,0.0
2020-08-22,2020,0.0
2020-08-23,2020,0.0
2020-08-24,2020,0.0
2020-08-25,2020,1.1
2020-08-26,2020,12.3
2020-08-27,2020,3.1
2020-08-28,2020,22.6
2020-08-29,2020,3.2
2020-08-30,2020,0.6
2020-08-31,2020,0.2
2020-09-01,2020,1.1
2020-09-02,2020,0.4
2020-09-03,2020,0.4
2020-09-04,2020,0.1
2020-09-05,2020,43.9
2020-09-06,2020,0.0
2020-09-07,2020,4.7
2020-09-08,2020,68.9
2020-09-09,2020,0.2
2020-09-10,2020,8.2
2020-09-11,2020,2.7
2020-09-12,2020,27.9
2020-09-13,2020,5.7
2020-09-14,2020,38.2
2020-09-15,2020,62.6
2020-09-16,2020,4.4
2020-09-17,2020,40.6
2020-09-18,2020,15.9
2020-09-19,2020,50.8
2020-09-20,2020,0.7
2020-09-21,2020,176.8
2020-09-22,2020,0.5
2020-09-23,2020,0.0
2020-09-24,2020,0.6
2020-09-25,2020,0.0
2020-09-27,2020,1.3
2020-09-28,2020,26.2
2020-09-29,2020,21.9
2020-09-30,2020,104.1
2020-10-01,2020,0.1
2020-10-02,2020,0.0
2020-10-03,2020,0.0
2020-10-04,2020,0.0
2020-10-05,2020,106.1
2020-10-06,2020,2.7
2020-10-07,2020,0.0
2020-10-08,2020,0.0
2020-10-11,2020,0.0
2020-10-12,2020,0.6
2020-10-13,2020,26.0
2020-10-14,2020,1.2
2020-10-15,2020,0.0
2020-10-17,2020,0.2
2020-10-18,2020,0.7
2020-10-19,2020,0.0
2020-10-20,2020,0.0
2020-10-21,2020,0.0
2020-10-22,2020,0.0
2020-10-23,2020,0.0
2020-10-25,2020,0.0
2020-10-26,2020,0.0
2020-10-27,2020,0.0
2020-10-28,2020,4.7
2020-10-29,2020,0.1
2020-10-31,2020,0.0
2020-11-01,2020,0.0
2020-11-02,2020,0.0
2020-11-03,2020,0.1
2020-11-04,2020,0.4
2020-11-05,2020,0.0
2020-11-06,2020,0.0
2020-11-07,2020,0.0
2020-11-08,2020,0.0
2020-11-10,2020,0.0
2020-11-11,2020,0.0
2020-11-12,2020,0.0
2020-11-13,2020,0.4
2020-11-14,2020,0.0
2020-11-16,2020,0.0
2020-11-18,2020,1.0
2020-11-20,2020,0.0
2020-11-21,2020,2.0
2020-11-22,2020,1.1
2020-11-24,2020,0.0
2020-11-25,2020,0.0
2020-11-26,2020,0.0
2020-11-27,2020,0.0
2020-11-28,2020,0.0
2020-11-29,2020,0.0
2020-11-30,2020,0.1
2020-12-01,2020,0.0
2020-12-02,2020,0.0
2020-12-03,2020,0.0
2020-12-04,2020,0.0
2020-12-05,2020,0.0
2020-12-06,2020,0.0
2020-12-07,2020,0.0
2020-12-08,2020,0.0
2020-12-10,2020,0.3
2020-12-13,2020,0.0
2020-12-16,2020,0.0
2020-12-17,2020,0.0
2020-12-18,2020,0.0
2020-12-19,2020,0.0
2020-12-20,2020,0.0
2020-12-21,2020,0.0
2020-12-22,2020,0.0
2020-12-23,2020,1.2
2020-12-24,2020,0.0
2020-12-25,2020,0.0
2020-12-26,2020,0.0
2020-12-27,2020,0.0
2020-12-28,2020,0.0
2020-12-29,2020,0.0
2020-12-30,2020,0.0
2020-12-31,2020,0.0
2021-01-01,2021,0.0
2021-01-02,2021,0.0
2021-01-03,2021,0.0
2021-01-04,2021,0.0
2021-01-05,2021,0.0
2021-01-06,2021,0.0
2021-01-07,2021,0.0
2021-01-08,2021,0.0
2021-01-09,2021,0.0
2021-01-10,2021,0.0
2021-01-11,2021,0.0
2021-01-12,2021,0.0
2021-01-13,2021,0.0
2021-01-14,2021,0.0
2021-01-15,2021,0.0
2021-01-16,2021,0.0
2021-01-17,2021,0.0
2021-01-18,2021,0.0
2021-01-19,2021,0.0
2021-01-20,2021,0.0
2021-01-21,2021,0.0
2021-01-22,2021,0.0
2021-01-23,2021,0.0
2021-01-25,2021,0.0
2021-01-26,2021,0.0
2021-01-27,2021,0.0
2021-01-28,2021,0.0
2021-01-29,2021,0.0
2021-01-30,2021,0.0
2021-01-31,2021,0.0
2021-02-01,2021,0.0
2021-02-02,2021,0.0
2021-02-03,2021,0.0
2021-02-04,2021,0.0
2021-02-05,2021,0.0
2021-02-06,2021,0.0
2021-02-07,2021,0.0
2021-02-08,2021,0.0
2021-02-10,2021,32.2
2021-02-11,2021,0.0
2021-02-12,2021,0.0
2021-02-13,2021,0.0
2021-02-14,2021,0.0
2021-02-15,2021,0.0
2021-02-16,2021,0.0
2021-02-17,2021,0.0
2021-02-18,2021,0.0
2021-02-19,2021,0.0
2021-02-20,2021,0.0
2021-02-21,2021,0.0
2021-02-22,2021,0.0
2021-02-23,2021,0.0
2021-02-25,2021,1.8
2021-02-26,2021,14.7
2021-02-27,2021,13.4
2021-03-03,2021,0.3
2021-03-04,2021,1.0
2021-03-06,2021,1.5
2021-03-07,2021,0.2
2021-03-08,2021,0.3
2021-03-09,2021,0.0
2021-03-11,2021,0.0
2021-03-12,2021,0.0
2021-03-14,2021,0.0
2021-03-15,2021,0.0
2021-03-16,2021,0.0
2021-03-18,2021,0.2
2021-03-20,2021,0.0
2021-03-21,2021,0.0
2021-03-23,2021,0.0
2021-03-24,2021,0.0
2021-03-25,2021,0.0
2021-03-26,2021,0.0
2021-03-27,2021,0.0
2021-03-28,2021,0.0
2021-03-29,2021,0.0
2021-03-30,2021,0.0
2021-03-31,2021,0.0
2021-04-02,2021,0.0
2021-04-03,2021,0.0
2021-04-04,2021,0.8
2021-04-05,2021,0.7
2021-04-06,2021,0.0
2021-04-07,2021,0.0
2021-04-08,2021,0.0
2021-04-09,2021,7.5
2021-04-10,2021,0.0
2021-04-11,2021,0.0
2021-04-12,2021,0.0
2021-04-13,2021,0.0
2021-04-15,2021,8.3
2021-04-16,2021,1.5
2021-04-17,2021,2.5
2021-04-19,2021,0.0
2021-04-20,2021,0.0
2021-04-21,2021,0.0
2021-04-22,2021,0.0
2021-04-23,2021,0.0
2021-04-25,2021,0.9
2021-04-26,2021,0.3
2021-04-27,2021,5.7
2021-04-28,2021,4.2
2021-04-29,2021,0.1
2021-04-30,2021,0.0
2021-05-01,2021,0.0
2021-05-02,2021,1.2
2021-05-03,2021,8.8
2021-05-04,2021,12.5
2021-05-05,2021,0.5
2021-05-07,2021,0.0
2021-05-08,2021,0.0
2021-05-09,2021,0.0
2021-05-10,2021,0.0
2021-05-13,2021,3.9
2021-05-14,2021,0.0
2021-05-15,2021,0.0
2021-05-17,2021,0.0
2021-05-18,2021,1.3
2021-05-19,2021,0.0
2021-05-20,2021,0.0
2021-05-22,2021,2.6
2021-05-24,2021,15.7
2021-05-25,2021,4.8
2021-05-26,2021,4.0
2021-05-27,2021,1.0
2021-05-28,2021,0.0
2021-05-29,2021,0.0
2021-05-31,2021,8.7
2021-06-01,2021,45.8
2021-06-02,2021,2.4
2021-06-03,2021,0.0
2021-06-04,2021,7.5
2021-06-08,2021,0.9
2021-06-09,2021,48.6
2021-06-10,2021,29.4
2021-06-11,2021,31.2
2021-06-12,2021,30.3
2021-06-13,2021,2.8
2021-06-14,2021,0.3
2021-06-15,2021,6.2
2021-06-16,2021,0.0
2021-06-17,2021,9.6
2021-06-18,2021,3.9
2021-06-20,2021,0.0
2021-06-21,2021,1.2
2021-06-22,2021,75.3
2021-06-23,2021,66.4
2021-06-24,2021,20.8
2021-06-25,2021,6.8
2021-06-26,2021,61.3
2021-06-27,2021,5.8
2021-06-28,2021,166.5
2021-06-29,2021,4.6
2021-06-30,2021,0.4
2021-07-02,2021,0.0
2021-07-04,2021,0.0
2021-07-05,2021,2.3
2021-07-06,2021,18.4
2021-07-07,2021,11.7
2021-07-08,2021,1.5
2021-07-09,2021,0.0
2021-07-10,2021,0.0
2021-07-12,2021,0.1
2021-07-13,2021,0.0
2021-07-14,2021,1.5
2021-07-15,2021,0.0
2021-07-17,2021,0.2
2021-07-18,2021,42.4
2021-07-19,2021,117.2
2021-07-20,2021,87.8
2021-07-21,2021,28.4
2021-07-22,2021,0.0
2021-07-23,2021,0.0
2021-07-24,2021,26.5
2021-07-25,2021,8.9
2021-07-26,2021,0.0
2021-07-29,2021,7.8
2021-07-30,2021,7.9
2021-07-31,2021,16.9
2021-08-01,2021,11.6
2021-08-03,2021,19.7
2021-08-04,2021,41.9
2021-08-05,2021,28.1
2021-08-06,2021,31.0
2021-08-07,2021,0.0
2021-08-08,2021,3.1
2021-08-09,2021,36.3
2021-08-10,2021,17.3
2021-08-11,2021,3.0
2021-08-12,2021,1.0
2021-08-13,2021,5.4
2021-08-14,2021,2.2
2021-08-15,2021,5.7
2021-08-16,2021,3.9
2021-08-17,2021,0.0
2021-08-18,2021,0.0
2021-08-19,2021,34.6
2021-08-21,2021,0.0
2021-08-22,2021,0.0
2021-08-24,2021,23.7
2021-08-25,2021,1.1
2021-08-26,2021,2.2
2021-08-27,2021,29.3
2021-08-28,2021,22.0
2021-08-29,2021,13.9
2021-08-31,2021,13.5
2021-09-01,2021,5.9
2021-09-02,2021,0.0
2021-09-04,2021,0.9
2021-09-06,2021,0.0
2021-09-07,2021,0.2
2021-09-08,2021,0.0
2021-09-09,2021,0.0
2021-09-10,2021,0.0
2021-09-11,2021,0.0
2021-09-12,2021,0.0
2021-09-13,2021,0.0
2021-09-14,2021,33.8
2021-09-15,2021,0.0
2021-09-17,2021,7.6
2021-09-18,2021,0.2
2021-09-19,2021,21.2
2021-09-20,2021,9.4
2021-09-21,2021,10.2
2021-09-22,2021,0.5
2021-09-23,2021,38.4
2021-09-24,2021,1.2
2021-09-25,2021,0.1
2021-09-26,2021,0.0
2021-09-27,2021,0.0
2021-09-28,2021,0.0
2021-09-29,2021,0.0
2021-09-30,2021,0.0
2021-10-02,2021,0.0
2021-10-03,2021,1.9
2021-10-04,2021,0.0
2021-10-07,2021,43.9
2021-10-08,2021,329.7
2021-10-09,2021,130.3
2021-10-10,2021,45.1
2021-10-11,2021,0.0
2021-10-12,2021,0.2
2021-10-13,2021,57.7
2021-10-14,2021,13.3
2021-10-15,2021,4.6
2021-10-17,2021,0.0
2021-10-18,2021,0.0
2021-10-19,2021,0.0
2021-10-20,2021,0.1
2021-10-21,2021,0.7
2021-10-23,2021,0.0
2021-10-24,2021,0.0
2021-10-25,2021,0.0
2021-10-26,2021,0.0
2021-10-28,2021,0.1
2021-10-29,2021,1.1
2021-10-30,2021,2.4
2021-10-31,2021,0.0
2021-11-04,2021,0.0
2021-11-05,2021,0.0
2021-11-06,2021,0.0
2021-11-07,2021,0.0
2021-11-08,2021,2.0
2021-11-09,2021,0.0
2021-11-10,2021,0.0
2021-11-11,2021,0.0
2021-11-12,2021,0.0
2021-11-14,2021,0.0
2021-11-15,2021,0.0
2021-11-16,2021,0.0
2021-11-17,2021,0.0
2021-11-18,2021,0.0
2021-11-20,2021,0.3
2021-11-21,2021,0.0
2021-11-22,2021,3.5
2021-11-24,2021,0.0
2021-11-25,2021,0.0
2021-11-26,2021,0.0
2021-11-27,2021,0.0
2021-11-28,2021,0.0
2021-11-29,2021,0.0
2021-11-30,2021,0.0
2021-12-01,2021,0.0
2021-12-02,2021,0.0
2021-12-03,2021,0.0
2021-12-04,2021,0.0
2021-12-05,2021,0.0
2021-12-06,2021,0.0
2021-12-07,2021,0.0
2021-12-08,2021,0.0
2021-12-09,2021,0.0
2021-12-10,2021,0.0
2021-12-11,2021,0.0
2021-12-12,2021,0.0
2021-12-13,2021,0.0
2021-12-15,2021,0.2
2021-12-17,2021,0.0
2021-12-18,2021,0.0
2021-12-19,2021,0.0
2021-12-20,2021,9.4
2021-12-21,2021,2.4
2021-12-23,2021,0.8
2021-12-24,2021,1.7
2021-12-26,2021,3.5
2021-12-27,2021,1.3
2021-12-28,2021,0.2
2021-12-29,2021,0.0
2021-12-30,2021,0.0
2022-01-01,2022,0.0
2022-01-02,2022,0.0
2022-01-03,2022,0.0
2022-01-04,2022,0.0
2022-01-06,2022,0.0
2022-01-07,2022,0.0
2022-01-08,2022,0.0
2022-01-09,2022,0.0
2022-01-10,2022,0.0
2022-01-11,2022,1.2
2022-01-12,2022,0.0
2022-01-14,2022,0.0
2022-01-15,2022,0.0
2022-01-16,2022,0.0
2022-01-17,2022,0.0
2022-01-18,2022,0.2
2022-01-19,2022,0.0
2022-01-20,2022,0.0
2022-01-21,2022,0.0
2022-01-22,2022,1.5
2022-01-23,2022,0.1
2022-01-24,2022,1.0
2022-01-25,2022,0.0
2022-01-29,2022,0.1
2022-01-30,2022,0.0
2022-02-01,2022,1.2
2022-02-02,2022,1.0
2022-02-03,2022,1.0
2022-02-04,2022,0.0
2022-02-05,2022,0.0
2022-02-06,2022,0.0
2022-02-09,2022,0.0
2022-02-10,2022,0.0
2022-02-11,2022,0.0
2022-02-12,2022,0.0
2022-02-13,2022,1.2
2022-02-14,2022,1.2
2022-02-15,2022,0.0
2022-02-16,2022,0.0
2022-02-17,2022,4.0
2022-02-19,2022,21.3
2022-02-20,2022,43.4
2022-02-21,2022,43.3
2022-02-22,2022,39.9
2022-02-23,2022,11.0
2022-02-24,2022,0.0
2022-02-25,2022,0.0
2022-02-26,2022,0.0
2022-02-27,2022,0.0
2022-02-28,2022,0.0
2022-03-01,2022,0.0
2022-03-02,2022,0.0
2022-03-03,2022,0.0
2022-03-04,2022,0.0
2022-03-05,2022,0.0
2022-03-06,2022,0.0
2022-03-07,2022,4.8
2022-03-08,2022,0.0
2022-03-09,2022,0.0
2022-03-10,2022,0.0
2022-03-11,2022,0.0
2022-03-12,2022,0.0
2022-03-13,2022,0.1
2022-03-14,2022,0.0
2022-03-15,2022,0.0
2022-03-18,2022,0.0
2022-03-19,2022,0.0
2022-03-23,2022,54.8
2022-03-24,2022,1.8
2022-03-25,2022,0.7
2022-03-26,2022,0.1
2022-03-28,2022,30.3
2022-03-29,2022,0.1
2022-03-30,2022,0.0
2022-04-01,2022,0.5
2022-04-02,2022,1.3
2022-04-03,2022,0.0
2022-04-04,2022,0.0
2022-04-05,2022,0.0
2022-04-06,2022,0.0
2022-04-07,2022,0.0
2022-04-08,2022,0.0
2022-04-09,2022,0.0
2022-04-10,2022,0.0
2022-04-11,2022,0.0
2022-04-12,2022,0.0
2022-04-14,2022,0.0
2022-04-17,2022,0.4
2022-04-19,2022,0.8
2022-04-20,2022,0.0
2022-04-21,2022,0.0
2022-04-22,2022,0.0
2022-04-24,2022,0.0
2022-04-25,2022,0.0
2022-04-26,2022,0.0
2022-04-27,2022,0.0
2022-04-28,2022,0.0
2022-04-29,2022,0.0
2022-04-30,2022,0.5
2022-05-01,2022,32.4
2022-05-02,2022,23.4
2022-05-03,2022,0.0
2022-05-04,2022,0.0
2022-05-05,2022,0.0
2022-05-06,2022,0.0
2022-05-07,2022,0.8
2022-05-10,2022,1.4
2022-05-11,2022,61.4
2022-05-12,2022,123.5
2022-05-13,2022,107.1
2022-05-14,2022,5.0
2022-05-15,2022,26.2
2022-05-16,2022,4.7
2022-05-17,2022,0.0
2022-05-18,2022,0.0
2022-05-19,2022,0.0
2022-05-20,2022,0.0
2022-05-21,2022,0.0
2022-05-22,2022,0.6
2022-05-23,2022,11.2
2022-05-24,2022,10.3
2022-05-25,2022,1.3
2022-05-26,2022,2.4
2022-05-27,2022,24.7
2022-05-31,2022,0.1
2022-06-01,2022,1.2
2022-06-02,2022,11.9
2022-06-03,2022,1.6
2022-06-06,2022,2.5
2022-06-07,2022,33.8
2022-06-08,2022,66.0
2022-06-09,2022,28.7
2022-06-10,2022,25.8
2022-06-11,2022,47.5
2022-06-12,2022,2.6
2022-06-13,2022,0.0
2022-06-14,2022,42.8
2022-06-15,2022,11.0
2022-06-16,2022,2.6
2022-06-17,2022,1.0
2022-06-18,2022,1.3
2022-06-19,2022,0.1
2022-06-20,2022,2.8
2022-06-22,2022,0.0
2022-06-23,2022,0.0
2022-06-24,2022,0.0
2022-06-25,2022,0.0
2022-06-26,2022,0.3
2022-06-27,2022,0.1
2022-06-28,2022,0.0
2022-06-29,2022,0.7
2022-06-30,2022,64.9
2022-07-01,2022,63.0
2022-07-02,2022,72.4
2022-07-03,2022,0.0
2022-07-04,2022,0.4
2022-07-05,2022,0.2
2022-07-06,2022,0.5
2022-07-07,2022,13.1
2022-07-11,2022,0.0
2022-07-12,2022,0.0
2022-07-13,2022,0.0
2022-07-14,2022,0.0
2022-07-15,2022,0.2
2022-07-16,2022,1.5
2022-07-17,2022,1.2
2022-07-18,2022,2.7
2022-07-20,2022,0.6
2022-07-21,2022,0.3
2022-07-22,2022,0.0
2022-07-23,2022,0.0
2022-07-24,2022,0.0
2022-07-25,2022,0.0
2022-07-26,2022,0.0
2022-07-27,2022,0.0
2022-07-28,2022,0.0
2022-07-29,2022,0.0
2022-07-30,2022,2.4
2022-07-31,2022,0.0
2022-08-01,2022,0.0
2022-08-02,2022,0.2
2022-08-03,2022,34.9
2022-08-04,2022,14.9
2022-08-05,2022,165.5
2022-08-06,2022,5.5
2022-08-07,2022,2.8
2022-08-08,2022,33.3
2022-08-09,2022,72.0
2022-08-10,2022,49.7
2022-08-11,2022,12.4
2022-08-12,2022,76.0
2022-08-13,2022,0.0
2022-08-14,2022,0.0
2022-08-15,2022,0.0
2022-08-16,2022,9.1
2022-08-17,2022,29.8
2022-08-18,2022,22.1
2022-08-19,2022,4.8
2022-08-20,2022,8.4
2022-08-21,2022,1.9
2022-08-22,2022,0.0
2022-08-23,2022,0.0
2022-08-24,2022,5.5
2022-08-25,2022,48.1
2022-08-26,2022,0.1
2022-08-27,2022,0.0
2022-08-28,2022,0.0
2022-08-29,2022,0.0
2022-08-30,2022,13.1
2022-08-31,2022,4.7
2022-09-01,2022,2.8
2022-09-02,2022,0.0
2022-09-03,2022,0.0
2022-09-04,2022,0.0
2022-09-05,2022,0.0
2022-09-06,2022,0.0
2022-09-07,2022,8.6
2022-09-09,2022,0.0
2022-09-11,2022,0.0
2022-09-12,2022,0.0
2022-09-13,2022,0.0
2022-09-14,2022,0.0
2022-09-15,2022,0.0
2022-09-18,2022,20.3
2022-09-19,2022,3.3
2022-09-20,2022,3.5
2022-09-21,2022,8.5
2022-09-22,2022,0.0
2022-09-23,2022,13.4
2022-09-24,2022,0.0
2022-09-25,2022,0.0
2022-09-26,2022,0.0
2022-09-28,2022,0.0
2022-09-29,2022,8.1
2022-09-30,2022,102.7
2022-10-01,2022,2.6
2022-10-03,2022,0.0
2022-10-04,2022,0.0
2022-10-07,2022,22.8
2022-10-09,2022,4.8
2022-10-10,2022,0.0
2022-10-11,2022,0.0
2022-10-12,2022,0.0
2022-10-13,2022,0.0
2022-10-14,2022,0.0
2022-10-15,2022,0.0
2022-10-16,2022,0.0
2022-10-18,2022,19.7
2022-10-19,2022,0.0
2022-10-20,2022,0.0
2022-10-21,2022,0.0
2022-10-23,2022,0.0
2022-10-24,2022,0.0
2022-10-25,2022,0.0
2022-10-26,2022,0.0
2022-10-27,2022,0.0
2022-10-28,2022,0.0
2022-10-29,2022,0.0
2022-10-30,2022,0.0
2022-10-31,2022,0.0
2022-11-01,2022,4.5
2022-11-02,2022,23.7
2022-11-03,2022,58.1
2022-11-04,2022,4.0
2022-11-06,2022,6.6
2022-11-07,2022,1.6
2022-11-08,2022,7.7
2022-11-09,2022,0.0
2022-11-10,2022,0.0
2022-11-11,2022,0.0
2022-11-13,2022,0.0
2022-11-14,2022,0.0
2022-11-15,2022,0.0
2022-11-16,2022,0.0
2022-11-17,2022,0.0
2022-11-18,2022,0.0
2022-11-19,2022,0.0
2022-11-20,2022,0.0
2022-11-21,2022,0.5
2022-11-22,2022,2.5
2022-11-23,2022,3.4
2022-11-24,2022,9.6
2022-11-25,2022,4.8
2022-11-26,2022,0.5
2022-11-27,2022,1.9
2022-11-28,2022,1.4
2022-11-29,2022,0.0
2022-11-30,2022,0.0
2022-12-02,2022,0.0
2022-12-03,2022,0.0
2022-12-04,2022,0.0
2022-12-05,2022,0.0
2022-12-06,2022,0.0
2022-12-08,2022,0.0
2022-12-09,2022,0.0
2022-12-10,2022,0.0
2022-12-11,2022,0.0
2022-12-13,2022,3.2
2022-12-14,2022,8.7
2022-12-15,2022,3.8
2022-12-16,2022,0.9
2022-12-17,2022,9.1
2022-12-19,2022,0.0
2022-12-20,2022,0.0
2022-12-22,2022,0.0
2022-12-23,2022,0.0
2022-12-24,2022,0.0
2022-12-25,2022,0.0
2022-12-26,2022,0.0
2022-12-27,2022,0.0
2022-12-28,2022,0.0
2022-12-30,2022,0.0
2022-12-31,2022,0.0
2023-01-01,2023,0.1
2023-01-05,2023,0.0
2023-01-06,2023,0.0
2023-01-07,2023,0.0
2023-01-09,2023,0.1
2023-01-10,2023,5.5
2023-01-11,2023,3.2
2023-01-12,2023,0.5
2023-01-13,2023,4.5
2023-01-14,2023,3.4
2023-01-16,2023,0.0
2023-01-17,2023,0.0
2023-01-18,2023,0.0
2023-01-19,2023,0.0
2023-01-22,2023,0.6
2023-01-23,2023,0.0
2023-01-24,2023,0.3
2023-01-25,2023,0.0
2023-01-26,2023,0.0
2023-01-27,2023,0.0
2023-01-28,2023,0.0
2023-01-29,2023,0.0
2023-01-30,2023,0.0
2023-01-31,2023,0.0
2023-02-01,2023,0.0
2023-02-02,2023,0.0
2023-02-03,2023,0.0
2023-02-04,2023,0.4
2023-02-06,2023,0.1
2023-02-09,2023,0.1
2023-02-10,2023,0.1
2023-02-11,2023,0.9
2023-02-14,2023,0.0
2023-02-15,2023,0.0
2023-02-16,2023,0.0
2023-02-17,2023,0.0
2023-02-18,2023,0.0
2023-02-20,2023,0.0
2023-02-21,2023,0.0
2023-02-22,2023,0.0
2023-02-23,2023,0.0
2023-02-24,2023,0.0
2023-02-25,2023,0.0
2023-02-26,2023,0.0
2023-02-27,2023,0.0
2023-02-28,2023,0.0
2023-03-01,2023,0.0
2023-03-02,2023,0.0
2023-03-03,2023,0.0
2023-03-04,2023,0.0
2023-03-05,2023,0.0
2023-03-06,2023,0.0
2023-03-07,2023,0.0
2023-03-08,2023,0.0
2023-03-09,2023,0.0
2023-03-10,2023,0.0
2023-03-11,2023,0.0
2023-03-12,2023,0.1
2023-03-14,2023,0.0
2023-03-15,2023,0.0
2023-03-17,2023,0.5
2023-03-18,2023,0.0
2023-03-19,2023,0.6
2023-03-20,2023,0.3
2023-03-23,2023,0.0
2023-03-24,2023,0.0
2023-03-25,2023,53.5
2023-03-26,2023,5.9
2023-03-27,2023,6.3
2023-03-29,2023,0.9
2023-03-30,2023,0.3
2023-03-31,2023,1.9
2023-04-01,2023,0.7
2023-04-02,2023,0.7
2023-04-03,2023,2.1
2023-04-04,2023,4.0
2023-04-05,2023,0.4
2023-04-06,2023,5.9
2023-04-07,2023,4.4
2023-04-09,2023,2.6
2023-04-10,2023,0.0
2023-04-11,2023,0.0
2023-04-12,2023,0.0
2023-04-13,2023,0.0
2023-04-14,2023,0.0
2023-04-15,2023,0.0
2023-04-16,2023,0.0
2023-04-19,2023,26.5
2023-04-20,2023,18.2
2023-04-21,2023,4.3
2023-04-22,2023,0.7
2023-04-23,2023,0.4
2023-04-24,2023,1.0
2023-04-25,2023,4.4
2023-04-26,2023,0.0
2023-04-27,2023,0.3
2023-04-28,2023,0.9
2023-04-30,2023,0.0
2023-05-01,2023,0.3
2023-05-02,2023,0.0
2023-05-03,2023,0.1
2023-05-04,2023,0.0
2023-05-05,2023,0.0
2023-05-06,2023,0.0
2023-05-07,2023,35.5
2023-05-08,2023,39.2
2023-05-09,2023,0.1
2023-05-10,2023,0.0
2023-05-11,2023,0.5
2023-05-13,2023,9.5
2023-05-14,2023,39.9
2023-05-15,2023,0.1
2023-05-16,2023,0.4
2023-05-17,2023,32.7
2023-05-18,2023,0.0
2023-05-19,2023,0.0
2023-05-21,2023,1.5
2023-05-22,2023,0.0
2023-05-23,2023,8.3
2023-05-24,2023,14.5
2023-05-26,2023,0.2
2023-05-27,2023,0.0
2023-05-29,2023,0.0
2023-05-30,2023,0.0
2023-06-01,2023,6.0
2023-06-02,2023,0.0
2023-06-03,2023,0.6
2023-06-04,2023,5.1
2023-06-05,2023,4.8
2023-06-06,2023,31.1
2023-06-07,2023,27.1
2023-06-08,2023,2.6
2023-06-09,2023,16.8
2023-06-10,2023,0.3
2023-06-11,2023,25.4
2023-06-12,2023,0.2
2023-06-13,2023,31.8
2023-06-14,2023,62.8
2023-06-15,2023,41.5
2023-06-16,2023,41.7
2023-06-17,2023,89.9
2023-06-18,2023,35.8
2023-06-19,2023,10.2
2023-06-20,2023,2.3
2023-06-21,2023,1.9
2023-06-22,2023,0.6
2023-06-23,2023,2.3
2023-06-24,2023,8.2
2023-06-25,2023,13.0
2023-06-26,2023,11.4
2023-06-28,2023,5.4
2023-06-29,2023,0.9
2023-06-30,2023,11.2
2023-07-01,2023,4.7
2023-07-02,2023,15.6
2023-07-03,2023,3.6
2023-07-04,2023,10.6
2023-07-07,2023,0.3
2023-07-08,2023,0.0
2023-07-10,2023,0.0
2023-07-11,2023,0.0
2023-07-12,2023,0.0
2023-07-13,2023,0.0
2023-07-14,2023,0.0
2023-07-15,2023,2.5
2023-07-16,2023,4.9
2023-07-17,2023,29.0
2023-07-18,2023,10.9
2023-07-19,2023,3.9
2023-07-20,2023,4.8
2023-07-22,2023,0.0
2023-07-24,2023,0.0
2023-07-25,2023,0.0
2023-07-26,2023,0.0
2023-07-27,2023,6.9
2023-07-28,2023,0.0
2023-07-29,2023,21.0
2023-07-30,2023,10.0
2023-07-31,2023,46.5
2023-08-02,2023,0.0
2023-08-03,2023,0.0
2023-08-04,2023,2.6
2023-08-05,2023,5.9
2023-08-07,2023,1.6
2023-08-08,2023,0.0
2023-08-10,2023,11.1
2023-08-11,2023,26.4
2023-08-12,2023,0.9
2023-08-13,2023,34.2
2023-08-14,2023,3.6
2023-08-16,2023,0.0
2023-08-18,2023,9.3
2023-08-19,2023,0.3
2023-08-20,2023,0.6
2023-08-21,2023,0.2
2023-08-22,2023,0.3
2023-08-23,2023,0.3
2023-08-24,2023,5.7
2023-08-25,2023,0.2
2023-08-26,2023,0.0
2023-08-27,2023,2.2
2023-08-28,2023,0.5
2023-08-29,2023,34.4
2023-08-30,2023,0.0
2023-08-31,2023,0.4
2023-09-01,2023,98.9
2023-09-02,2023,80.4
2023-09-03,2023,0.1
2023-09-05,2023,0.4
2023-09-06,2023,0.0
2023-09-07,2023,215.7
2023-09-08,2023,425.0
2023-09-09,2023,9.8
2023-09-10,2023,67.4
2023-09-11,2023,20.5
2023-09-12,2023,0.9
2023-09-13,2023,2.5
2023-09-14,2023,103.5
2023-09-15,2023,28.5
2023-09-16,2023,4.3
2023-09-17,2023,0.0
2023-09-18,2023,0.0
2023-09-19,2023,0.0
2023-09-20,2023,0.0
2023-09-21,2023,0.0
2023-09-23,2023,0.0
2023-09-24,2023,0.0
2023-09-25,2023,1.5
2023-09-26,2023,0.0
2023-09-28,2023,0.0
2023-09-29,2023,7.7
2023-09-30,2023,0.0
2023-10-01,2023,0.0
2023-10-02,2023,0.4
2023-10-04,2023,0.0
2023-10-05,2023,0.0
2023-10-07,2023,1.9
2023-10-08,2023,92.2
2023-10-09,2023,369.7
2023-10-10,2023,2.3
2023-10-11,2023,0.0
2023-10-12,2023,0.0
2023-10-13,2023,0.0
2023-10-14,2023,0.0
2023-10-15,2023,0.1
2023-10-16,2023,0.0
2023-10-18,2023,38.3
2023-10-19,2023,27.9
2023-10-20,2023,0.2
2023-10-24,2023,0.0
2023-10-25,2023,0.0
2023-10-26,2023,0.0
2023-10-27,2023,0.0
2023-10-28,2023,9.5
2023-10-29,2023,3.5
2023-10-31,2023,0.0
2023-11-01,2023,0.0
2023-11-02,2023,0.0
2023-11-03,2023,0.0
2023-11-04,2023,0.0
2023-11-05,2023,0.0
2023-11-06,2023,0.0
2023-11-07,2023,0.0
2023-11-08,2023,0.0
2023-11-10,2023,0.0
2023-11-11,2023,2.5
2023-11-12,2023,0.6
2023-11-13,2023,0.0
2023-11-14,2023,0.0
2023-11-15,2023,0.0
2023-11-16,2023,0.0
2023-11-17,2023,0.0
2023-11-18,2023,0.0
2023-11-19,2023,0.0
2023-11-20,2023,0.0
2023-11-21,2023,0.0
2023-11-22,2023,0.0
2023-11-23,2023,0.0
2023-11-24,2023,0.0
2023-11-25,2023,0.0
2023-11-26,2023,0.0
2023-11-27,2023,0.0
2023-11-29,2023,0.2
2023-11-30,2023,0.0
2023-12-01,2023,0.0
2023-12-02,2023,0.0
2023-12-05,2023,0.0
2023-12-07,2023,0.0
2023-12-08,2023,0.0
2023-12-09,2023,0.0
2023-12-11,2023,0.3
2023-12-12,2023,0.3
2023-12-15,2023,0.0
2023-12-16,2023,0.1
2023-12-17,2023,0.0
2023-12-19,2023,0.0
2023-12-20,2023,0.0
2023-12-21,2023,0.0
2023-12-22,2023,0.0
2023-12-23,2023,0.2
2023-12-24,2023,0.0
2023-12-25,2023,0.0
2023-12-26,2023,0.0
2023-12-29,2023,0.0
2023-12-31,2023,0.0
2024-01-01,2024,0.0
2024-01-02,2024,0.0
2024-01-03,2024,0.0
2024-01-04,2024,0.0
2024-01-05,2024,0.0
2024-01-06,2024,0.0
2024-01-07,2024,0.0
2024-01-10,2024,0.0
2024-01-12,2024,0.0
2024-01-13,2024,0.0
2024-01-14,2024,0.0
2024-01-15,2024,0.0
2024-01-16,2024,0.0
2024-01-17,2024,0.1
2024-01-18,2024,0.0
2024-01-19,2024,0.0
2024-01-20,2024,0.0
2024-01-22,2024,0.5
2024-01-23,2024,2.7
2024-01-24,2024,0.0
2024-01-25,2024,0.0
2024-01-26,2024,0.0
2024-01-27,2024,1.0
2024-01-28,2024,2.4
2024-02-01,2024,0.2
2024-02-06,2024,0.6
2024-02-08,2024,2.2
2024-02-09,2024,0.6
2024-02-10,2024,0.5
2024-02-11,2024,0.0
2024-02-12,2024,0.0
2024-02-13,2024,0.0
2024-02-14,2024,0.0
2024-02-15,2024,0.0
2024-02-18,2024,0.0
2024-02-19,2024,0.0
2024-02-20,2024,0.0
2024-02-21,2024,0.0
2024-02-22,2024,0.0
2024-02-25,2024,0.0
2024-03-02,2024,0.3
2024-03-03,2024,0.2
2024-03-04,2024,1.4
2024-03-06,2024,0.1
2024-03-08,2024,0.2
2024-03-09,2024,2.1
2024-03-10,2024,4.6
2024-03-11,2024,11.7
2024-03-12,2024,0.0
2024-03-14,2024,0.0
2024-03-15,2024,0.0
2024-03-17,2024,0.0
2024-03-18,2024,0.6
2024-03-19,2024,0.3
2024-03-20,2024,0.0
2024-03-23,2024,0.0
2024-03-24,2024,0.0
2024-03-25,2024,0.0
2024-03-26,2024,0.0
2024-03-28,2024,0.0
2024-03-31,2024,0.1
2024-04-02,2024,0.0
2024-04-05,2024,0.3
2024-04-06,2024,2.7
2024-04-07,2024,0.9
2024-04-08,2024,0.0
2024-04-10,2024,0.0
2024-04-11,2024,0.0
2024-04-12,2024,0.0
2024-04-13,2024,0.0
2024-04-14,2024,0.0
2024-04-15,2024,0.0
2024-04-16,2024,0.0
2024-04-17,2024,0.0
2024-04-18,2024,8.6
2024-04-19,2024,2.2
2024-04-20,2024,42.2
2024-04-21,2024,81.6
2024-04-22,2024,13.2
2024-04-23,2024,40.0
2024-04-25,2024,5.7
2024-04-26,2024,25.0
2024-04-27,2024,0.8
2024-04-28,2024,12.2
2024-04-29,2024,0.0
2024-04-30,2024,21.7
2024-05-01,2024,52.9
2024-05-02,2024,1.1
2024-05-04,2024,75.1
2024-05-05,2024,5.3
2024-05-06,2024,0.0
2024-05-07,2024,0.0
2024-05-09,2024,0.0
2024-05-12,2024,3.1
2024-05-13,2024,0.7
2024-05-14,2024,0.0
2024-05-15,2024,0.0
2024-05-16,2024,0.0
2024-05-19,2024,17.5
2024-05-20,2024,30.7
2024-05-21,2024,45.3
2024-05-23,2024,2.5
2024-05-24,2024,17.6
2024-05-25,2024,7.8
2024-05-26,2024,0.3
2024-05-27,2024,6.7
2024-05-28,2024,8.9
2024-05-29,2024,0.0
2024-05-30,2024,3.7
2024-05-31,2024,13.4
2024-06-01,2024,54.2
2024-06-02,2024,3.2
2024-06-03,2024,8.6
2024-06-04,2024,2.9
2024-06-05,2024,8.5
2024-06-07,2024,1.6
2024-06-08,2024,6.8
2024-06-09,2024,33.5
2024-06-10,2024,0.2
2024-06-11,2024,0.6
2024-06-12,2024,8.3
2024-06-13,2024,4.9
2024-06-14,2024,32.0
2024-06-15,2024,28.3
2024-06-16,2024,17.5
2024-06-18,2024,4.6
2024-06-19,2024,9.4
2024-06-20,2024,5.0
2024-06-21,2024,0.0
2024-06-22,2024,0.0
2024-06-23,2024,4.7
2024-06-24,2024,0.3
2024-06-25,2024,19.0
2024-06-26,2024,0.0
2024-06-27,2024,1.4
2024-06-28,2024,1.6
2024-06-29,2024,15.5
2024-06-30,2024,8.7
2024-07-01,2024,2.5
2024-07-02,2024,5.3
2024-07-03,2024,0.0
2024-07-04,2024,5.1
2024-07-05,2024,1.5
2024-07-06,2024,0.2
2024-07-08,2024,0.2
2024-07-10,2024,10.7
2024-07-11,2024,6.5
2024-07-12,2024,24.4
2024-07-13,2024,8.0
2024-07-14,2024,90.0
2024-07-15,2024,13.6
2024-07-16,2024,15.7
2024-07-17,2024,13.7
2024-07-18,2024,19.6
2024-07-19,2024,40.5
2024-07-20,2024,3.7
2024-07-21,2024,4.7
2024-07-22,2024,0.2
2024-07-23,2024,0.0
2024-07-24,2024,0.0
2024-07-26,2024,3.9
2024-07-27,2024,34.7
2024-07-28,2024,69.4
2024-07-29,2024,6.7
2024-07-30,2024,29.5
2024-07-31,2024,48.2
2024-08-01,2024,2.3
2024-08-02,2024,0.4
2024-08-03,2024,0.0
2024-08-04,2024,0.0
2024-08-05,2024,0.0
2024-08-06,2024,10.3
2024-08-07,2024,0.0
2024-08-08,2024,0.0
2024-08-09,2024,0.0
2024-08-11,2024,0.0
2024-08-12,2024,20.9
2024-08-13,2024,5.0
2024-08-14,2024,0.1
2024-08-15,2024,8.0
2024-08-16,2024,0.4
2024-08-17,2024,116.2
2024-08-18,2024,32.5
2024-08-19,2024,19.3
2024-08-20,2024,11.4
2024-08-21,2024,3.9
2024-08-22,2024,0.0
2024-08-23,2024,0.0
2024-08-24,2024,0.0
2024-08-25,2024,0.0
2024-08-26,2024,0.0
2024-08-27,2024,0.0
2024-08-30,2024,23.3
2024-08-31,2024,7.5
2024-09-03,2024,35.5
2024-09-04,2024,0.6
2024-09-05,2024,21.5
2024-09-06,2024,84.1
2024-09-07,2024,5.8
2024-09-08,2024,37.8
2024-09-09,2024,13.0
2024-09-10,2024,0.0
2024-09-11,2024,0.0
2024-09-12,2024,0.0
2024-09-13,2024,0.1
2024-09-14,2024,57.2
2024-09-15,2024,2.4
2024-09-16,2024,27.4
2024-09-17,2024,16.0
2024-09-19,2024,0.0
2024-09-20,2024,4.6
2024-09-21,2024,72.9
2024-09-22,2024,32.1
2024-09-23,2024,24.9
2024-09-24,2024,75.0
2024-09-25,2024,5.4
2024-09-26,2024,0.0
2024-09-27,2024,0.0
2024-09-28,2024,1.3
2024-09-29,2024,3.3
2024-09-30,2024,0.0
2024-10-01,2024,0.0
2024-10-02,2024,0.0
2024-10-03,2024,0.0
2024-10-04,2024,0.0
2024-10-05,2024,0.0
2024-10-06,2024,0.0
2024-10-07,2024,0.0
2024-10-08,2024,0.0
2024-10-11,2024,8.7
2024-10-12,2024,0.0
2024-10-13,2024,0.0
2024-10-14,2024,0.0
2024-10-15,2024,0.0
2024-10-19,2024,0.0
2024-10-20,2024,1.9
2024-10-22,2024,0.0
2024-10-23,2024,0.0
2024-10-24,2024,0.0
2024-10-25,2024,0.0
2024-10-26,2024,0.7
2024-10-30,2024,0.0
2024-10-31,2024,0.0
2024-11-01,2024,0.0
2024-11-02,2024,0.0
2024-11-03,2024,0.0
2024-11-08,2024,0.0
2024-11-09,2024,1.9
2024-11-10,2024,6.2
2024-11-11,2024,0.0
2024-11-12,2024,0.0
2024-11-13,2024,14.8
2024-11-14,2024,6.3
2024-11-15,2024,36.6
2024-11-16,2024,33.3
2024-11-17,2024,6.1
2024-11-19,2024,7.3
2024-11-20,2024,73.8
2024-11-21,2024,5.6
2024-11-24,2024,1.0
2024-11-26,2024,1.2
2024-11-27,2024,0.0
2024-11-28,2024,0.0
2024-11-29,2024,0.0
2024-11-30,2024,0.0
2024-12-01,2024,0.0
2024-12-02,2024,0.0
2024-12-03,2024,0.0
2024-12-04,2024,0.0
2024-12-05,2024,0.0
2024-12-06,2024,0.0
2024-12-07,2024,0.0
2024-12-08,2024,0.0
2024-12-09,2024,0.0
2024-12-10,2024,0.0
2024-12-11,2024,0.0
2024-12-12,2024,0.0
2024-12-13,2024,0.0
2024-12-14,2024,0.0
2024-12-16,2024,0.0
2024-12-17,2024,0.0
2024-12-18,2024,0.0
2024-12-19,2024,0.0
2024-12-20,2024,0.0
2024-12-21,2024,0.0
2024-12-22,2024,0.0
2024-12-23,2024,0.0
2024-12-24,2024,0.0
2024-12-26,2024,0.0
2024-12-27,2024,0.0
2024-12-28,2024,0.0
2024-12-29,2024,0.0
2024-12-30,2024,0.0
2025-01-02,2025,0.0
2025-01-03,2025,0.0
2025-01-06,2025,0.0
2025-01-07,2025,0.0
2025-01-08,2025,0.0
2025-01-09,2025,0.0
2025-01-10,2025,0.0
2025-01-11,2025,0.0
2025-01-12,2025,0.0
2025-01-13,2025,0.0
2025-01-14,2025,0.0
2025-01-16,2025,0.0
2025-01-17,2025,0.0
2025-01-18,2025,0.0
2025-01-19,2025,0.0
2025-01-20,2025,0.0
2025-01-21,2025,0.6
2025-01-22,2025,1.0
2025-01-23,2025,1.2
2025-01-24,2025,0.0
2025-01-26,2025,0.2
2025-01-27,2025,0.0
2025-01-28,2025,0.0
2025-01-29,2025,0.0
2025-01-30,2025,0.0
2025-01-31,2025,1.2